Route,Airline,Flight Num,Aircraft,Date,Time,Latitude,Longitude,Course,Kts,mph,feet,Rate,Reporting facility
TLV - ARN,Norwegian Air Sweden,NSZ4612,B738,6/7/2023,Thu 09:29:12 PM,31.9999,34.7949,← 256°,186,214,"2,675", ,FlightAware MLAT (5 sites)
TLV - ARN,Norwegian Air Sweden,NSZ4612,B738,6/7/2023,Thu 09:29:45 PM,31.9928,34.7646,← 259°,190,219,"3,775","1,622",FlightAware MLAT (5 sites)
TLV - ARN,Norwegian Air Sweden,NSZ4612,B738,6/7/2023,Thu 09:30:01 PM,31.9912,34.7483,← 284°,204,235,"4,000","1,059",FlightAware MLAT (5 sites)
TLV - ARN,Norwegian Air Sweden,NSZ4612,B738,6/7/2023,Thu 09:30:19 PM,31.9975,34.7291,← 291°,226,260,"4,375","1,145",FlightAware MLAT (6 sites)
TLV - ARN,Norwegian Air Sweden,NSZ4612,B738,6/7/2023,Thu 09:30:39 PM,32.0044,34.7045,← 290°,242,278,"4,725","1,014",FlightAware MLAT (7 sites)
TLV - ARN,Norwegian Air Sweden,NSZ4612,B738,6/7/2023,Thu 09:30:56 PM,32.0084,34.6849,← 290°,260,299,"5,000","1,532",FlightAware MLAT (6 sites)
TLV - ARN,Norwegian Air Sweden,NSZ4612,B738,6/7/2023,Thu 09:31:26 PM,32.0199,34.6461,← 284°,270,311,"5,925","1,950",FlightAware MLAT (6 sites)
TLV - ARN,Norwegian Air Sweden,NSZ4612,B738,6/7/2023,Thu 09:31:56 PM,32.0319,34.6022,← 285°,274,315,"6,950","1,650",FlightAware MLAT (6 sites)
TLV - ARN,Norwegian Air Sweden,NSZ4612,B738,6/7/2023,Thu 09:32:26 PM,32.0398,34.557,← 285°,278,320,"7,575","1,082",FlightAware MLAT (4 sites)
TLV - ARN,Norwegian Air Sweden,NSZ4612,B738,6/7/2023,Thu 09:32:57 PM,32.0531,34.5071,← 285°,280,322,"8,050",639,FlightAware MLAT (7 sites)
TLV - ARN,Norwegian Air Sweden,NSZ4612,B738,6/7/2023,Thu 09:33:27 PM,32.068,34.4568,← 285°,286,329,"8,225",978,FlightAware MLAT (6 sites)
TLV - ARN,Norwegian Air Sweden,NSZ4612,B738,6/7/2023,Thu 09:33:43 PM,32.0737,34.431,← 285°,288,331,"8,800","1,594",FlightAware MLAT (7 sites)
TLV - ARN,Norwegian Air Sweden,NSZ4612,B738,6/7/2023,Thu 09:33:59 PM,32.0809,34.4061,← 285°,290,334,"9,075","2,138",FlightAware MLAT (6 sites)
TLV - ARN,Norwegian Air Sweden,NSZ4612,B738,6/7/2023,Thu 09:34:30 PM,32.0893,34.3595,← 285°,292,336,"10,475","1,694",FlightAware MLAT (5 sites)
TLV - ARN,Norwegian Air Sweden,NSZ4612,B738,6/7/2023,Thu 09:35:01 PM,32.1,34.3116,← 284°,320,368,"10,825",833,FlightAware MLAT (7 sites)
TLV - ARN,Norwegian Air Sweden,NSZ4612,B738,6/7/2023,Thu 09:35:33 PM,32.1114,34.2496,← 285°,346,398,"11,350",923,FlightAware MLAT (6 sites)
TLV - ARN,Norwegian Air Sweden,NSZ4612,B738,6/7/2023,Thu 09:36:06 PM,32.124,34.1879,← 285°,372,428,"11,825","1,266",FlightAware MLAT (4 sites)
TLV - ARN,Norwegian Air Sweden,NSZ4612,B738,6/7/2023,Thu 09:36:37 PM,32.1379,34.1238,← 285°,380,437,"12,700","2,274",FlightAware MLAT (4 sites)
TLV - ARN,Norwegian Air Sweden,NSZ4612,B738,6/7/2023,Thu 09:37:08 PM,32.152,34.0595,← 284°,392,451,"14,175","2,238",FlightAware MLAT (6 sites)
TLV - ARN,Norwegian Air Sweden,NSZ4612,B738,6/7/2023,Thu 09:37:38 PM,32.1643,33.9958,← 293°,400,460,"14,975","1,565",FlightAware MLAT (6 sites)
TLV - ARN,Norwegian Air Sweden,NSZ4612,B738,6/7/2023,Thu 09:37:54 PM,32.1713,33.9619,← 300°,406,467,"15,375","1,641",FlightAware MLAT (5 sites)
TLV - ARN,Norwegian Air Sweden,NSZ4612,B738,6/7/2023,Thu 09:38:10 PM,32.1808,33.9281,← 305°,412,474,"15,850","1,721",FlightAware MLAT (5 sites)
TLV - ARN,Norwegian Air Sweden,NSZ4612,B738,6/7/2023,Thu 09:38:28 PM,32.2143,33.9019,← 305°,414,476,"16,350","1,605",FlightAware MLAT (6 sites)
TLV - ARN,Norwegian Air Sweden,NSZ4612,B738,6/7/2023,Thu 09:38:53 PM,32.2452,33.8567,← 305°,416,479,"17,000","1,582",FlightAware MLAT (5 sites)
TLV - ARN,Norwegian Air Sweden,NSZ4612,B738,6/7/2023,Thu 09:39:23 PM,32.2763,33.8002,← 305°,420,483,"17,800","1,500",FlightAware MLAT (5 sites)
TLV - ARN,Norwegian Air Sweden,NSZ4612,B738,6/7/2023,Thu 09:39:54 PM,32.3085,33.74,← 305°,426,490,"18,525","1,452",FlightAware MLAT (4 sites)
TLV - ARN,Norwegian Air Sweden,NSZ4612,B738,6/7/2023,Thu 09:40:25 PM,32.3542,33.6844,← 305°,430,495,"19,300","1,406",FlightAware MLAT (5 sites)
TLV - ARN,Norwegian Air Sweden,NSZ4612,B738,6/7/2023,Thu 09:40:58 PM,32.3932,33.6206,← 305°,438,504,"20,025","1,571",FlightAware MLAT (5 sites)
TLV - ARN,Norwegian Air Sweden,NSZ4612,B738,6/7/2023,Thu 09:41:28 PM,32.4279,33.562,← 305°,436,502,"20,950","1,500",FlightAware MLAT (5 sites)
TLV - ARN,Norwegian Air Sweden,NSZ4612,B738,6/7/2023,Thu 09:41:58 PM,32.4629,33.502,← 305°,440,506,"21,525","1,065",FlightAware MLAT (6 sites)
TLV - ARN,Norwegian Air Sweden,NSZ4612,B738,6/7/2023,Thu 09:42:30 PM,32.5012,33.4397,← 305°,446,513,"22,050",938,FlightAware MLAT (4 sites)
TLV - ARN,Norwegian Air Sweden,NSZ4612,B738,6/7/2023,Thu 09:43:02 PM,32.5378,33.3732,← 305°,452,520,"22,525","1,085",FlightAware MLAT (4 sites)
TLV - ARN,Norwegian Air Sweden,NSZ4612,B738,6/7/2023,Thu 09:43:35 PM,32.5778,33.3061,← 305°,458,527,"23,225","1,292",FlightAware MLAT (4 sites)
TLV - ARN,Norwegian Air Sweden,NSZ4612,B738,6/7/2023,Thu 09:44:07 PM,32.6184,33.2408,← 305°,460,529,"23,925","1,185",FlightAware MLAT (4 sites)
TLV - ARN,Norwegian Air Sweden,NSZ4612,B738,6/7/2023,Thu 09:44:37 PM,32.6525,33.1757,← 305°,460,529,"24,450",905,FlightAware MLAT (7 sites)
TLV - ARN,Norwegian Air Sweden,NSZ4612,B738,6/7/2023,Thu 09:45:10 PM,32.695,33.1106,← 305°,462,532,"24,875",962,FlightAware MLAT (7 sites)
TLV - ARN,Norwegian Air Sweden,NSZ4612,B738,6/7/2023,Thu 09:45:55 PM,32.751,33.0137,← 305°,472,543,"25,700",877,FlightAware MLAT (9 sites)
TLV - ARN,Norwegian Air Sweden,NSZ4612,B738,6/7/2023,Thu 09:46:27 PM,32.7928,32.9467,← 305°,480,552,"26,000",445,FlightAware MLAT (5 sites)
TLV - ARN,Norwegian Air Sweden,NSZ4612,B738,6/7/2023,Thu 09:46:59 PM,32.8342,32.8763,← 305°,482,555,"26,175",952,FlightAware MLAT (6 sites)
TLV - ARN,Norwegian Air Sweden,NSZ4612,B738,6/7/2023,Thu 09:47:30 PM,32.8735,32.8095,← 305°,482,555,"27,000","1,475",FlightAware MLAT (8 sites)
TLV - ARN,Norwegian Air Sweden,NSZ4612,B738,6/7/2023,Thu 09:48:00 PM,32.912,32.7433,← 305°,480,552,"27,675","1,250",FlightAware MLAT (6 sites)
TLV - ARN,Norwegian Air Sweden,NSZ4612,B738,6/7/2023,Thu 09:48:30 PM,32.9498,32.678,← 305°,478,550,"28,250",974,FlightAware MLAT (8 sites)
TLV - ARN,Norwegian Air Sweden,NSZ4612,B738,6/7/2023,Thu 09:49:17 PM,33.0082,32.5777,← 305°,476,548,"28,925","1,169",FlightAware MLAT (6 sites)
TLV - ARN,Norwegian Air Sweden,NSZ4612,B738,6/7/2023,Thu 09:49:47 PM,33.0438,32.5118,← 305°,470,541,"29,750","1,451",FlightAware MLAT (8 sites)
TLV - ARN,Norwegian Air Sweden,NSZ4612,B738,6/7/2023,Thu 09:50:18 PM,33.0836,32.4479,← 305°,466,536,"30,400","1,161",FlightAware MLAT (9 sites)
TLV - ARN,Norwegian Air Sweden,NSZ4612,B738,6/7/2023,Thu 09:50:49 PM,33.1221,32.383,← 305°,464,534,"30,950",944,FlightAware MLAT (5 sites)
TLV - ARN,Norwegian Air Sweden,NSZ4612,B738,6/7/2023,Thu 09:51:20 PM,33.1588,32.318,← 305°,460,529,"31,375",633,FlightAware MLAT (11 sites)
TLV - ARN,Norwegian Air Sweden,NSZ4612,B738,6/7/2023,Thu 09:51:53 PM,33.1987,32.247,← 305°,474,545,"31,625",714,FlightAware MLAT (4 sites)
TLV - ARN,Norwegian Air Sweden,NSZ4612,B738,6/7/2023,Thu 09:52:23 PM,33.2363,32.1844,← 305°,470,541,"32,125",773,FlightAware MLAT (8 sites)
TLV - ARN,Norwegian Air Sweden,NSZ4612,B738,6/7/2023,Thu 09:52:57 PM,33.2783,32.1115,← 305°,472,543,"32,450",596,FlightAware MLAT (6 sites)
TLV - ARN,Norwegian Air Sweden,NSZ4612,B738,6/7/2023,Thu 09:53:31 PM,33.319,32.0347,← 305°,487,560,"32,800","1,289",FlightAware MLAT (4 sites)
TLV - ARN,Norwegian Air Sweden,NSZ4612,B738,6/7/2023,Thu 09:54:01 PM,33.3565,31.972,← 304°,417,480,"33,825","1,025",FlightAware MLAT (7 sites)
TLV - ARN,Norwegian Air Sweden,NSZ4612,B738,6/7/2023,Thu 09:54:31 PM,33.3934,31.9128,← 304°,417,480,"33,825",172,FlightAware MLAT (5 sites)
TLV - ARN,Norwegian Air Sweden,NSZ4612,B738,6/7/2023,Thu 09:55:02 PM,33.4305,31.8487,← 305°,460,529,"34,000",167,FlightAware MLAT (6 sites)
TLV - ARN,Norwegian Air Sweden,NSZ4612,B738,6/7/2023,Thu 09:55:34 PM,33.4738,31.7829,↖ 328°,486,559,"34,000", ,FlightAware MLAT (6 sites)
TLV - ARN,Norwegian Air Sweden,NSZ4612,B738,6/7/2023,Thu 09:55:50 PM,33.5045,31.7559,↖ 334°,492,566,"34,000", ,FlightAware MLAT (5 sites)
TLV - ARN,Norwegian Air Sweden,NSZ4612,B738,6/7/2023,Thu 09:56:07 PM,33.5436,31.7473,↑ 343°,502,578,"34,000", ,FlightAware MLAT (6 sites)
TLV - ARN,Norwegian Air Sweden,NSZ4612,B738,6/7/2023,Thu 09:56:25 PM,33.5831,31.7274,↑ 343°,502,578,"34,000", ,FlightAware MLAT (9 sites)
TLV - ARN,Norwegian Air Sweden,NSZ4612,B738,6/7/2023,Thu 09:56:55 PM,33.6521,31.7098,↑ 343°,521,600,"34,000", ,FlightAware MLAT (7 sites)
TLV - ARN,Norwegian Air Sweden,NSZ4612,B738,6/7/2023,Thu 09:57:25 PM,33.7223,31.6905,↑ 343°,521,600,"34,000", ,FlightAware MLAT (9 sites)
TLV - ARN,Norwegian Air Sweden,NSZ4612,B738,6/7/2023,Thu 09:57:58 PM,33.7975,31.6643,↑ 343°,502,578,"34,000", ,FlightAware MLAT (10 sites)
TLV - ARN,Norwegian Air Sweden,NSZ4612,B738,6/7/2023,Thu 09:58:29 PM,33.8657,31.6373,↑ 343°,502,578,"34,000", ,FlightAware MLAT (11 sites)
TLV - ARN,Norwegian Air Sweden,NSZ4612,B738,6/7/2023,Thu 09:58:59 PM,33.935,31.6188,↑ 344°,502,578,"34,000", ,FlightAware MLAT (10 sites)
TLV - ARN,Norwegian Air Sweden,NSZ4612,B738,6/7/2023,Thu 09:59:30 PM,34.0004,31.5888,↑ 344°,506,582,"34,000", ,FlightAware MLAT (4 sites)
TLV - ARN,Norwegian Air Sweden,NSZ4612,B738,6/7/2023,Thu 10:00:01 PM,34.0717,31.5638,↑ 343°,508,585,"34,000", ,FlightAware MLAT (8 sites)
TLV - ARN,Norwegian Air Sweden,NSZ4612,B738,6/7/2023,Thu 10:00:33 PM,34.1429,31.5391,↑ 343°,508,585,"34,000", ,FlightAware MLAT (5 sites)
TLV - ARN,Norwegian Air Sweden,NSZ4612,B738,6/7/2023,Thu 10:01:03 PM,34.2099,31.5138,↑ 343°,510,587,"34,000", ,FlightAware MLAT (12 sites)
TLV - ARN,Norwegian Air Sweden,NSZ4612,B738,6/7/2023,Thu 10:01:33 PM,34.2775,31.4873,↑ 343°,510,587,"34,000", ,FlightAware MLAT (13 sites)
TLV - ARN,Norwegian Air Sweden,NSZ4612,B738,6/7/2023,Thu 10:02:04 PM,34.3484,31.4633,↑ 343°,510,587,"34,000", ,FlightAware MLAT (12 sites)
TLV - ARN,Norwegian Air Sweden,NSZ4612,B738,6/7/2023,Thu 10:02:38 PM,34.4246,31.4336,↑ 343°,510,587,"34,000", ,FlightAware MLAT (6 sites)
TLV - ARN,Norwegian Air Sweden,NSZ4612,B738,6/7/2023,Thu 10:03:08 PM,34.4917,31.4078,↑ 343°,510,587,"34,000", ,FlightAware MLAT (10 sites)
TLV - ARN,Norwegian Air Sweden,NSZ4612,B738,6/7/2023,Thu 10:03:36 PM,34.5543,31.3851,↑ 343°,508,585,"34,000", ,FlightAware MLAT (12 sites)
TLV - ARN,Norwegian Air Sweden,NSZ4612,B738,6/7/2023,Thu 10:04:07 PM,34.6245,31.3596,↑ 343°,508,585,"34,000", ,FlightAware MLAT (11 sites)
TLV - ARN,Norwegian Air Sweden,NSZ4612,B738,6/7/2023,Thu 10:04:38 PM,34.6946,31.3324,↑ 343°,508,585,"34,000", ,FlightAware MLAT (11 sites)
TLV - ARN,Norwegian Air Sweden,NSZ4612,B738,6/7/2023,Thu 10:05:09 PM,34.764,31.3072,↑ 343°,508,585,"34,000", ,FlightAware MLAT (14 sites)
TLV - ARN,Norwegian Air Sweden,NSZ4612,B738,6/7/2023,Thu 10:05:43 PM,34.8406,31.2805,↑ 343°,508,585,"34,000", ,FlightAware MLAT (8 sites)
TLV - ARN,Norwegian Air Sweden,NSZ4612,B738,6/7/2023,Thu 10:06:14 PM,34.9117,31.2532,↑ 343°,508,585,"34,000", ,FlightAware MLAT (5 sites)
TLV - ARN,Norwegian Air Sweden,NSZ4612,B738,6/7/2023,Thu 10:06:45 PM,34.9809,31.2278,↑ 343°,508,585,"34,000", ,FlightAware MLAT (4 sites)
TLV - ARN,Norwegian Air Sweden,NSZ4612,B738,6/7/2023,Thu 10:07:19 PM,35.0566,31.1988,↑ 343°,508,585,"34,000", ,FlightAware MLAT (4 sites)
TLV - ARN,Norwegian Air Sweden,NSZ4612,B738,6/7/2023,Thu 10:07:50 PM,35.1267,31.1727,↑ 343°,508,585,"34,000", ,FlightAware MLAT (6 sites)
TLV - ARN,Norwegian Air Sweden,NSZ4612,B738,6/7/2023,Thu 10:08:24 PM,35.2019,31.144,↑ 343°,508,585,"34,000", ,FlightAware MLAT (7 sites)
TLV - ARN,Norwegian Air Sweden,NSZ4612,B738,6/7/2023,Thu 10:09:11 PM,35.3092,31.1049,↑ 343°,510,587,"34,000", ,FlightAware MLAT (5 sites)
TLV - ARN,Norwegian Air Sweden,NSZ4612,B738,6/7/2023,Thu 10:09:44 PM,35.3823,31.0768,↑ 343°,512,589,"34,000", ,FlightAware MLAT (5 sites)
TLV - ARN,Norwegian Air Sweden,NSZ4612,B738,6/7/2023,Thu 10:10:15 PM,35.4532,31.0503,↑ 343°,512,589,"34,000", ,FlightAware MLAT (11 sites)
TLV - ARN,Norwegian Air Sweden,NSZ4612,B738,6/7/2023,Thu 10:10:45 PM,35.5196,31.0233,↑ 343°,514,592,"34,000", ,FlightAware MLAT (8 sites)
TLV - ARN,Norwegian Air Sweden,NSZ4612,B738,6/7/2023,Thu 10:11:18 PM,35.5952,30.9949,↑ 343°,514,592,"34,000", ,FlightAware MLAT (4 sites)
TLV - ARN,Norwegian Air Sweden,NSZ4612,B738,6/7/2023,Thu 10:11:48 PM,35.6634,30.9696,↑ 343°,516,594,"34,000", ,FlightAware MLAT (6 sites)
TLV - ARN,Norwegian Air Sweden,NSZ4612,B738,6/7/2023,Thu 10:12:20 PM,35.7364,30.9427,↑ 343°,518,596,"34,000", ,FlightAware MLAT (8 sites)
TLV - ARN,Norwegian Air Sweden,NSZ4612,B738,6/7/2023,Thu 10:12:52 PM,35.8102,30.9149,↑ 343°,518,596,"34,000", ,FlightAware MLAT (9 sites)
TLV - ARN,Norwegian Air Sweden,NSZ4612,B738,6/7/2023,Thu 10:13:25 PM,35.8847,30.8858,↑ 343°,518,596,"34,000", ,FlightAware MLAT (4 sites)
TLV - ARN,Norwegian Air Sweden,NSZ4612,B738,6/7/2023,Thu 10:13:55 PM,35.9537,30.8583,↑ 342°,518,596,"34,000", ,FlightAware MLAT (8 sites)
TLV - ARN,Norwegian Air Sweden,NSZ4612,B738,6/7/2023,Thu 10:14:26 PM,36.0244,30.8332,↑ 349°,520,598,"34,000", ,FlightAware MLAT (8 sites)
TLV - ARN,Norwegian Air Sweden,NSZ4612,B738,6/7/2023,Thu 10:14:56 PM,36.0965,30.8205,↑ 357°,528,608,"34,000", ,FlightAware MLAT (7 sites)
TLV - ARN,Norwegian Air Sweden,NSZ4612,B738,6/7/2023,Thu 10:15:26 PM,36.1716,30.8206,↑ 358°,534,615,"34,000", ,FlightAware MLAT (8 sites)
TLV - ARN,Norwegian Air Sweden,NSZ4612,B738,6/7/2023,Thu 10:15:56 PM,36.2472,30.818,↑ 358°,534,615,"34,000", ,FlightAware MLAT (10 sites)
TLV - ARN,Norwegian Air Sweden,NSZ4612,B738,6/7/2023,Thu 10:16:27 PM,36.3227,30.8158,↑ 358°,536,617,"34,000", ,FlightAware MLAT (10 sites)
TLV - ARN,Norwegian Air Sweden,NSZ4612,B738,6/7/2023,Thu 10:16:57 PM,36.3969,30.8115,↑ 358°,536,617,"34,000", ,FlightAware MLAT (6 sites)
TLV - ARN,Norwegian Air Sweden,NSZ4612,B738,6/7/2023,Thu 10:17:28 PM,36.4749,30.8107,↑ 358°,534,615,"34,000", ,FlightAware MLAT (6 sites)
TLV - ARN,Norwegian Air Sweden,NSZ4612,B738,6/7/2023,Thu 10:17:58 PM,36.5475,30.8072,↑ 358°,534,615,"34,000", ,FlightAware MLAT (7 sites)
TLV - ARN,Norwegian Air Sweden,NSZ4612,B738,6/7/2023,Thu 10:18:32 PM,36.6298,30.8019,↑ 358°,532,612,"34,000", ,FlightAware MLAT (7 sites)
TLV - ARN,Norwegian Air Sweden,NSZ4612,B738,6/7/2023,Thu 10:19:05 PM,36.7107,30.8007,↑ 358°,528,608,"34,000", ,FlightAware MLAT (7 sites)
TLV - ARN,Norwegian Air Sweden,NSZ4612,B738,6/7/2023,Thu 10:19:50 PM,36.8213,30.7974,↑ 358°,526,605,"34,000", ,FlightAware MLAT (9 sites)
TLV - ARN,Norwegian Air Sweden,NSZ4612,B738,6/7/2023,Thu 10:20:21 PM,36.8978,30.7953,↑ 358°,524,603,"34,000", ,FlightAware MLAT (7 sites)
TLV - ARN,Norwegian Air Sweden,NSZ4612,B738,6/7/2023,Thu 10:21:01 PM,36.9972,30.8062,↑ 6°,528,608,"34,000", ,FlightAware MLAT (5 sites)
TLV - ARN,Norwegian Air Sweden,NSZ4612,B738,6/7/2023,Thu 10:21:31 PM,37.0732,30.8172,↑ 6°,530,610,"34,000", ,FlightAware MLAT (7 sites)
TLV - ARN,Norwegian Air Sweden,NSZ4612,B738,6/7/2023,Thu 10:22:02 PM,37.1445,30.8275,↑ 6°,532,612,"34,000", ,FlightAware MLAT (5 sites)
TLV - ARN,Norwegian Air Sweden,NSZ4612,B738,6/7/2023,Thu 10:22:36 PM,37.2284,30.8384,↑ 6°,534,615,"34,000", ,FlightAware MLAT (10 sites)
TLV - ARN,Norwegian Air Sweden,NSZ4612,B738,6/7/2023,Thu 10:23:07 PM,37.3043,30.8496,↑ 6°,534,615,"34,000", ,FlightAware MLAT (8 sites)
TLV - ARN,Norwegian Air Sweden,NSZ4612,B738,6/7/2023,Thu 10:23:41 PM,37.388,30.8605,↑ 6°,534,615,"34,000", ,FlightAware MLAT (8 sites)
TLV - ARN,Norwegian Air Sweden,NSZ4612,B738,6/7/2023,Thu 10:24:15 PM,37.4715,30.8736,↑ 7°,534,615,"34,000", ,FlightAware MLAT (6 sites)
TLV - ARN,Norwegian Air Sweden,NSZ4612,B738,6/7/2023,Thu 10:24:47 PM,37.5496,30.8842,↑ 6°,536,617,"34,000", ,FlightAware MLAT (7 sites)
TLV - ARN,Norwegian Air Sweden,NSZ4612,B738,6/7/2023,Thu 10:25:17 PM,37.6242,30.8944,↑ 6°,538,619,"34,000", ,FlightAware MLAT (6 sites)
TLV - ARN,Norwegian Air Sweden,NSZ4612,B738,6/7/2023,Thu 10:25:48 PM,37.7013,30.9055,↑ 6°,540,621,"34,000", ,FlightAware MLAT (8 sites)
TLV - ARN,Norwegian Air Sweden,NSZ4612,B738,6/7/2023,Thu 10:26:19 PM,37.778,30.9166,↑ 7°,542,624,"34,000", ,FlightAware MLAT (7 sites)
TLV - ARN,Norwegian Air Sweden,NSZ4612,B738,6/7/2023,Thu 10:26:52 PM,37.86,30.9281,↑ 7°,544,626,"34,000", ,FlightAware MLAT (7 sites)
TLV - ARN,Norwegian Air Sweden,NSZ4612,B738,6/7/2023,Thu 10:27:22 PM,37.9362,30.9392,↑ 7°,544,626,"34,000", ,FlightAware MLAT (8 sites)
TLV - ARN,Norwegian Air Sweden,NSZ4612,B738,6/7/2023,Thu 10:27:55 PM,38.0177,30.9513,↑ 7°,544,626,"34,000", ,FlightAware MLAT (8 sites)
TLV - ARN,Norwegian Air Sweden,NSZ4612,B738,6/7/2023,Thu 10:28:29 PM,38.1035,30.9635,↑ 6°,546,628,"34,000", ,FlightAware MLAT (5 sites)
TLV - ARN,Norwegian Air Sweden,NSZ4612,B738,6/7/2023,Thu 10:29:00 PM,38.1814,30.9749,↑ 7°,546,628,"34,000", ,FlightAware MLAT (7 sites)
TLV - ARN,Norwegian Air Sweden,NSZ4612,B738,6/7/2023,Thu 10:29:32 PM,38.2618,30.9869,↑ 7°,548,631,"34,000", ,FlightAware MLAT (4 sites)
TLV - ARN,Norwegian Air Sweden,NSZ4612,B738,6/7/2023,Thu 10:30:07 PM,38.3491,30.9995,↑ 6°,536,617,"34,000", ,FlightAware MLAT (5 sites)
TLV - ARN,Norwegian Air Sweden,NSZ4612,B738,6/7/2023,Thu 10:30:37 PM,38.4252,31.0103,↑ 4°,544,626,"34,000", ,FlightAware MLAT (5 sites)
TLV - ARN,Norwegian Air Sweden,NSZ4612,B738,6/7/2023,Thu 10:30:57 PM,38.4746,31.0105,↑ 353°,536,617,"34,000", ,FlightAware MLAT (6 sites)
TLV - ARN,Norwegian Air Sweden,NSZ4612,B738,6/7/2023,Thu 10:31:31 PM,38.556,30.9831,↑ 339°,520,598,"34,000", ,FlightAware MLAT (6 sites)
TLV - ARN,Norwegian Air Sweden,NSZ4612,B738,6/7/2023,Thu 10:32:02 PM,38.6251,30.9503,↑ 339°,520,598,"34,000", ,FlightAware MLAT (7 sites)
TLV - ARN,Norwegian Air Sweden,NSZ4612,B738,6/7/2023,Thu 10:32:33 PM,38.6945,30.9173,↑ 339°,520,598,"34,000", ,FlightAware MLAT (7 sites)
TLV - ARN,Norwegian Air Sweden,NSZ4612,B738,6/7/2023,Thu 10:33:03 PM,38.7619,30.8847,↑ 339°,516,594,"34,000", ,FlightAware MLAT (6 sites)
TLV - ARN,Norwegian Air Sweden,NSZ4612,B738,6/7/2023,Thu 10:33:36 PM,38.8353,30.8492,↑ 339°,508,585,"34,000", ,FlightAware MLAT (5 sites)
TLV - ARN,Norwegian Air Sweden,NSZ4612,B738,6/7/2023,Thu 10:34:10 PM,38.9088,30.8135,↑ 339°,504,580,"34,000", ,FlightAware MLAT (4 sites)
TLV - ARN,Norwegian Air Sweden,NSZ4612,B738,6/7/2023,Thu 10:34:41 PM,38.9765,30.7801,↑ 339°,502,578,"34,000", ,FlightAware MLAT (5 sites)
TLV - ARN,Norwegian Air Sweden,NSZ4612,B738,6/7/2023,Thu 10:35:13 PM,39.0464,30.7461,↑ 339°,502,578,"34,000", ,FlightAware MLAT (5 sites)
TLV - ARN,Norwegian Air Sweden,NSZ4612,B738,6/7/2023,Thu 10:35:43 PM,39.1108,30.7149,↑ 339°,502,578,"34,000", ,FlightAware MLAT (8 sites)
TLV - ARN,Norwegian Air Sweden,NSZ4612,B738,6/7/2023,Thu 10:36:14 PM,39.1785,30.6819,↑ 339°,502,578,"34,000",24,FlightAware MLAT (6 sites)
TLV - ARN,Norwegian Air Sweden,NSZ4612,B738,6/7/2023,Thu 10:36:45 PM,39.2454,30.6492,↑ 339°,502,578,"34,025", ,FlightAware MLAT (9 sites)
TLV - ARN,Norwegian Air Sweden,NSZ4612,B738,6/7/2023,Thu 10:37:18 PM,39.3172,30.6142,↑ 339°,502,578,"34,000",-23,FlightAware MLAT (9 sites)
TLV - ARN,Norwegian Air Sweden,NSZ4612,B738,6/7/2023,Thu 10:37:49 PM,39.3835,30.5814,↑ 339°,498,573,"34,000", ,FlightAware MLAT (6 sites)
TLV - ARN,Norwegian Air Sweden,NSZ4612,B738,6/7/2023,Thu 10:38:22 PM,39.4548,30.5462,↑ 339°,498,573,"34,000", ,FlightAware MLAT (4 sites)
TLV - ARN,Norwegian Air Sweden,NSZ4612,B738,6/7/2023,Thu 10:38:53 PM,39.5219,30.5135,↑ 339°,496,571,"34,000", ,FlightAware MLAT (8 sites)
TLV - ARN,Norwegian Air Sweden,NSZ4612,B738,6/7/2023,Thu 10:39:23 PM,39.5832,30.4798,↖ 336°,493,567,"34,000", ,FlightAware ADS-B (ANK / LTAD)
TLV - ARN,Norwegian Air Sweden,NSZ4612,B738,6/7/2023,Thu 10:39:53 PM,39.6471,30.4427,↖ 336°,491,565,"34,000", ,FlightAware ADS-B (ANK / LTAD)
TLV - ARN,Norwegian Air Sweden,NSZ4612,B738,6/7/2023,Thu 10:40:24 PM,39.7112,30.4055,↖ 336°,489,563,"34,000", ,FlightAware ADS-B (ISL / LTBA)
TLV - ARN,Norwegian Air Sweden,NSZ4612,B738,6/7/2023,Thu 10:41:04 PM,39.7938,30.3571,↖ 336°,487,560,"34,000", ,FlightAware ADS-B (ISL / LTBA)
TLV - ARN,Norwegian Air Sweden,NSZ4612,B738,6/7/2023,Thu 10:41:34 PM,39.8557,30.3207,↖ 336°,487,560,"34,000", ,FlightAware ADS-B (ISL / LTBA)
TLV - ARN,Norwegian Air Sweden,NSZ4612,B738,6/7/2023,Thu 10:42:08 PM,39.9267,30.2789,↖ 336°,486,559,"34,000", ,FlightAware ADS-B (ADB / LTBJ)
TLV - ARN,Norwegian Air Sweden,NSZ4612,B738,6/7/2023,Thu 10:42:40 PM,39.9901,30.2416,↖ 336°,484,557,"34,000", ,FlightAware ADS-B (USQ / LTBO)
TLV - ARN,Norwegian Air Sweden,NSZ4612,B738,6/7/2023,Thu 10:43:10 PM,40.0517,30.2055,↖ 336°,485,558,"34,000", ,FlightAware ADS-B (USQ / LTBO)
TLV - ARN,Norwegian Air Sweden,NSZ4612,B738,6/7/2023,Thu 10:43:40 PM,40.1152,30.1682,↖ 336°,486,559,"34,000", ,FlightAware ADS-B (ADB / LTBJ)
TLV - ARN,Norwegian Air Sweden,NSZ4612,B738,6/7/2023,Thu 10:44:10 PM,40.176,30.1322,↖ 336°,486,559,"34,000", ,FlightAware ADS-B (ADB / LTBJ)
TLV - ARN,Norwegian Air Sweden,NSZ4612,B738,6/7/2023,Thu 10:44:40 PM,40.233,30.0981,↖ 335°,485,558,"34,000", ,FlightAware ADS-B (YEI / LTBR)
TLV - ARN,Norwegian Air Sweden,NSZ4612,B738,6/7/2023,Thu 10:45:10 PM,40.2974,30.0601,↖ 336°,482,555,"34,000", ,FlightAware ADS-B (LBWB)
TLV - ARN,Norwegian Air Sweden,NSZ4612,B738,6/7/2023,Thu 10:45:40 PM,40.359,30.0236,↖ 336°,477,549,"34,000", ,FlightAware ADS-B (LBWB)
TLV - ARN,Norwegian Air Sweden,NSZ4612,B738,6/7/2023,Thu 10:46:10 PM,40.4181,29.9882,↖ 335°,473,544,"34,000", ,FlightAware ADS-B (LBWB)
TLV - ARN,Norwegian Air Sweden,NSZ4612,B738,6/7/2023,Thu 10:46:40 PM,40.4781,29.9522,↖ 335°,468,539,"34,000", ,FlightAware ADS-B (LBWB)
TLV - ARN,Norwegian Air Sweden,NSZ4612,B738,6/7/2023,Thu 10:47:11 PM,40.5379,29.9165,↖ 336°,466,536,"34,000", ,FlightAware ADS-B (LBWB)
TLV - ARN,Norwegian Air Sweden,NSZ4612,B738,6/7/2023,Thu 10:47:42 PM,40.5968,29.8814,↖ 336°,465,535,"34,000", ,FlightAware ADS-B (LTHA)
TLV - ARN,Norwegian Air Sweden,NSZ4612,B738,6/7/2023,Thu 10:48:13 PM,40.659,29.8441,↖ 336°,463,533,"34,000", ,FlightAware ADS-B (LBWB)
TLV - ARN,Norwegian Air Sweden,NSZ4612,B738,6/7/2023,Thu 10:48:44 PM,40.7203,29.8072,↖ 335°,463,533,"34,000", ,FlightAware ADS-B (IST / LTFM)
TLV - ARN,Norwegian Air Sweden,NSZ4612,B738,6/7/2023,Thu 10:49:14 PM,40.7769,29.773,↖ 335°,463,533,"34,000", ,FlightAware ADS-B (ISL / LTBA)
TLV - ARN,Norwegian Air Sweden,NSZ4612,B738,6/7/2023,Thu 10:49:48 PM,40.8413,29.7338,↖ 335°,465,535,"34,000", ,FlightAware ADS-B (ISL / LTBA)
TLV - ARN,Norwegian Air Sweden,NSZ4612,B738,6/7/2023,Thu 10:50:18 PM,40.9019,29.6969,↖ 335°,466,536,"34,000", ,FlightAware ADS-B (LTBW)
TLV - ARN,Norwegian Air Sweden,NSZ4612,B738,6/7/2023,Thu 10:50:48 PM,40.96,29.6617,↖ 335°,466,536,"34,000", ,FlightAware ADS-B (ISL / LTBA)
TLV - ARN,Norwegian Air Sweden,NSZ4612,B738,6/7/2023,Thu 10:51:18 PM,41.0183,29.6262,↖ 335°,465,535,"34,000", ,FlightAware ADS-B (ISL / LTBA)
TLV - ARN,Norwegian Air Sweden,NSZ4612,B738,6/7/2023,Thu 10:51:48 PM,41.077,29.5906,↖ 335°,465,535,"34,000", ,FlightAware ADS-B (ISL / LTBA)
TLV - ARN,Norwegian Air Sweden,NSZ4612,B738,6/7/2023,Thu 10:52:18 PM,41.1362,29.5545,↖ 335°,466,536,"34,000", ,FlightAware ADS-B (ISL / LTBA)
TLV - ARN,Norwegian Air Sweden,NSZ4612,B738,6/7/2023,Thu 10:52:44 PM,41.1867,29.5241,↖ 337°,472,543,"34,000", ,FlightAware ADS-B (TEQ / LTBU)
TLV - ARN,Norwegian Air Sweden,NSZ4612,B738,6/7/2023,Thu 10:53:32 PM,41.2894,29.4818,↑ 344°,482,555,"34,000", ,FlightAware ADS-B (LTBW)
TLV - ARN,Norwegian Air Sweden,NSZ4612,B738,6/7/2023,Thu 10:54:03 PM,41.355,29.4567,↑ 344°,483,556,"34,000", ,FlightAware ADS-B (ISL / LTBA)
TLV - ARN,Norwegian Air Sweden,NSZ4612,B738,6/7/2023,Thu 10:54:35 PM,41.4273,29.4292,↑ 344°,483,556,"34,000", ,FlightAware ADS-B (VAR / LBWN)
TLV - ARN,Norwegian Air Sweden,NSZ4612,B738,6/7/2023,Thu 10:55:06 PM,41.4907,29.4049,↑ 344°,483,556,"34,000", ,FlightAware ADS-B (VAR / LBWN)
TLV - ARN,Norwegian Air Sweden,NSZ4612,B738,6/7/2023,Thu 10:55:36 PM,41.5576,29.3792,↑ 344°,480,552,"34,000", ,FlightAware ADS-B (VAR / LBWN)
TLV - ARN,Norwegian Air Sweden,NSZ4612,B738,6/7/2023,Thu 10:56:06 PM,41.6198,29.3556,↑ 344°,476,548,"34,000", ,FlightAware ADS-B (EDO / LTFD)
TLV - ARN,Norwegian Air Sweden,NSZ4612,B738,6/7/2023,Thu 10:56:37 PM,41.6857,29.3307,↑ 344°,476,548,"34,000", ,FlightAware ADS-B (VAR / LBWN)
TLV - ARN,Norwegian Air Sweden,NSZ4612,B738,6/7/2023,Thu 10:57:09 PM,41.7544,29.3046,↑ 344°,475,547,"34,000", ,FlightAware ADS-B (LRTZ)
TLV - ARN,Norwegian Air Sweden,NSZ4612,B738,6/7/2023,Thu 10:57:39 PM,41.8186,29.2798,↑ 344°,475,547,"34,000",24,FlightAware ADS-B (LRTZ)
TLV - ARN,Norwegian Air Sweden,NSZ4612,B738,6/7/2023,Thu 10:58:11 PM,41.8812,29.2555,↑ 344°,475,547,"34,025", ,FlightAware ADS-B (VAR / LBWN)
TLV - ARN,Norwegian Air Sweden,NSZ4612,B738,6/7/2023,Thu 10:58:41 PM,41.9444,29.231,↑ 344°,475,547,"34,000",-25,FlightAware ADS-B (VAR / LBWN)
TLV - ARN,Norwegian Air Sweden,NSZ4612,B738,6/7/2023,Thu 10:59:11 PM,42.0078,29.2063,↑ 344°,474,545,"34,000", ,FlightAware ADS-B (VAR / LBWN)
TLV - ARN,Norwegian Air Sweden,NSZ4612,B738,6/7/2023,Thu 10:59:41 PM,42.0724,29.1812,↑ 344°,474,545,"34,000", ,FlightAware ADS-B (VAR / LBWN)
TLV - ARN,Norwegian Air Sweden,NSZ4612,B738,6/7/2023,Thu 11:00:08 PM,42.1307,29.1578,↑ 342°,472,543,"34,000", ,FlightAware ADS-B (VAR / LBWN)
TLV - ARN,Norwegian Air Sweden,NSZ4612,B738,6/7/2023,Thu 11:00:34 PM,42.1787,29.1268,↖ 329°,467,537,"34,000", ,FlightAware ADS-B (LBBR)
TLV - ARN,Norwegian Air Sweden,NSZ4612,B738,6/7/2023,Thu 11:00:50 PM,42.2075,29.099,↖ 322°,465,535,"34,000", ,FlightAware ADS-B (VAR / LBWN)
TLV - ARN,Norwegian Air Sweden,NSZ4612,B738,6/7/2023,Thu 11:01:29 PM,42.2711,29.0259,↖ 320°,463,533,"34,000", ,FlightAware ADS-B (JAM / LBIA)
TLV - ARN,Norwegian Air Sweden,NSZ4612,B738,6/7/2023,Thu 11:01:59 PM,42.3175,28.9721,↖ 319°,461,531,"34,000", ,FlightAware ADS-B (JAM / LBIA)
TLV - ARN,Norwegian Air Sweden,NSZ4612,B738,6/7/2023,Thu 11:02:29 PM,42.3676,28.9136,↖ 319°,461,531,"34,000", ,FlightAware ADS-B (GOZ / LBGO)
TLV - ARN,Norwegian Air Sweden,NSZ4612,B738,6/7/2023,Thu 11:02:59 PM,42.4162,28.8565,↖ 319°,460,529,"34,000", ,FlightAware ADS-B (BBU / LRBS)
TLV - ARN,Norwegian Air Sweden,NSZ4612,B738,6/7/2023,Thu 11:03:29 PM,42.4631,28.8013,↖ 319°,459,528,"34,000", ,FlightAware ADS-B (LBBR)
TLV - ARN,Norwegian Air Sweden,NSZ4612,B738,6/7/2023,Thu 11:03:59 PM,42.5121,28.7434,↖ 319°,459,528,"34,000", ,FlightAware ADS-B (BOJ / LBBG)
TLV - ARN,Norwegian Air Sweden,NSZ4612,B738,6/7/2023,Thu 11:04:29 PM,42.5593,28.6877,↖ 319°,460,529,"34,000", ,FlightAware ADS-B (BOJ / LBBG)
TLV - ARN,Norwegian Air Sweden,NSZ4612,B738,6/7/2023,Thu 11:05:00 PM,42.6089,28.6291,↖ 319°,461,531,"34,000", ,FlightAware ADS-B (JAM / LBIA)
TLV - ARN,Norwegian Air Sweden,NSZ4612,B738,6/7/2023,Thu 11:05:30 PM,42.6569,28.5724,↖ 319°,461,531,"34,000", ,FlightAware ADS-B (BBU / LRBS)
TLV - ARN,Norwegian Air Sweden,NSZ4612,B738,6/7/2023,Thu 11:06:00 PM,42.7055,28.5147,↖ 319°,461,531,"34,000", ,FlightAware ADS-B (EDO / LTFD)
TLV - ARN,Norwegian Air Sweden,NSZ4612,B738,6/7/2023,Thu 11:06:31 PM,42.7542,28.4566,↖ 319°,461,531,"34,000", ,FlightAware ADS-B (JAM / LBIA)
TLV - ARN,Norwegian Air Sweden,NSZ4612,B738,6/7/2023,Thu 11:07:02 PM,42.8061,28.3949,↖ 319°,461,531,"34,000", ,FlightAware ADS-B (JAM / LBIA)
TLV - ARN,Norwegian Air Sweden,NSZ4612,B738,6/7/2023,Thu 11:07:32 PM,42.8527,28.3394,↖ 319°,461,531,"34,000", ,FlightAware ADS-B (JAM / LBIA)
TLV - ARN,Norwegian Air Sweden,NSZ4612,B738,6/7/2023,Thu 11:08:02 PM,42.8997,28.2832,↖ 319°,460,529,"34,000", ,FlightAware ADS-B (JAM / LBIA)
TLV - ARN,Norwegian Air Sweden,NSZ4612,B738,6/7/2023,Thu 11:08:32 PM,42.9486,28.2244,↖ 318°,460,529,"34,000", ,FlightAware ADS-B (JAM / LBIA)
TLV - ARN,Norwegian Air Sweden,NSZ4612,B738,6/7/2023,Thu 11:09:02 PM,42.9966,28.1665,↖ 319°,459,528,"34,000", ,FlightAware ADS-B (JAM / LBIA)
TLV - ARN,Norwegian Air Sweden,NSZ4612,B738,6/7/2023,Thu 11:09:32 PM,43.0437,28.1098,↖ 318°,460,529,"34,000", ,FlightAware ADS-B (BBU / LRBS)
TLV - ARN,Norwegian Air Sweden,NSZ4612,B738,6/7/2023,Thu 11:10:02 PM,43.0913,28.0523,↖ 318°,464,534,"34,000", ,FlightAware ADS-B (JAM / LBIA)
TLV - ARN,Norwegian Air Sweden,NSZ4612,B738,6/7/2023,Thu 11:10:32 PM,43.141,27.992,↖ 319°,463,533,"34,000", ,FlightAware ADS-B (LBBR)
TLV - ARN,Norwegian Air Sweden,NSZ4612,B738,6/7/2023,Thu 11:11:02 PM,43.1877,27.9353,↖ 318°,462,532,"34,000", ,FlightAware ADS-B (TGV / LBTG)
TLV - ARN,Norwegian Air Sweden,NSZ4612,B738,6/7/2023,Thu 11:11:32 PM,43.2357,27.877,↖ 318°,459,528,"34,000", ,FlightAware ADS-B (TGV / LBTG)
TLV - ARN,Norwegian Air Sweden,NSZ4612,B738,6/7/2023,Thu 11:12:02 PM,43.2835,27.819,↖ 319°,458,527,"34,000", ,FlightAware ADS-B (TGV / LBTG)
TLV - ARN,Norwegian Air Sweden,NSZ4612,B738,6/7/2023,Thu 11:12:32 PM,43.3309,27.7613,↖ 318°,456,525,"34,000", ,FlightAware ADS-B (TGV / LBTG)
TLV - ARN,Norwegian Air Sweden,NSZ4612,B738,6/7/2023,Thu 11:13:04 PM,43.3817,27.6993,↖ 318°,455,524,"34,000", ,FlightAware ADS-B (BBU / LRBS)
TLV - ARN,Norwegian Air Sweden,NSZ4612,B738,6/7/2023,Thu 11:13:34 PM,43.4302,27.64,↖ 318°,455,524,"34,000", ,FlightAware ADS-B (LBPG)
TLV - ARN,Norwegian Air Sweden,NSZ4612,B738,6/7/2023,Thu 11:14:04 PM,43.4769,27.5826,↖ 318°,453,521,"34,000",50,FlightAware ADS-B (LBPG)
TLV - ARN,Norwegian Air Sweden,NSZ4612,B738,6/7/2023,Thu 11:14:34 PM,43.5221,27.5268,↖ 318°,455,524,"34,050",650,FlightAware ADS-B (LBMG)
TLV - ARN,Norwegian Air Sweden,NSZ4612,B738,6/7/2023,Thu 11:15:04 PM,43.5687,27.469,↖ 318°,451,519,"34,650","1,025",FlightAware ADS-B (BBU / LRBS)
TLV - ARN,Norwegian Air Sweden,NSZ4612,B738,6/7/2023,Thu 11:15:34 PM,43.6156,27.4108,↖ 318°,452,520,"35,075",800,FlightAware ADS-B (BBU / LRBS)
TLV - ARN,Norwegian Air Sweden,NSZ4612,B738,6/7/2023,Thu 11:16:04 PM,43.6623,27.3529,↖ 318°,454,522,"35,450",725,FlightAware ADS-B (PDV / LBPD)
TLV - ARN,Norwegian Air Sweden,NSZ4612,B738,6/7/2023,Thu 11:16:34 PM,43.7087,27.2956,↖ 318°,456,525,"35,800",550,FlightAware ADS-B (OTP / LROP)
TLV - ARN,Norwegian Air Sweden,NSZ4612,B738,6/7/2023,Thu 11:17:04 PM,43.7559,27.2367,↖ 318°,460,529,"36,000",200,FlightAware ADS-B (OTP / LROP)
TLV - ARN,Norwegian Air Sweden,NSZ4612,B738,6/7/2023,Thu 11:17:34 PM,43.8029,27.1782,↖ 318°,461,531,"36,000", ,FlightAware ADS-B (GOZ / LBGO)
TLV - ARN,Norwegian Air Sweden,NSZ4612,B738,6/7/2023,Thu 11:18:04 PM,43.8495,27.1198,↖ 318°,462,532,"36,000", ,FlightAware ADS-B (PDV / LBPD)
TLV - ARN,Norwegian Air Sweden,NSZ4612,B738,6/7/2023,Thu 11:18:34 PM,43.8997,27.0568,↖ 318°,464,534,"36,000", ,FlightAware ADS-B (BBU / LRBS)
TLV - ARN,Norwegian Air Sweden,NSZ4612,B738,6/7/2023,Thu 11:19:04 PM,43.9455,26.9991,↖ 318°,464,534,"36,000", ,FlightAware ADS-B (BOJ / LBBG)
TLV - ARN,Norwegian Air Sweden,NSZ4612,B738,6/7/2023,Thu 11:19:36 PM,43.9969,26.934,↖ 318°,467,537,"36,000", ,FlightAware ADS-B (BOJ / LBBG)
TLV - ARN,Norwegian Air Sweden,NSZ4612,B738,6/7/2023,Thu 11:20:08 PM,44.0486,26.869,↖ 318°,468,539,"36,000",27,FlightAware ADS-B (TGV / LBTG)
TLV - ARN,Norwegian Air Sweden,NSZ4612,B738,6/7/2023,Thu 11:20:32 PM,44.0859,26.8228,↖ 320°,469,540,"36,025", ,FlightAware ADS-B (OTP / LROP)
TLV - ARN,Norwegian Air Sweden,NSZ4612,B738,6/7/2023,Thu 11:21:02 PM,44.1362,26.7685,↖ 322°,468,539,"36,000",-25,FlightAware ADS-B (BOJ / LBBG)
TLV - ARN,Norwegian Air Sweden,NSZ4612,B738,6/7/2023,Thu 11:21:32 PM,44.1896,26.7106,↖ 322°,467,537,"36,000", ,FlightAware ADS-B (LBBR)
TLV - ARN,Norwegian Air Sweden,NSZ4612,B738,6/7/2023,Thu 11:22:02 PM,44.2402,26.6555,↖ 322°,466,536,"36,000", ,FlightAware ADS-B (BOJ / LBBG)
TLV - ARN,Norwegian Air Sweden,NSZ4612,B738,6/7/2023,Thu 11:22:41 PM,44.3055,26.5843,↖ 322°,466,536,"36,000", ,FlightAware ADS-B (PDV / LBPD)
TLV - ARN,Norwegian Air Sweden,NSZ4612,B738,6/7/2023,Thu 11:23:21 PM,44.3737,26.5096,↖ 322°,465,535,"36,000", ,FlightAware ADS-B (INI / LYNI)
TLV - ARN,Norwegian Air Sweden,NSZ4612,B738,6/7/2023,Thu 11:23:57 PM,44.4348,26.4426,↖ 322°,464,534,"36,000", ,FlightAware ADS-B (OTP / LROP)
TLV - ARN,Norwegian Air Sweden,NSZ4612,B738,6/7/2023,Thu 11:24:27 PM,44.4839,26.3882,↖ 322°,463,533,"36,000", ,FlightAware ADS-B (BBU / LRBS)
TLV - ARN,Norwegian Air Sweden,NSZ4612,B738,6/7/2023,Thu 11:24:57 PM,44.5356,26.3309,↖ 322°,462,532,"36,000", ,FlightAware ADS-B (TGV / LBTG)
TLV - ARN,Norwegian Air Sweden,NSZ4612,B738,6/7/2023,Thu 11:25:27 PM,44.5863,26.2752,↖ 322°,462,532,"36,000", ,FlightAware ADS-B (TGV / LBTG)
TLV - ARN,Norwegian Air Sweden,NSZ4612,B738,6/7/2023,Thu 11:25:57 PM,44.6361,26.2204,↖ 322°,461,531,"36,000", ,FlightAware ADS-B (TGV / LBTG)
TLV - ARN,Norwegian Air Sweden,NSZ4612,B738,6/7/2023,Thu 11:26:27 PM,44.6873,26.1635,↖ 322°,461,531,"36,000", ,FlightAware ADS-B (TGV / LBTG)
TLV - ARN,Norwegian Air Sweden,NSZ4612,B738,6/7/2023,Thu 11:26:57 PM,44.736,26.1091,↖ 322°,462,532,"36,000", ,FlightAware ADS-B (BBU / LRBS)
TLV - ARN,Norwegian Air Sweden,NSZ4612,B738,6/7/2023,Thu 11:27:29 PM,44.7904,26.0486,↖ 322°,462,532,"36,000", ,FlightAware ADS-B (BBU / LRBS)
TLV - ARN,Norwegian Air Sweden,NSZ4612,B738,6/7/2023,Thu 11:28:45 PM,44.917,25.9089,↖ 321°,460,529,"36,000", ,FlightAware MLAT (10 sites)
TLV - ARN,Norwegian Air Sweden,NSZ4612,B738,6/7/2023,Thu 11:29:25 PM,44.9808,25.8327,↖ 321°,460,529,"36,000", ,FlightAware MLAT (7 sites)
TLV - ARN,Norwegian Air Sweden,NSZ4612,B738,6/7/2023,Thu 11:29:55 PM,45.0311,25.7769,↖ 321°,458,527,"36,000", ,FlightAware MLAT (9 sites)
TLV - ARN,Norwegian Air Sweden,NSZ4612,B738,6/7/2023,Thu 11:30:25 PM,45.0814,25.7214,↖ 321°,458,527,"36,000", ,FlightAware MLAT (9 sites)
TLV - ARN,Norwegian Air Sweden,NSZ4612,B738,6/7/2023,Thu 11:30:56 PM,45.1325,25.664,↖ 321°,456,525,"36,000", ,FlightAware MLAT (11 sites)
TLV - ARN,Norwegian Air Sweden,NSZ4612,B738,6/7/2023,Thu 11:31:27 PM,45.1837,25.6046,↖ 321°,456,525,"36,000", ,FlightAware MLAT (7 sites)
TLV - ARN,Norwegian Air Sweden,NSZ4612,B738,6/7/2023,Thu 11:31:58 PM,45.235,25.5471,↖ 321°,456,525,"36,000", ,FlightAware MLAT (7 sites)
TLV - ARN,Norwegian Air Sweden,NSZ4612,B738,6/7/2023,Thu 11:32:28 PM,45.2845,25.4904,↖ 321°,458,527,"36,000", ,FlightAware MLAT (11 sites)
TLV - ARN,Norwegian Air Sweden,NSZ4612,B738,6/7/2023,Thu 11:33:09 PM,45.3523,25.4138,↖ 321°,462,532,"36,000", ,FlightAware MLAT (5 sites)
TLV - ARN,Norwegian Air Sweden,NSZ4612,B738,6/7/2023,Thu 11:33:43 PM,45.4094,25.3471,↖ 321°,462,532,"36,000", ,FlightAware MLAT (4 sites)
TLV - ARN,Norwegian Air Sweden,NSZ4612,B738,6/7/2023,Thu 11:34:17 PM,45.4665,25.2815,↖ 321°,462,532,"36,000", ,FlightAware MLAT (4 sites)
TLV - ARN,Norwegian Air Sweden,NSZ4612,B738,6/7/2023,Thu 11:34:48 PM,45.5179,25.2243,↖ 321°,462,532,"36,000", ,FlightAware MLAT (5 sites)
TLV - ARN,Norwegian Air Sweden,NSZ4612,B738,6/7/2023,Thu 11:35:18 PM,45.5662,25.1672,↖ 320°,462,532,"36,000", ,FlightAware MLAT (9 sites)
TLV - ARN,Norwegian Air Sweden,NSZ4612,B738,6/7/2023,Thu 11:35:48 PM,45.6163,25.1115,↖ 320°,462,532,"36,000", ,FlightAware MLAT (9 sites)
TLV - ARN,Norwegian Air Sweden,NSZ4612,B738,6/7/2023,Thu 11:36:19 PM,45.6674,25.0491,↖ 320°,462,532,"36,000", ,FlightAware MLAT (6 sites)
TLV - ARN,Norwegian Air Sweden,NSZ4612,B738,6/7/2023,Thu 11:36:50 PM,45.7205,24.9883,↖ 320°,462,532,"36,000", ,FlightAware MLAT (7 sites)
TLV - ARN,Norwegian Air Sweden,NSZ4612,B738,6/7/2023,Thu 11:37:20 PM,45.7699,24.9307,↖ 320°,464,534,"36,000", ,FlightAware MLAT (8 sites)
TLV - ARN,Norwegian Air Sweden,NSZ4612,B738,6/7/2023,Thu 11:37:50 PM,45.8202,24.8721,↖ 320°,464,534,"36,000", ,FlightAware MLAT (8 sites)
TLV - ARN,Norwegian Air Sweden,NSZ4612,B738,6/7/2023,Thu 11:38:20 PM,45.8718,24.8129,↖ 320°,470,541,"36,000", ,FlightAware MLAT (13 sites)
TLV - ARN,Norwegian Air Sweden,NSZ4612,B738,6/7/2023,Thu 11:38:51 PM,45.9228,24.7513,↖ 320°,472,543,"36,000", ,FlightAware MLAT (5 sites)
TLV - ARN,Norwegian Air Sweden,NSZ4612,B738,6/7/2023,Thu 11:39:23 PM,45.976,24.6879,↖ 320°,474,545,"36,000", ,FlightAware MLAT (5 sites)
TLV - ARN,Norwegian Air Sweden,NSZ4612,B738,6/7/2023,Thu 11:39:54 PM,46.0289,24.6259,↖ 320°,476,548,"36,000", ,FlightAware MLAT (5 sites)
TLV - ARN,Norwegian Air Sweden,NSZ4612,B738,6/7/2023,Thu 11:40:24 PM,46.0811,24.5654,↖ 320°,472,543,"36,000", ,FlightAware MLAT (6 sites)
TLV - ARN,Norwegian Air Sweden,NSZ4612,B738,6/7/2023,Thu 11:40:55 PM,46.1356,24.5024,↖ 320°,470,541,"36,000", ,FlightAware MLAT (8 sites)
TLV - ARN,Norwegian Air Sweden,NSZ4612,B738,6/7/2023,Thu 11:41:28 PM,46.1899,24.4358,↖ 320°,470,541,"36,000", ,FlightAware MLAT (4 sites)
TLV - ARN,Norwegian Air Sweden,NSZ4612,B738,6/7/2023,Thu 11:41:59 PM,46.2412,24.3759,↖ 320°,460,529,"36,000", ,FlightAware MLAT (9 sites)
TLV - ARN,Norwegian Air Sweden,NSZ4612,B738,6/7/2023,Thu 11:42:30 PM,46.291,24.3159,↖ 320°,460,529,"36,000", ,FlightAware MLAT (6 sites)
TLV - ARN,Norwegian Air Sweden,NSZ4612,B738,6/7/2023,Thu 11:43:02 PM,46.344,24.2518,↖ 320°,462,532,"36,000", ,FlightAware ADS-B (SBZ / LRSB)
TLV - ARN,Norwegian Air Sweden,NSZ4612,B738,6/7/2023,Thu 11:43:32 PM,46.3929,24.1929,↖ 320°,461,531,"36,000", ,FlightAware ADS-B (CLJ / LRCL)
TLV - ARN,Norwegian Air Sweden,NSZ4612,B738,6/7/2023,Thu 11:44:02 PM,46.4424,24.1317,↖ 319°,461,531,"36,000", ,FlightAware ADS-B (CLJ / LRCL)
TLV - ARN,Norwegian Air Sweden,NSZ4612,B738,6/7/2023,Thu 11:44:32 PM,46.4901,24.0732,↖ 320°,461,531,"36,000", ,FlightAware ADS-B (TGM / LRTM)
TLV - ARN,Norwegian Air Sweden,NSZ4612,B738,6/7/2023,Thu 11:45:02 PM,46.5396,24.013,↖ 320°,461,531,"36,000", ,FlightAware ADS-B (TGM / LRTM)
TLV - ARN,Norwegian Air Sweden,NSZ4612,B738,6/7/2023,Thu 11:45:32 PM,46.5876,23.9547,↖ 320°,461,531,"36,000", ,FlightAware ADS-B (BBU / LRBS)
TLV - ARN,Norwegian Air Sweden,NSZ4612,B738,6/7/2023,Thu 11:46:02 PM,46.6364,23.8958,↖ 320°,461,531,"36,000", ,FlightAware ADS-B (BUD / LHBP)
TLV - ARN,Norwegian Air Sweden,NSZ4612,B738,6/7/2023,Thu 11:46:32 PM,46.6865,23.8346,↖ 320°,462,532,"36,000", ,FlightAware ADS-B (CLJ / LRCL)
TLV - ARN,Norwegian Air Sweden,NSZ4612,B738,6/7/2023,Thu 11:47:02 PM,46.7353,23.7749,↖ 320°,462,532,"36,000", ,FlightAware ADS-B (VIE / LOWW)
TLV - ARN,Norwegian Air Sweden,NSZ4612,B738,6/7/2023,Thu 11:47:33 PM,46.7871,23.7114,↖ 320°,463,533,"36,000", ,FlightAware ADS-B (SUJ / LRSM)
TLV - ARN,Norwegian Air Sweden,NSZ4612,B738,6/7/2023,Thu 11:48:03 PM,46.8351,23.6524,↖ 320°,465,535,"36,000", ,FlightAware ADS-B (SUJ / LRSM)
TLV - ARN,Norwegian Air Sweden,NSZ4612,B738,6/7/2023,Thu 11:48:33 PM,46.8844,23.5916,↖ 320°,466,536,"36,000", ,FlightAware ADS-B (TGM / LRTM)
TLV - ARN,Norwegian Air Sweden,NSZ4612,B738,6/7/2023,Thu 11:49:03 PM,46.9343,23.53,↖ 320°,468,539,"36,000", ,FlightAware ADS-B (TGM / LRTM)
TLV - ARN,Norwegian Air Sweden,NSZ4612,B738,6/7/2023,Thu 11:49:33 PM,46.9816,23.4714,↖ 320°,469,540,"36,000", ,FlightAware ADS-B (BUD / LHBP)
TLV - ARN,Norwegian Air Sweden,NSZ4612,B738,6/7/2023,Thu 11:50:04 PM,47.0335,23.4069,↖ 320°,470,541,"36,000", ,FlightAware ADS-B (TGM / LRTM)
TLV - ARN,Norwegian Air Sweden,NSZ4612,B738,6/7/2023,Thu 11:50:34 PM,47.0827,23.3456,↖ 320°,470,541,"36,000", ,FlightAware ADS-B (ARW / LRAR)
TLV - ARN,Norwegian Air Sweden,NSZ4612,B738,6/7/2023,Thu 11:51:04 PM,47.1333,23.2824,↖ 320°,470,541,"36,000", ,FlightAware ADS-B (TGM / LRTM)
TLV - ARN,Norwegian Air Sweden,NSZ4612,B738,6/7/2023,Thu 11:51:34 PM,47.1822,23.2211,↖ 319°,466,536,"36,000", ,FlightAware ADS-B (LWO / UKLL)
TLV - ARN,Norwegian Air Sweden,NSZ4612,B738,6/7/2023,Thu 11:52:04 PM,47.2312,23.1595,↖ 319°,465,535,"36,000", ,FlightAware ADS-B (LWO / UKLL)
TLV - ARN,Norwegian Air Sweden,NSZ4612,B738,6/7/2023,Thu 11:52:35 PM,47.2839,23.0932,↖ 319°,466,536,"36,000", ,FlightAware ADS-B (SUJ / LRSM)
TLV - ARN,Norwegian Air Sweden,NSZ4612,B738,6/7/2023,Thu 11:53:05 PM,47.3328,23.0316,↖ 319°,467,537,"36,000",25,FlightAware ADS-B (SUJ / LRSM)
TLV - ARN,Norwegian Air Sweden,NSZ4612,B738,6/7/2023,Thu 11:53:35 PM,47.3807,22.9711,↖ 319°,467,537,"36,025", ,FlightAware ADS-B (CLJ / LRCL)
TLV - ARN,Norwegian Air Sweden,NSZ4612,B738,6/7/2023,Thu 11:54:05 PM,47.428,22.9112,↖ 319°,461,531,"36,000",-25,FlightAware ADS-B (LWO / UKLL)
TLV - ARN,Norwegian Air Sweden,NSZ4612,B738,6/7/2023,Thu 11:54:35 PM,47.4758,22.8503,↖ 319°,457,526,"36,000", ,FlightAware ADS-B (LWO / UKLL)
TLV - ARN,Norwegian Air Sweden,NSZ4612,B738,6/7/2023,Thu 11:55:05 PM,47.5258,22.7867,↖ 319°,454,522,"36,000", ,FlightAware ADS-B (LHDK)
TLV - ARN,Norwegian Air Sweden,NSZ4612,B738,6/7/2023,Thu 11:55:35 PM,47.5729,22.7269,↖ 319°,455,524,"36,000", ,FlightAware ADS-B (LHDK)
TLV - ARN,Norwegian Air Sweden,NSZ4612,B738,6/7/2023,Thu 11:56:05 PM,47.6206,22.6658,↖ 319°,454,522,"36,000", ,FlightAware ADS-B (LHDK)
TLV - ARN,Norwegian Air Sweden,NSZ4612,B738,6/7/2023,Thu 11:56:35 PM,47.6674,22.6055,↖ 319°,456,525,"36,000", ,FlightAware ADS-B (LWO / UKLL)
TLV - ARN,Norwegian Air Sweden,NSZ4612,B738,6/7/2023,Thu 11:57:09 PM,47.7222,22.5347,↖ 319°,456,525,"36,000", ,FlightAware ADS-B (KTW / EPKT)
TLV - ARN,Norwegian Air Sweden,NSZ4612,B738,6/7/2023,Thu 11:57:40 PM,47.7729,22.4694,↖ 319°,460,529,"36,000", ,FlightAware ADS-B (UKLA)
TLV - ARN,Norwegian Air Sweden,NSZ4612,B738,6/7/2023,Thu 11:57:58 PM,47.8006,22.4318,↖ 316°,460,529,"36,000", ,FlightAware ADS-B (RZE / EPRZ)
TLV - ARN,Norwegian Air Sweden,NSZ4612,B738,6/7/2023,Thu 11:58:28 PM,47.8434,22.3655,← 314°,460,529,"36,000", ,FlightAware ADS-B (BEG / LYBE)
TLV - ARN,Norwegian Air Sweden,NSZ4612,B738,6/7/2023,Thu 11:58:58 PM,47.8884,22.2956,← 314°,462,532,"36,000", ,FlightAware ADS-B (BEG / LYBE)
TLV - ARN,Norwegian Air Sweden,NSZ4612,B738,6/7/2023,Thu 11:59:29 PM,47.9327,22.2266,← 314°,463,533,"36,000", ,FlightAware ADS-B (BEG / LYBE)
TLV - ARN,Norwegian Air Sweden,NSZ4612,B738,6/7/2023,Thu 11:59:59 PM,47.978,22.1561,← 314°,463,533,"36,000", ,FlightAware ADS-B (BTS / LZIB)
TLV - ARN,Norwegian Air Sweden,NSZ4612,B738,6/7/2023,Fri 12:00:29 AM,48.0223,22.0871,← 314°,461,531,"36,000", ,FlightAware ADS-B (BEG / LYBE)
TLV - ARN,Norwegian Air Sweden,NSZ4612,B738,6/7/2023,Fri 12:00:59 AM,48.0662,22.0185,← 314°,460,529,"36,000", ,FlightAware ADS-B (BTS / LZIB)
TLV - ARN,Norwegian Air Sweden,NSZ4612,B738,6/7/2023,Fri 12:01:30 AM,48.1123,21.9459,← 313°,461,531,"36,000", ,FlightAware ADS-B (KRK / EPKK)
TLV - ARN,Norwegian Air Sweden,NSZ4612,B738,6/7/2023,Fri 12:02:01 AM,48.1557,21.8775,← 313°,461,531,"36,000", ,FlightAware ADS-B (KTW / EPKT)
TLV - ARN,Norwegian Air Sweden,NSZ4612,B738,6/7/2023,Fri 12:02:31 AM,48.2022,21.8041,← 313°,462,532,"36,000", ,FlightAware ADS-B (KRK / EPKK)
TLV - ARN,Norwegian Air Sweden,NSZ4612,B738,6/7/2023,Fri 12:03:01 AM,48.2458,21.735,← 313°,461,531,"36,000", ,FlightAware ADS-B (VIE / LOWW)
TLV - ARN,Norwegian Air Sweden,NSZ4612,B738,6/7/2023,Fri 12:03:32 AM,48.2896,21.6654,← 313°,461,531,"36,000", ,FlightAware ADS-B (KTW / EPKT)
TLV - ARN,Norwegian Air Sweden,NSZ4612,B738,6/7/2023,Fri 12:04:02 AM,48.3341,21.5945,← 313°,461,531,"36,000", ,FlightAware ADS-B (KTW / EPKT)
TLV - ARN,Norwegian Air Sweden,NSZ4612,B738,6/7/2023,Fri 12:04:32 AM,48.3782,21.524,← 313°,462,532,"36,000", ,FlightAware ADS-B (VIE / LOWW)
TLV - ARN,Norwegian Air Sweden,NSZ4612,B738,6/7/2023,Fri 12:05:02 AM,48.4221,21.4536,← 313°,463,533,"36,000",33,FlightAware ADS-B (VIE / LOWW)
TLV - ARN,Norwegian Air Sweden,NSZ4612,B738,6/7/2023,Fri 12:05:18 AM,48.447,21.4143,← 315°,463,533,"36,025", ,FlightAware ADS-B (TAT / LZTT)
TLV - ARN,Norwegian Air Sweden,NSZ4612,B738,6/7/2023,Fri 12:05:38 AM,48.4778,21.3788,↖ 327°,470,541,"36,000",-42,FlightAware ADS-B (BRQ / LKTB)
TLV - ARN,Norwegian Air Sweden,NSZ4612,B738,6/7/2023,Fri 12:05:54 AM,48.5096,21.3535,↖ 336°,474,545,"36,000", ,FlightAware ADS-B (LHNY)
TLV - ARN,Norwegian Air Sweden,NSZ4612,B738,6/7/2023,Fri 12:06:36 AM,48.5978,21.3082,↑ 342°,475,547,"36,000", ,FlightAware ADS-B (ZBE / LKZA)
TLV - ARN,Norwegian Air Sweden,NSZ4612,B738,6/7/2023,Fri 12:07:06 AM,48.6602,21.2767,↑ 342°,475,547,"36,000", ,FlightAware ADS-B (KRK / EPKK)
TLV - ARN,Norwegian Air Sweden,NSZ4612,B738,6/7/2023,Fri 12:07:37 AM,48.7266,21.2434,↑ 342°,475,547,"36,000", ,FlightAware ADS-B (ZBE / LKZA)
TLV - ARN,Norwegian Air Sweden,NSZ4612,B738,6/7/2023,Fri 12:08:08 AM,48.7889,21.212,↑ 342°,473,544,"36,000", ,FlightAware ADS-B (EPKN)
TLV - ARN,Norwegian Air Sweden,NSZ4612,B738,6/7/2023,Fri 12:08:39 AM,48.8519,21.1802,↑ 342°,472,543,"36,000", ,FlightAware ADS-B (EPKN)
TLV - ARN,Norwegian Air Sweden,NSZ4612,B738,6/7/2023,Fri 12:09:06 AM,48.906,21.153,↑ 343°,474,545,"36,000", ,FlightAware ADS-B (KTW / EPKT)
TLV - ARN,Norwegian Air Sweden,NSZ4612,B738,6/7/2023,Fri 12:09:37 AM,48.9729,21.1192,↑ 343°,474,545,"36,000", ,FlightAware ADS-B (EPKP)
TLV - ARN,Norwegian Air Sweden,NSZ4612,B738,6/7/2023,Fri 12:09:55 AM,49.007,21.1021,↑ 343°,474,545,"36,000", ,FlightAware ADS-B (LZPE)
TLV - ARN,Norwegian Air Sweden,NSZ4612,B738,6/7/2023,Fri 12:10:25 AM,49.0712,21.0697,↑ 342°,474,545,"36,000", ,FlightAware ADS-B (EPKW)
TLV - ARN,Norwegian Air Sweden,NSZ4612,B738,6/7/2023,Fri 12:10:55 AM,49.1362,21.0366,↑ 342°,474,545,"36,000", ,FlightAware ADS-B (VIE / LOWW)
TLV - ARN,Norwegian Air Sweden,NSZ4612,B738,6/7/2023,Fri 12:11:25 AM,49.1976,21.0052,↑ 341°,475,547,"36,000", ,FlightAware ADS-B (EPKW)
TLV - ARN,Norwegian Air Sweden,NSZ4612,B738,6/7/2023,Fri 12:11:55 AM,49.2601,20.9731,↑ 341°,476,548,"36,000", ,FlightAware ADS-B (LZMC)
TLV - ARN,Norwegian Air Sweden,NSZ4612,B738,6/7/2023,Fri 12:12:25 AM,49.322,20.9413,↑ 341°,477,549,"36,000", ,FlightAware ADS-B (UKLA)
TLV - ARN,Norwegian Air Sweden,NSZ4612,B738,6/7/2023,Fri 12:12:55 AM,49.3848,20.909,↑ 341°,479,551,"36,000", ,FlightAware ADS-B (UKLA)
TLV - ARN,Norwegian Air Sweden,NSZ4612,B738,6/7/2023,Fri 12:13:25 AM,49.4468,20.877,↑ 341°,480,552,"36,000", ,FlightAware ADS-B (EPKN)
TLV - ARN,Norwegian Air Sweden,NSZ4612,B738,6/7/2023,Fri 12:13:55 AM,49.5114,20.8434,↑ 341°,481,554,"36,000", ,FlightAware ADS-B (UKLA)
TLV - ARN,Norwegian Air Sweden,NSZ4612,B738,6/7/2023,Fri 12:14:25 AM,49.5743,20.8109,↑ 341°,483,556,"36,000", ,FlightAware ADS-B (LZSE)
TLV - ARN,Norwegian Air Sweden,NSZ4612,B738,6/7/2023,Fri 12:14:55 AM,49.6376,20.778,↑ 341°,485,558,"36,000", ,FlightAware ADS-B (LZSE)
TLV - ARN,Norwegian Air Sweden,NSZ4612,B738,6/7/2023,Fri 12:15:25 AM,49.7019,20.7442,↑ 341°,487,560,"36,000", ,FlightAware ADS-B (KTW / EPKT)
TLV - ARN,Norwegian Air Sweden,NSZ4612,B738,6/7/2023,Fri 12:15:55 AM,49.7648,20.7112,↑ 341°,488,562,"36,000", ,FlightAware ADS-B (KTW / EPKT)
TLV - ARN,Norwegian Air Sweden,NSZ4612,B738,6/7/2023,Fri 12:16:25 AM,49.8321,20.6758,↑ 341°,489,563,"36,000", ,FlightAware ADS-B (KRK / EPKK)
TLV - ARN,Norwegian Air Sweden,NSZ4612,B738,6/7/2023,Fri 12:16:55 AM,49.8931,20.6438,↑ 341°,490,564,"36,000", ,FlightAware ADS-B (LKMK)
TLV - ARN,Norwegian Air Sweden,NSZ4612,B738,6/7/2023,Fri 12:17:25 AM,49.9607,20.6081,↑ 341°,491,565,"36,000", ,FlightAware ADS-B (RZE / EPRZ)
TLV - ARN,Norwegian Air Sweden,NSZ4612,B738,6/7/2023,Fri 12:17:55 AM,50.025,20.5739,↑ 341°,491,565,"36,000", ,FlightAware ADS-B (LUZ / EPLB)
TLV - ARN,Norwegian Air Sweden,NSZ4612,B738,6/7/2023,Fri 12:18:25 AM,50.0875,20.5406,↑ 341°,490,564,"36,000", ,FlightAware ADS-B (EPTM)
TLV - ARN,Norwegian Air Sweden,NSZ4612,B738,6/7/2023,Fri 12:18:55 AM,50.1491,20.5078,↑ 341°,488,562,"36,000", ,FlightAware ADS-B (OSR / LKMT)
TLV - ARN,Norwegian Air Sweden,NSZ4612,B738,6/7/2023,Fri 12:19:25 AM,50.2151,20.4727,↑ 341°,489,563,"36,000", ,FlightAware ADS-B (OSR / LKMT)
TLV - ARN,Norwegian Air Sweden,NSZ4612,B738,6/7/2023,Fri 12:19:55 AM,50.2787,20.4387,↑ 341°,489,563,"36,000", ,FlightAware ADS-B (OSR / LKMT)
TLV - ARN,Norwegian Air Sweden,NSZ4612,B738,6/7/2023,Fri 12:20:25 AM,50.3444,20.4034,↑ 341°,489,563,"36,000", ,FlightAware ADS-B (WAW / EPWA)
TLV - ARN,Norwegian Air Sweden,NSZ4612,B738,6/7/2023,Fri 12:20:55 AM,50.4065,20.3702,↑ 341°,489,563,"36,000", ,FlightAware ADS-B (RZE / EPRZ)
TLV - ARN,Norwegian Air Sweden,NSZ4612,B738,6/7/2023,Fri 12:21:25 AM,50.471,20.3355,↑ 341°,489,563,"36,000", ,FlightAware ADS-B (RZE / EPRZ)
TLV - ARN,Norwegian Air Sweden,NSZ4612,B738,6/7/2023,Fri 12:21:55 AM,50.5351,20.3006,↑ 341°,489,563,"36,000", ,FlightAware ADS-B (RZE / EPRZ)
TLV - ARN,Norwegian Air Sweden,NSZ4612,B738,6/7/2023,Fri 12:22:18 AM,50.584,20.274,↑ 341°,489,563,"36,000", ,FlightAware ADS-B (PRV / LKPO)
TLV - ARN,Norwegian Air Sweden,NSZ4612,B738,6/7/2023,Fri 12:22:48 AM,50.6471,20.2396,↑ 341°,489,563,"36,000", ,FlightAware ADS-B (RDO / EPRA)
TLV - ARN,Norwegian Air Sweden,NSZ4612,B738,6/7/2023,Fri 12:23:17 AM,50.7102,20.2051,↑ 341°,488,562,"36,000", ,FlightAware ADS-B (KTW / EPKT)
TLV - ARN,Norwegian Air Sweden,NSZ4612,B738,6/7/2023,Fri 12:23:47 AM,50.7731,20.1706,↑ 341°,487,560,"36,000", ,FlightAware ADS-B (RDO / EPRA)
TLV - ARN,Norwegian Air Sweden,NSZ4612,B738,6/7/2023,Fri 12:24:17 AM,50.8365,20.1357,↑ 341°,486,559,"36,000", ,FlightAware ADS-B (RDO / EPRA)
TLV - ARN,Norwegian Air Sweden,NSZ4612,B738,6/7/2023,Fri 12:24:47 AM,50.9001,20.1007,↑ 341°,486,559,"36,000", ,FlightAware ADS-B (LKCM)
TLV - ARN,Norwegian Air Sweden,NSZ4612,B738,6/7/2023,Fri 12:25:17 AM,50.9653,20.0647,↑ 341°,487,560,"36,000", ,FlightAware ADS-B (RDO / EPRA)
TLV - ARN,Norwegian Air Sweden,NSZ4612,B738,6/7/2023,Fri 12:25:47 AM,51.0274,20.0304,↑ 341°,487,560,"36,000", ,FlightAware ADS-B (EPKS)
TLV - ARN,Norwegian Air Sweden,NSZ4612,B738,6/7/2023,Fri 12:26:17 AM,51.0916,19.9947,↑ 341°,489,563,"36,000", ,FlightAware ADS-B (LKCM)
TLV - ARN,Norwegian Air Sweden,NSZ4612,B738,6/7/2023,Fri 12:26:47 AM,51.1553,19.9593,↑ 341°,489,563,"36,000", ,FlightAware ADS-B (ZBE / LKZA)
TLV - ARN,Norwegian Air Sweden,NSZ4612,B738,6/7/2023,Fri 12:27:17 AM,51.222,19.9222,↑ 341°,489,563,"36,000", ,FlightAware ADS-B (LCJ / EPLL)
TLV - ARN,Norwegian Air Sweden,NSZ4612,B738,6/7/2023,Fri 12:27:47 AM,51.2849,19.8869,↑ 341°,486,559,"36,000", ,FlightAware ADS-B (EPLS)
TLV - ARN,Norwegian Air Sweden,NSZ4612,B738,6/7/2023,Fri 12:28:17 AM,51.3484,19.8511,↑ 340°,484,557,"36,000", ,FlightAware ADS-B (RDO / EPRA)
TLV - ARN,Norwegian Air Sweden,NSZ4612,B738,6/7/2023,Fri 12:28:47 AM,51.4098,19.8163,↑ 341°,484,557,"36,000", ,FlightAware ADS-B (WRO / EPWR)
TLV - ARN,Norwegian Air Sweden,NSZ4612,B738,6/7/2023,Fri 12:29:17 AM,51.472,19.781,↑ 341°,483,556,"36,000", ,FlightAware ADS-B (WAW / EPWA)
TLV - ARN,Norwegian Air Sweden,NSZ4612,B738,6/7/2023,Fri 12:29:47 AM,51.5371,19.7441,↑ 340°,483,556,"36,000", ,FlightAware ADS-B (RDO / EPRA)
TLV - ARN,Norwegian Air Sweden,NSZ4612,B738,6/7/2023,Fri 12:30:17 AM,51.598,19.7094,↑ 341°,483,556,"36,000", ,FlightAware ADS-B (WAW / EPWA)
TLV - ARN,Norwegian Air Sweden,NSZ4612,B738,6/7/2023,Fri 12:30:47 AM,51.6627,19.6726,↑ 341°,483,556,"36,000", ,FlightAware ADS-B (EPMM)
TLV - ARN,Norwegian Air Sweden,NSZ4612,B738,6/7/2023,Fri 12:31:17 AM,51.7264,19.6362,↑ 340°,483,556,"36,000", ,FlightAware ADS-B (RDO / EPRA)
TLV - ARN,Norwegian Air Sweden,NSZ4612,B738,6/7/2023,Fri 12:31:47 AM,51.7869,19.6015,↑ 340°,482,555,"36,000", ,FlightAware ADS-B (POZ / EPPO)
TLV - ARN,Norwegian Air Sweden,NSZ4612,B738,6/7/2023,Fri 12:32:17 AM,51.8512,19.5645,↑ 340°,481,554,"36,000", ,FlightAware ADS-B (LKDK)
TLV - ARN,Norwegian Air Sweden,NSZ4612,B738,6/7/2023,Fri 12:32:47 AM,51.9116,19.5298,↑ 340°,481,554,"36,000", ,FlightAware ADS-B (IEG / EPZG)
TLV - ARN,Norwegian Air Sweden,NSZ4612,B738,6/7/2023,Fri 12:33:17 AM,51.9755,19.4929,↑ 340°,480,552,"36,000", ,FlightAware ADS-B (IEG / EPZG)
TLV - ARN,Norwegian Air Sweden,NSZ4612,B738,6/7/2023,Fri 12:33:47 AM,52.0382,19.4563,↑ 340°,477,549,"36,000", ,FlightAware ADS-B (IEG / EPZG)
TLV - ARN,Norwegian Air Sweden,NSZ4612,B738,6/7/2023,Fri 12:34:17 AM,52.0994,19.4204,↑ 340°,476,548,"36,000", ,FlightAware ADS-B (ZBE / LKZA)
TLV - ARN,Norwegian Air Sweden,NSZ4612,B738,6/7/2023,Fri 12:34:48 AM,52.1634,19.3832,↑ 340°,475,547,"36,000", ,FlightAware ADS-B (EPRS)
TLV - ARN,Norwegian Air Sweden,NSZ4612,B738,6/7/2023,Fri 12:35:18 AM,52.2262,19.3463,↑ 340°,474,545,"36,000", ,FlightAware ADS-B (POZ / EPPO)
TLV - ARN,Norwegian Air Sweden,NSZ4612,B738,6/7/2023,Fri 12:35:48 AM,52.2878,19.3099,↑ 340°,474,545,"36,000", ,FlightAware ADS-B (POZ / EPPO)
TLV - ARN,Norwegian Air Sweden,NSZ4612,B738,6/7/2023,Fri 12:36:19 AM,52.3511,19.2725,↑ 340°,476,548,"36,000", ,FlightAware ADS-B (EPMM)
TLV - ARN,Norwegian Air Sweden,NSZ4612,B738,6/7/2023,Fri 12:36:49 AM,52.4128,19.2362,↑ 340°,477,549,"36,000", ,FlightAware ADS-B (POZ / EPPO)
TLV - ARN,Norwegian Air Sweden,NSZ4612,B738,6/7/2023,Fri 12:37:19 AM,52.4753,19.1992,↑ 340°,476,548,"36,000", ,FlightAware ADS-B (RDO / EPRA)
TLV - ARN,Norwegian Air Sweden,NSZ4612,B738,6/7/2023,Fri 12:37:49 AM,52.5363,19.1631,↑ 340°,476,548,"36,000", ,FlightAware ADS-B (KTW / EPKT)
TLV - ARN,Norwegian Air Sweden,NSZ4612,B738,6/7/2023,Fri 12:38:20 AM,52.6002,19.1251,↑ 340°,475,547,"36,000", ,FlightAware ADS-B (KTW / EPKT)
TLV - ARN,Norwegian Air Sweden,NSZ4612,B738,6/7/2023,Fri 12:38:50 AM,52.6614,19.0883,↑ 340°,474,545,"36,000", ,FlightAware ADS-B (KTW / EPKT)
TLV - ARN,Norwegian Air Sweden,NSZ4612,B738,6/7/2023,Fri 12:39:20 AM,52.7237,19.0506,↑ 340°,473,544,"36,000", ,FlightAware ADS-B (KTW / EPKT)
TLV - ARN,Norwegian Air Sweden,NSZ4612,B738,6/7/2023,Fri 12:39:52 AM,52.7912,19.0098,↑ 340°,474,545,"36,000", ,FlightAware ADS-B (EPKS)
TLV - ARN,Norwegian Air Sweden,NSZ4612,B738,6/7/2023,Fri 12:40:23 AM,52.8525,18.9727,↑ 340°,474,545,"36,000", ,FlightAware ADS-B (GDN / EPGD)
TLV - ARN,Norwegian Air Sweden,NSZ4612,B738,6/7/2023,Fri 12:40:53 AM,52.9145,18.9351,↑ 340°,475,547,"36,000", ,FlightAware ADS-B (GDN / EPGD)
TLV - ARN,Norwegian Air Sweden,NSZ4612,B738,6/7/2023,Fri 12:41:23 AM,52.9774,18.8973,↑ 340°,476,548,"36,000", ,FlightAware ADS-B (GDN / EPGD)
TLV - ARN,Norwegian Air Sweden,NSZ4612,B738,6/7/2023,Fri 12:41:53 AM,53.0397,18.8594,↑ 340°,477,549,"36,000", ,FlightAware ADS-B (GDN / EPGD)
TLV - ARN,Norwegian Air Sweden,NSZ4612,B738,6/7/2023,Fri 12:42:23 AM,53.1007,18.8222,↑ 340°,479,551,"36,000", ,FlightAware ADS-B (GDN / EPGD)
TLV - ARN,Norwegian Air Sweden,NSZ4612,B738,6/7/2023,Fri 12:42:53 AM,53.1624,18.7844,↑ 340°,480,552,"36,000", ,FlightAware ADS-B (EPSD)
TLV - ARN,Norwegian Air Sweden,NSZ4612,B738,6/7/2023,Fri 12:43:23 AM,53.228,18.7441,↑ 340°,480,552,"36,000", ,FlightAware ADS-B (EDON)
TLV - ARN,Norwegian Air Sweden,NSZ4612,B738,6/7/2023,Fri 12:43:54 AM,53.2892,18.7061,↑ 340°,480,552,"36,000", ,FlightAware ADS-B (GDN / EPGD)
TLV - ARN,Norwegian Air Sweden,NSZ4612,B738,6/7/2023,Fri 12:44:24 AM,53.3521,18.6671,↑ 340°,481,554,"36,000", ,FlightAware ADS-B (EPSD)
TLV - ARN,Norwegian Air Sweden,NSZ4612,B738,6/7/2023,Fri 12:44:54 AM,53.4148,18.6282,↑ 340°,479,551,"36,000", ,FlightAware ADS-B (EPSD)
TLV - ARN,Norwegian Air Sweden,NSZ4612,B738,6/7/2023,Fri 12:45:24 AM,53.4765,18.5898,↑ 340°,478,550,"36,000", ,FlightAware ADS-B (GDN / EPGD)
TLV - ARN,Norwegian Air Sweden,NSZ4612,B738,6/7/2023,Fri 12:45:54 AM,53.5382,18.5513,↑ 340°,477,549,"36,000", ,FlightAware ADS-B (GDN / EPGD)
TLV - ARN,Norwegian Air Sweden,NSZ4612,B738,6/7/2023,Fri 12:46:24 AM,53.6004,18.5124,↑ 340°,476,548,"36,000", ,FlightAware ADS-B (GDN / EPGD)
TLV - ARN,Norwegian Air Sweden,NSZ4612,B738,6/7/2023,Fri 12:46:54 AM,53.6623,18.4733,↑ 339°,475,547,"36,000", ,FlightAware ADS-B (GDN / EPGD)
TLV - ARN,Norwegian Air Sweden,NSZ4612,B738,6/7/2023,Fri 12:47:24 AM,53.7242,18.434,↑ 339°,473,544,"36,000", ,FlightAware ADS-B (GDN / EPGD)
TLV - ARN,Norwegian Air Sweden,NSZ4612,B738,6/7/2023,Fri 12:47:54 AM,53.7857,18.395,↑ 340°,473,544,"36,000", ,FlightAware ADS-B (WRO / EPWR)
TLV - ARN,Norwegian Air Sweden,NSZ4612,B738,6/7/2023,Fri 12:48:24 AM,53.8463,18.3565,↑ 339°,473,544,"36,000", ,FlightAware ADS-B (GDN / EPGD)
TLV - ARN,Norwegian Air Sweden,NSZ4612,B738,6/7/2023,Fri 12:48:54 AM,53.9052,18.3191,↑ 339°,471,542,"36,000", ,FlightAware ADS-B (POZ / EPPO)
TLV - ARN,Norwegian Air Sweden,NSZ4612,B738,6/7/2023,Fri 12:49:25 AM,53.9688,18.2783,↑ 339°,471,542,"36,000", ,FlightAware ADS-B (GDN / EPGD)
TLV - ARN,Norwegian Air Sweden,NSZ4612,B738,6/7/2023,Fri 12:49:55 AM,54.0302,18.2392,↑ 340°,471,542,"36,000", ,FlightAware ADS-B (GDN / EPGD)
TLV - ARN,Norwegian Air Sweden,NSZ4612,B738,6/7/2023,Fri 12:50:25 AM,54.0915,18.1998,↑ 339°,470,541,"36,000", ,FlightAware ADS-B (GDN / EPGD)
TLV - ARN,Norwegian Air Sweden,NSZ4612,B738,6/7/2023,Fri 12:50:55 AM,54.1521,18.1604,↑ 339°,469,540,"36,000", ,FlightAware ADS-B (GDN / EPGD)
TLV - ARN,Norwegian Air Sweden,NSZ4612,B738,6/7/2023,Fri 12:51:25 AM,54.2135,18.1206,↑ 339°,468,539,"36,000", ,FlightAware ADS-B (GDN / EPGD)
TLV - ARN,Norwegian Air Sweden,NSZ4612,B738,6/7/2023,Fri 12:51:55 AM,54.2738,18.0815,↑ 339°,468,539,"36,000", ,FlightAware ADS-B (GDN / EPGD)
TLV - ARN,Norwegian Air Sweden,NSZ4612,B738,6/7/2023,Fri 12:52:26 AM,54.335,18.0418,↑ 339°,468,539,"36,000", ,FlightAware ADS-B (GDN / EPGD)
TLV - ARN,Norwegian Air Sweden,NSZ4612,B738,6/7/2023,Fri 12:52:56 AM,54.3967,18.0016,↑ 339°,469,540,"36,000", ,FlightAware ADS-B (EPOK)
TLV - ARN,Norwegian Air Sweden,NSZ4612,B738,6/7/2023,Fri 12:53:26 AM,54.4579,17.9614,↑ 339°,469,540,"36,000", ,FlightAware ADS-B (EPKS)
TLV - ARN,Norwegian Air Sweden,NSZ4612,B738,6/7/2023,Fri 12:53:56 AM,54.5187,17.9214,↑ 339°,469,540,"36,000", ,FlightAware ADS-B (CPH / EKCH)
TLV - ARN,Norwegian Air Sweden,NSZ4612,B738,6/7/2023,Fri 12:54:26 AM,54.5785,17.882,↑ 339°,469,540,"36,000", ,FlightAware ADS-B (GDN / EPGD)
TLV - ARN,Norwegian Air Sweden,NSZ4612,B738,6/7/2023,Fri 12:54:57 AM,54.6409,17.8411,↑ 339°,470,541,"36,000", ,FlightAware ADS-B (EPOK)
TLV - ARN,Norwegian Air Sweden,NSZ4612,B738,6/7/2023,Fri 12:55:27 AM,54.7009,17.8012,↑ 339°,470,541,"36,000", ,FlightAware ADS-B (POZ / EPPO)
TLV - ARN,Norwegian Air Sweden,NSZ4612,B738,6/7/2023,Fri 12:55:51 AM,54.7535,17.7661,↑ 339°,470,541,"36,000", ,FlightAware ADS-B (SZZ / EPSC)
TLV - ARN,Norwegian Air Sweden,NSZ4612,B738,6/7/2023,Fri 12:56:21 AM,54.8138,17.726,↑ 339°,470,541,"36,000", ,FlightAware ADS-B (SZZ / EPSC)
TLV - ARN,Norwegian Air Sweden,NSZ4612,B738,6/7/2023,Fri 12:56:47 AM,54.8665,17.6973,↑ 346°,474,545,"36,000", ,FlightAware ADS-B (EPKS)
TLV - ARN,Norwegian Air Sweden,NSZ4612,B738,6/7/2023,Fri 12:57:04 AM,54.901,17.6859,↑ 350°,477,549,"36,000", ,FlightAware ADS-B
TLV - ARN,Norwegian Air Sweden,NSZ4612,B738,6/7/2023,Fri 12:57:35 AM,54.971,17.6646,↑ 350°,477,549,"36,000", ,FlightAware ADS-B (POZ / EPPO)
TLV - ARN,Norwegian Air Sweden,NSZ4612,B738,6/7/2023,Fri 12:58:02 AM,55.0279,17.6469,↑ 351°,477,549,"36,000", ,FlightAware ADS-B (RKE / EKRK)
TLV - ARN,Norwegian Air Sweden,NSZ4612,B738,6/7/2023,Fri 12:58:32 AM,55.0922,17.627,↑ 351°,479,551,"36,000", ,FlightAware ADS-B (RKE / EKRK)
TLV - ARN,Norwegian Air Sweden,NSZ4612,B738,6/7/2023,Fri 12:59:03 AM,55.1596,17.6062,↑ 351°,479,551,"36,000", ,FlightAware ADS-B (RKE / EKRK)
TLV - ARN,Norwegian Air Sweden,NSZ4612,B738,6/7/2023,Fri 12:59:33 AM,55.2236,17.5864,↑ 351°,480,552,"36,000", ,FlightAware ADS-B (RKE / EKRK)
TLV - ARN,Norwegian Air Sweden,NSZ4612,B738,6/7/2023,Fri 01:00:01 AM,55.2842,17.5676,↑ 351°,479,551,"36,000", ,FlightAware ADS-B (RKE / EKRK)
TLV - ARN,Norwegian Air Sweden,NSZ4612,B738,6/7/2023,Fri 01:00:17 AM,55.3212,17.556,↑ 351°,478,550,"36,000", ,FlightAware ADS-B (RKE / EKRK)
TLV - ARN,Norwegian Air Sweden,NSZ4612,B738,6/7/2023,Fri 01:00:47 AM,55.3851,17.5361,↑ 351°,477,549,"36,000", ,FlightAware ADS-B (RKE / EKRK)
TLV - ARN,Norwegian Air Sweden,NSZ4612,B738,6/7/2023,Fri 01:01:03 AM,55.4212,17.5247,↑ 351°,476,548,"36,000", ,FlightAware ADS-B (RKE / EKRK)
TLV - ARN,Norwegian Air Sweden,NSZ4612,B738,6/7/2023,Fri 01:01:33 AM,55.4869,17.5037,↑ 351°,475,547,"36,000", ,FlightAware ADS-B (RKE / EKRK)
TLV - ARN,Norwegian Air Sweden,NSZ4612,B738,6/7/2023,Fri 01:02:04 AM,55.551,17.4832,↑ 351°,474,545,"36,000", ,FlightAware ADS-B (RKE / EKRK)
TLV - ARN,Norwegian Air Sweden,NSZ4612,B738,6/7/2023,Fri 01:02:34 AM,55.6158,17.4625,↑ 351°,474,545,"36,000", ,FlightAware ADS-B (RKE / EKRK)
TLV - ARN,Norwegian Air Sweden,NSZ4612,B738,6/7/2023,Fri 01:03:04 AM,55.6814,17.4416,↑ 351°,473,544,"36,000", ,FlightAware ADS-B (RKE / EKRK)
TLV - ARN,Norwegian Air Sweden,NSZ4612,B738,6/7/2023,Fri 01:03:34 AM,55.745,17.4214,↑ 351°,473,544,"36,000", ,FlightAware ADS-B (RKE / EKRK)
TLV - ARN,Norwegian Air Sweden,NSZ4612,B738,6/7/2023,Fri 01:04:04 AM,55.8121,17.4005,↑ 353°,474,545,"36,000", ,FlightAware ADS-B (RKE / EKRK)
TLV - ARN,Norwegian Air Sweden,NSZ4612,B738,6/7/2023,Fri 01:04:21 AM,55.8478,17.3952,↑ 357°,477,549,"36,000", ,FlightAware ADS-B (KLR / ESMQ)
TLV - ARN,Norwegian Air Sweden,NSZ4612,B738,6/7/2023,Fri 01:04:39 AM,55.8881,17.3964,↑ 3°,480,552,"36,000", ,FlightAware ADS-B (KLR / ESMQ)
TLV - ARN,Norwegian Air Sweden,NSZ4612,B738,6/7/2023,Fri 01:05:20 AM,55.9771,17.4096,↑ 5°,480,552,"36,000", ,FlightAware ADS-B (KLR / ESMQ)
TLV - ARN,Norwegian Air Sweden,NSZ4612,B738,6/7/2023,Fri 01:05:50 AM,56.0449,17.4197,↑ 5°,479,551,"36,000", ,FlightAware ADS-B (AGH / ESTA)
TLV - ARN,Norwegian Air Sweden,NSZ4612,B738,6/7/2023,Fri 01:06:20 AM,56.1111,17.43,↑ 5°,478,550,"36,000", ,FlightAware ADS-B (AGH / ESTA)
TLV - ARN,Norwegian Air Sweden,NSZ4612,B738,6/7/2023,Fri 01:06:50 AM,56.1754,17.44,↑ 5°,478,550,"36,000", ,FlightAware ADS-B (KID / ESMK)
TLV - ARN,Norwegian Air Sweden,NSZ4612,B738,6/7/2023,Fri 01:07:20 AM,56.2425,17.4507,↑ 5°,477,549,"36,000", ,FlightAware ADS-B (KLR / ESMQ)
TLV - ARN,Norwegian Air Sweden,NSZ4612,B738,6/7/2023,Fri 01:07:50 AM,56.308,17.4613,↑ 5°,477,549,"36,000", ,FlightAware ADS-B (KLR / ESMQ)
TLV - ARN,Norwegian Air Sweden,NSZ4612,B738,6/7/2023,Fri 01:08:20 AM,56.3736,17.4719,↑ 5°,476,548,"36,000", ,FlightAware ADS-B (KLR / ESMQ)
TLV - ARN,Norwegian Air Sweden,NSZ4612,B738,6/7/2023,Fri 01:08:50 AM,56.4397,17.4823,↑ 5°,477,549,"36,000", ,FlightAware ADS-B (SQQ / EYSA)
TLV - ARN,Norwegian Air Sweden,NSZ4612,B738,6/7/2023,Fri 01:09:20 AM,56.5028,17.4924,↑ 5°,481,554,"36,000", ,FlightAware ADS-B (BMA / ESSB)
TLV - ARN,Norwegian Air Sweden,NSZ4612,B738,6/7/2023,Fri 01:09:50 AM,56.571,17.5035,↑ 5°,482,555,"36,000", ,FlightAware ADS-B (KLR / ESMQ)
TLV - ARN,Norwegian Air Sweden,NSZ4612,B738,6/7/2023,Fri 01:10:20 AM,56.6403,17.5148,↑ 5°,483,556,"36,000", ,FlightAware ADS-B (ESSE)
TLV - ARN,Norwegian Air Sweden,NSZ4612,B738,6/7/2023,Fri 01:10:50 AM,56.7042,17.5249,↑ 5°,483,556,"36,000", ,FlightAware ADS-B (ZBG / EPEL)
TLV - ARN,Norwegian Air Sweden,NSZ4612,B738,6/7/2023,Fri 01:11:20 AM,56.7714,17.5355,↑ 5°,484,557,"36,000", ,FlightAware ADS-B (KLR / ESMQ)
TLV - ARN,Norwegian Air Sweden,NSZ4612,B738,6/7/2023,Fri 01:11:50 AM,56.837,17.5464,↑ 5°,484,557,"36,000", ,FlightAware ADS-B (SZZ / EPSC)
TLV - ARN,Norwegian Air Sweden,NSZ4612,B738,6/7/2023,Fri 01:12:20 AM,56.9037,17.5572,↑ 5°,484,557,"36,000", ,FlightAware ADS-B (KLR / ESMQ)
TLV - ARN,Norwegian Air Sweden,NSZ4612,B738,6/7/2023,Fri 01:12:51 AM,56.973,17.5683,↑ 5°,484,557,"36,000", ,FlightAware ADS-B (EEPU)
TLV - ARN,Norwegian Air Sweden,NSZ4612,B738,6/7/2023,Fri 01:13:21 AM,57.0403,17.5792,↑ 5°,483,556,"36,000", ,FlightAware ADS-B (EEPU)
TLV - ARN,Norwegian Air Sweden,NSZ4612,B738,6/7/2023,Fri 01:13:51 AM,57.1091,17.5901,↑ 5°,483,556,"36,000", ,FlightAware ADS-B (EPWI)
TLV - ARN,Norwegian Air Sweden,NSZ4612,B738,6/7/2023,Fri 01:14:21 AM,57.1726,17.6004,↑ 5°,483,556,"36,000", ,FlightAware ADS-B (ESCF)
TLV - ARN,Norwegian Air Sweden,NSZ4612,B738,6/7/2023,Fri 01:14:51 AM,57.2394,17.6115,↑ 5°,483,556,"36,000", ,FlightAware ADS-B (ESCF)
TLV - ARN,Norwegian Air Sweden,NSZ4612,B738,6/7/2023,Fri 01:15:21 AM,57.3059,17.6228,↑ 5°,483,556,"36,000", ,FlightAware ADS-B (ESCF)
TLV - ARN,Norwegian Air Sweden,NSZ4612,B738,6/7/2023,Fri 01:15:51 AM,57.373,17.6342,↑ 5°,484,557,"36,000", ,FlightAware ADS-B (ESCF)
TLV - ARN,Norwegian Air Sweden,NSZ4612,B738,6/7/2023,Fri 01:16:21 AM,57.4381,17.645,↑ 5°,484,557,"36,000", ,FlightAware ADS-B (LPI / ESSL)
TLV - ARN,Norwegian Air Sweden,NSZ4612,B738,6/7/2023,Fri 01:16:51 AM,57.506,17.6563,↑ 5°,485,558,"36,000", ,FlightAware ADS-B (ESCF)
TLV - ARN,Norwegian Air Sweden,NSZ4612,B738,6/7/2023,Fri 01:17:21 AM,57.5738,17.6677,↑ 5°,486,559,"36,000", ,FlightAware ADS-B (ESCF)
TLV - ARN,Norwegian Air Sweden,NSZ4612,B738,6/7/2023,Fri 01:17:51 AM,57.6402,17.6789,↑ 5°,486,559,"36,000",-475,FlightAware ADS-B (ESKC)
TLV - ARN,Norwegian Air Sweden,NSZ4612,B738,6/7/2023,Fri 01:18:21 AM,57.7078,17.6903,↑ 5°,479,551,"35,525","-1,750",FlightAware ADS-B (EKSN)
TLV - ARN,Norwegian Air Sweden,NSZ4612,B738,6/7/2023,Fri 01:18:51 AM,57.7728,17.7016,↑ 5°,478,550,"34,250","-2,025",FlightAware ADS-B (BMA / ESSB)
TLV - ARN,Norwegian Air Sweden,NSZ4612,B738,6/7/2023,Fri 01:19:21 AM,57.8373,17.7127,↑ 5°,473,544,"33,500","-1,850",FlightAware ADS-B (BMA / ESSB)
TLV - ARN,Norwegian Air Sweden,NSZ4612,B738,6/7/2023,Fri 01:19:51 AM,57.9043,17.7238,↑ 5°,481,554,"32,400","-2,050",FlightAware ADS-B (BMA / ESSB)
TLV - ARN,Norwegian Air Sweden,NSZ4612,B738,6/7/2023,Fri 01:20:21 AM,57.9703,17.735,↑ 5°,475,547,"31,450","-1,925",FlightAware ADS-B (BMA / ESSB)
TLV - ARN,Norwegian Air Sweden,NSZ4612,B738,6/7/2023,Fri 01:20:51 AM,58.0352,17.7452,↑ 5°,470,541,"30,475","-1,975",FlightAware ADS-B (BMA / ESSB)
TLV - ARN,Norwegian Air Sweden,NSZ4612,B738,6/7/2023,Fri 01:21:21 AM,58.0988,17.7574,↑ 7°,463,533,"29,475","-2,063",FlightAware ADS-B (ESCF)
TLV - ARN,Norwegian Air Sweden,NSZ4612,B738,6/7/2023,Fri 01:21:55 AM,58.1727,17.779,↑ 9°,465,535,"28,275","-2,180",FlightAware ADS-B (PLQ / EYPA)
TLV - ARN,Norwegian Air Sweden,NSZ4612,B738,6/7/2023,Fri 01:22:25 AM,58.237,17.7986,↑ 9°,471,542,"27,150","-2,225",FlightAware ADS-B (PLQ / EYPA)
TLV - ARN,Norwegian Air Sweden,NSZ4612,B738,6/7/2023,Fri 01:22:55 AM,58.2996,17.8177,↑ 9°,469,540,"26,050","-2,275",FlightAware ADS-B (ESSE)
TLV - ARN,Norwegian Air Sweden,NSZ4612,B738,6/7/2023,Fri 01:23:25 AM,58.3651,17.8377,↑ 9°,460,529,"24,875","-2,350",FlightAware ADS-B (ESSE)
TLV - ARN,Norwegian Air Sweden,NSZ4612,B738,6/7/2023,Fri 01:23:55 AM,58.428,17.8569,↑ 9°,454,522,"23,700","-2,350",FlightAware ADS-B (ESSE)
TLV - ARN,Norwegian Air Sweden,NSZ4612,B738,6/7/2023,Fri 01:24:25 AM,58.4896,17.8757,↑ 9°,447,514,"22,525","-2,225",FlightAware ADS-B (BMA / ESSB)
TLV - ARN,Norwegian Air Sweden,NSZ4612,B738,6/7/2023,Fri 01:24:55 AM,58.5461,17.8931,↑ 9°,437,503,"21,475","-1,475",FlightAware ADS-B (ARN / ESSA)
TLV - ARN,Norwegian Air Sweden,NSZ4612,B738,6/7/2023,Fri 01:25:25 AM,58.6049,17.9113,↑ 9°,412,474,"21,050",-825,FlightAware ADS-B (GVX / ESSK)
TLV - ARN,Norwegian Air Sweden,NSZ4612,B738,6/7/2023,Fri 01:25:55 AM,58.6617,17.9287,↑ 9°,388,447,"20,650",-975,FlightAware ADS-B (ESKC)
TLV - ARN,Norwegian Air Sweden,NSZ4612,B738,6/7/2023,Fri 01:26:25 AM,58.7114,17.944,↑ 9°,375,432,"20,075","-1,350",FlightAware ADS-B (ESSC)
TLV - ARN,Norwegian Air Sweden,NSZ4612,B738,6/7/2023,Fri 01:26:55 AM,58.7637,17.9599,↑ 9°,366,421,"19,300","-1,625",FlightAware ADS-B (ESHR)
TLV - ARN,Norwegian Air Sweden,NSZ4612,B738,6/7/2023,Fri 01:27:25 AM,58.8129,17.9751,↑ 9°,360,414,"18,450","-1,675",FlightAware ADS-B (BMA / ESSB)
TLV - ARN,Norwegian Air Sweden,NSZ4612,B738,6/7/2023,Fri 01:27:55 AM,58.8593,17.9896,↑ 9°,357,411,"17,625","-1,721",FlightAware ADS-B (VST / ESOW)
TLV - ARN,Norwegian Air Sweden,NSZ4612,B738,6/7/2023,Fri 01:28:26 AM,58.9095,18.0052,↑ 9°,354,407,"16,700","-1,672",FlightAware ADS-B (ESCF)
TLV - ARN,Norwegian Air Sweden,NSZ4612,B738,6/7/2023,Fri 01:28:56 AM,58.9578,18.0203,↑ 9°,347,399,"15,925","-1,650",FlightAware ADS-B (ESHC)
TLV - ARN,Norwegian Air Sweden,NSZ4612,B738,6/7/2023,Fri 01:29:26 AM,59.0053,18.0353,↑ 9°,343,395,"15,050","-1,775",FlightAware ADS-B (ESHC)
TLV - ARN,Norwegian Air Sweden,NSZ4612,B738,6/7/2023,Fri 01:29:56 AM,59.0511,18.0495,↑ 9°,341,392,"14,150","-1,700",FlightAware ADS-B (BMA / ESSB)
TLV - ARN,Norwegian Air Sweden,NSZ4612,B738,6/7/2023,Fri 01:30:26 AM,59.0976,18.067,↑ 11°,338,389,"13,350","-1,625",FlightAware ADS-B (ESHL)
TLV - ARN,Norwegian Air Sweden,NSZ4612,B738,6/7/2023,Fri 01:30:56 AM,59.1454,18.086,↑ 12°,333,383,"12,525","-1,600",FlightAware ADS-B (BMA / ESSB)
TLV - ARN,Norwegian Air Sweden,NSZ4612,B738,6/7/2023,Fri 01:31:26 AM,59.1883,18.1033,↑ 12°,330,380,"11,750","-1,600",FlightAware ADS-B (ESSC)
TLV - ARN,Norwegian Air Sweden,NSZ4612,B738,6/7/2023,Fri 01:31:56 AM,59.2324,18.1207,↑ 12°,326,375,"10,925","-1,525",FlightAware ADS-B (VST / ESOW)
TLV - ARN,Norwegian Air Sweden,NSZ4612,B738,6/7/2023,Fri 01:32:26 AM,59.2779,18.1383,↑ 12°,316,364,"10,225","-1,526",FlightAware ADS-B (ESHR)
TLV - ARN,Norwegian Air Sweden,NSZ4612,B738,6/7/2023,Fri 01:32:54 AM,59.3173,18.1581,↑ 16°,315,362,"9,450","-1,474",FlightAware ADS-B (ESKC)
TLV - ARN,Norwegian Air Sweden,NSZ4612,B738,6/7/2023,Fri 01:33:24 AM,59.3565,18.1804,↑ 17°,309,356,"8,800","-1,125",FlightAware ADS-B (BMA / ESSB)
TLV - ARN,Norwegian Air Sweden,NSZ4612,B738,6/7/2023,Fri 01:33:54 AM,59.3964,18.2039,↑ 17°,295,339,"8,325","-1,150",FlightAware ADS-B (ESHY)
TLV - ARN,Norwegian Air Sweden,NSZ4612,B738,6/7/2023,Fri 01:34:24 AM,59.4378,18.2279,↑ 16°,288,331,"7,650","-1,075",FlightAware ADS-B (ESKC)
TLV - ARN,Norwegian Air Sweden,NSZ4612,B738,6/7/2023,Fri 01:34:54 AM,59.4745,18.2488,↑ 16°,276,318,"7,250",-783,FlightAware ADS-B (ESKC)
TLV - ARN,Norwegian Air Sweden,NSZ4612,B738,6/7/2023,Fri 01:35:10 AM,59.4934,18.2612,↑ 20°,268,308,"7,050",-857,FlightAware ADS-B (BMA / ESSB)
TLV - ARN,Norwegian Air Sweden,NSZ4612,B738,6/7/2023,Fri 01:35:29 AM,59.514,18.2768,↑ 21°,265,305,"6,750","-1,133",FlightAware ADS-B (BMA / ESSB)
TLV - ARN,Norwegian Air Sweden,NSZ4612,B738,6/7/2023,Fri 01:35:59 AM,59.5486,18.3036,↗ 22°,262,302,"6,125","-1,125",FlightAware ADS-B (BMA / ESSB)
TLV - ARN,Norwegian Air Sweden,NSZ4612,B738,6/7/2023,Fri 01:36:29 AM,59.5805,18.3284,↗ 22°,256,295,"5,625","-1,150",FlightAware ADS-B (ARN / ESSA)
TLV - ARN,Norwegian Air Sweden,NSZ4612,B738,6/7/2023,Fri 01:36:59 AM,59.6129,18.3535,↑ 21°,257,296,"4,975","-1,400",FlightAware ADS-B (BMA / ESSB)
TLV - ARN,Norwegian Air Sweden,NSZ4612,B738,6/7/2023,Fri 01:37:29 AM,59.6462,18.3791,↑ 21°,252,290,"4,225","-1,613",FlightAware ADS-B (ARN / ESSA)
TLV - ARN,Norwegian Air Sweden,NSZ4612,B738,6/7/2023,Fri 01:37:52 AM,59.6715,18.3984,↑ 20°,251,289,"3,550","-1,385",FlightAware ADS-B (BMA / ESSB)
TLV - ARN,Norwegian Air Sweden,NSZ4612,B738,6/7/2023,Fri 01:38:08 AM,59.6885,18.4018,↑ 356°,239,275,"3,325",-729,FlightAware ADS-B (BMA / ESSB)
TLV - ARN,Norwegian Air Sweden,NSZ4612,B738,6/7/2023,Fri 01:38:27 AM,59.7061,18.3812,← 313°,211,243,"3,125",-557,FlightAware ADS-B (ESHR)
TLV - ARN,Norwegian Air Sweden,NSZ4612,B738,6/7/2023,Fri 01:38:43 AM,59.7092,18.3558,← 268°,192,221,"3,000",-549,FlightAware ADS-B (ARN / ESSA)
TLV - ARN,Norwegian Air Sweden,NSZ4612,B738,6/7/2023,Fri 01:39:08 AM,59.7055,18.3125,← 260°,174,200,"2,750",-500,FlightAware ADS-B (BMA / ESSB)
TLV - ARN,Norwegian Air Sweden,NSZ4612,B738,6/7/2023,Fri 01:39:37 AM,59.7009,18.2717,← 255°,159,183,"2,550",-203,FlightAware ADS-B (ESHR)
TLV - ARN,Norwegian Air Sweden,NSZ4612,B738,6/7/2023,Fri 01:40:07 AM,59.6953,18.2283,← 256°,157,181,"2,550",-254,FlightAware ADS-B (ARN / ESSA)
TLV - ARN,Norwegian Air Sweden,NSZ4612,B738,6/7/2023,Fri 01:40:36 AM,59.6902,18.1884,← 255°,152,175,"2,300",-647,FlightAware ADS-B (ESHR)
TLV - ARN,Norwegian Air Sweden,NSZ4612,B738,6/7/2023,Fri 01:40:58 AM,59.6866,18.1587,← 256°,148,170,"2,000",-779,FlightAware ADS-B (BMA / ESSB)
TLV - ARN,Norwegian Air Sweden,NSZ4612,B738,6/7/2023,Fri 01:41:28 AM,59.682,18.122,← 256°,142,163,"1,625",-725,FlightAware ADS-B (ESHU)
TLV - ARN,Norwegian Air Sweden,NSZ4612,B738,6/7/2023,Fri 01:41:58 AM,59.6773,18.0851,← 256°,132,152,"1,275",-696,FlightAware ADS-B (BMA / ESSB)
TLV - ARN,Norwegian Air Sweden,NSZ4612,B738,6/7/2023,Fri 01:42:24 AM,59.6734,18.0541,← 256°,132,152,975,-725,Surface and Near-Surface
TLV - ARN,Norwegian Air Sweden,NSZ4612,B738,6/7/2023,Fri 01:43:29 AM,59.6636,17.9765,← 256°,142,163,175,-630,FlightAware ADS-B (ARN / ESSA)
TLV - ARN,Norwegian Air Sweden,NSZ4612,B738,6/7/2023,Fri 01:43:45 AM,59.6613,17.9585,← 256°,109,125,125,-188,FlightAware ADS-B (ARN / ESSA)
