Route,Airline,Flight Num,Aircraft ,Date,Time,Latitude,Longitude,Course,Kts,mph,feet,Rate,Reporting Facility
TLV - CDG,Air France,AFR963,A359,28/06/2023,Wed 06:09:11 PM,32.0138,34.8675,← 260°,161,185,325, ,FlightAware ADS-B (TLV / LLBG)
TLV - CDG,Air France,AFR963,A359,28/06/2023,Wed 06:09:28 PM,32.0118,34.8526,← 262°,161,185,950,"2,227",FlightAware ADS-B (PFO / LCPH)
TLV - CDG,Air France,AFR963,A359,28/06/2023,Wed 06:09:44 PM,32.0099,34.8392,← 259°,158,182,"1,550","2,109",FlightAware ADS-B (TLV / LLBG)
TLV - CDG,Air France,AFR963,A359,28/06/2023,Wed 06:10:00 PM,32.0075,34.8259,← 257°,162,186,"2,075","1,922",FlightAware ADS-B (TLV / LLBG)
TLV - CDG,Air France,AFR963,A359,28/06/2023,Wed 06:10:16 PM,32.0044,34.8108,← 256°,168,193,"2,575","2,250",FlightAware ADS-B (AKT / LCRA)
TLV - CDG,Air France,AFR963,A359,28/06/2023,Wed 06:10:32 PM,32.0013,34.7962,← 256°,166,191,"3,275","1,784",FlightAware ADS-B (LLHZ)
TLV - CDG,Air France,AFR963,A359,28/06/2023,Wed 06:10:53 PM,31.9973,34.7781,← 255°,189,217,"3,675","1,014",FlightAware ADS-B (BEV / LLBS)
TLV - CDG,Air France,AFR963,A359,28/06/2023,Wed 06:11:09 PM,31.9937,34.7625,← 255°,215,247,"3,900",864,FlightAware ADS-B (PFO / LCPH)
TLV - CDG,Air France,AFR963,A359,28/06/2023,Wed 06:11:26 PM,31.9924,34.7396,← 281°,243,280,"4,150","1,125",FlightAware ADS-B (TLV / LLBG)
TLV - CDG,Air France,AFR963,A359,28/06/2023,Wed 06:11:53 PM,32.0028,34.7044,← 293°,274,315,"4,725","2,263",FlightAware ADS-B (BEV / LLBS)
TLV - CDG,Air France,AFR963,A359,28/06/2023,Wed 06:12:23 PM,32.0174,34.6634,← 292°,266,306,"6,300","2,531",FlightAware ADS-B (BEV / LLBS)
TLV - CDG,Air France,AFR963,A359,28/06/2023,Wed 06:12:41 PM,32.0254,34.6384,← 286°,268,308,"6,750","1,417",FlightAware ADS-B (TLV / LLBG)
TLV - CDG,Air France,AFR963,A359,28/06/2023,Wed 06:12:59 PM,32.0282,34.6117,← 273°,273,314,"7,150","1,125",FlightAware ADS-B (LCA / LCLK)
TLV - CDG,Air France,AFR963,A359,28/06/2023,Wed 06:13:29 PM,32.0299,34.5663,← 274°,274,315,"7,650",950,FlightAware ADS-B (LLHZ)
TLV - CDG,Air France,AFR963,A359,28/06/2023,Wed 06:13:59 PM,32.0325,34.5216,← 274°,272,313,"8,100",620,FlightAware ADS-B (LLHZ)
TLV - CDG,Air France,AFR963,A359,28/06/2023,Wed 06:14:15 PM,32.0338,34.4984,← 274°,274,315,"8,125",47,FlightAware ADS-B (TLV / LLBG)
TLV - CDG,Air France,AFR963,A359,28/06/2023,Wed 06:14:31 PM,32.0351,34.4742,← 274°,275,316,"8,125",43,FlightAware ADS-B (BEV / LLBS)
TLV - CDG,Air France,AFR963,A359,28/06/2023,Wed 06:14:50 PM,32.0366,34.4451,← 274°,275,316,"8,150","1,133",FlightAware ADS-B (LLHZ)
TLV - CDG,Air France,AFR963,A359,28/06/2023,Wed 06:15:20 PM,32.039,34.4026,← 274°,276,318,"9,050","2,162",FlightAware ADS-B (TLV / LLBG)
TLV - CDG,Air France,AFR963,A359,28/06/2023,Wed 06:17:06 PM,32.0484,34.2392,← 276°,291,335,"13,050","1,988",FlightAware ADS-B (LLHZ)
TLV - CDG,Air France,AFR963,A359,28/06/2023,Wed 06:17:29 PM,32.0596,34.2049,← 301°,320,368,"13,325",974,FlightAware ADS-B (BEY / OLBA)
TLV - CDG,Air France,AFR963,A359,28/06/2023,Wed 06:19:03 PM,32.1398,34.0528,← 302°,329,379,"14,950","1,173",FlightAware MLAT (7 sites)
TLV - CDG,Air France,AFR963,A359,28/06/2023,Wed 06:19:33 PM,32.1674,33.999,← 302°,417,480,"15,750","1,530",FlightAware MLAT (5 sites)
TLV - CDG,Air France,AFR963,A359,28/06/2023,Wed 06:19:53 PM,32.1837,33.959,← 301°,469,540,"16,225","1,647",FlightAware ADS-B (SDV / LLSD)
TLV - CDG,Air France,AFR963,A359,28/06/2023,Wed 06:20:24 PM,32.2075,33.901,← 296°,383,441,"17,150","1,500",FlightAware ADS-B (PFO / LCPH)
TLV - CDG,Air France,AFR963,A359,28/06/2023,Wed 06:20:55 PM,32.2313,33.8432,← 296°,391,450,"17,775","1,303",FlightAware ADS-B (BEV / LLBS)
TLV - CDG,Air France,AFR963,A359,28/06/2023,Wed 06:21:25 PM,32.2557,33.7841,← 296°,398,458,"18,475","1,352",FlightAware ADS-B (PFO / LCPH)
TLV - CDG,Air France,AFR963,A359,28/06/2023,Wed 06:21:56 PM,32.2806,33.7235,← 296°,404,465,"19,150","1,574",FlightAware ADS-B (BEY / OLBA)
TLV - CDG,Air France,AFR963,A359,28/06/2023,Wed 06:22:26 PM,32.305,33.6643,← 296°,400,460,"20,075","1,550",FlightAware ADS-B (LCA / LCLK)
TLV - CDG,Air France,AFR963,A359,28/06/2023,Wed 06:22:56 PM,32.3291,33.6055,← 296°,406,467,"20,700","1,342",FlightAware ADS-B (BEV / LLBS)
TLV - CDG,Air France,AFR963,A359,28/06/2023,Wed 06:24:39 PM,32.4142,33.397,← 296°,411,473,"23,050","1,252",FlightAware ADS-B (PFO / LCPH)
TLV - CDG,Air France,AFR963,A359,28/06/2023,Wed 06:25:09 PM,32.4393,33.3353,← 296°,419,482,"23,475","1,050",FlightAware ADS-B (PFO / LCPH)
TLV - CDG,Air France,AFR963,A359,28/06/2023,Wed 06:25:39 PM,32.4644,33.2735,← 296°,421,484,"24,100","1,381",FlightAware ADS-B (PFO / LCPH)
TLV - CDG,Air France,AFR963,A359,28/06/2023,Wed 06:26:12 PM,32.4923,33.205,← 296°,420,483,"24,925","1,230",FlightAware ADS-B (LLEK)
TLV - CDG,Air France,AFR963,A359,28/06/2023,Wed 06:26:40 PM,32.5165,33.1463,← 298°,429,494,"25,350",957,FlightAware ADS-B (PFO / LCPH)
TLV - CDG,Air France,AFR963,A359,28/06/2023,Wed 06:27:10 PM,32.5492,33.0858,← 303°,437,503,"25,850","1,050",FlightAware ADS-B (LCA / LCLK)
TLV - CDG,Air France,AFR963,A359,28/06/2023,Wed 06:27:40 PM,32.5829,33.0243,← 303°,441,507,"26,400","1,113",FlightAware ADS-B (PFO / LCPH)
TLV - CDG,Air France,AFR963,A359,28/06/2023,Wed 06:28:12 PM,32.618,32.9595,← 303°,444,511,"27,000","1,125",FlightAware ADS-B (NIC / LCNC)
TLV - CDG,Air France,AFR963,A359,28/06/2023,Wed 06:28:44 PM,32.655,32.8913,← 303°,447,514,"27,600",976,FlightAware ADS-B (LLHZ)
TLV - CDG,Air France,AFR963,A359,28/06/2023,Wed 06:29:15 PM,32.688,32.8304,← 303°,452,520,"28,025","1,008",FlightAware ADS-B (BEY / OLBA)
TLV - CDG,Air France,AFR963,A359,28/06/2023,Wed 06:29:45 PM,32.7209,32.7696,← 303°,454,522,"28,625","1,125",FlightAware ADS-B (PFO / LCPH)
TLV - CDG,Air France,AFR963,A359,28/06/2023,Wed 06:30:15 PM,32.7565,32.7031,← 303°,455,524,"29,150","1,025",FlightAware ADS-B (AKT / LCRA)
TLV - CDG,Air France,AFR963,A359,28/06/2023,Wed 06:30:45 PM,32.7911,32.6398,← 303°,458,527,"29,650","1,075",FlightAware ADS-B (LLHZ)
TLV - CDG,Air France,AFR963,A359,28/06/2023,Wed 06:31:15 PM,32.8237,32.5792,← 303°,457,526,"30,225","1,131",FlightAware ADS-B (LCA / LCLK)
TLV - CDG,Air France,AFR963,A359,28/06/2023,Wed 06:31:46 PM,32.859,32.5121,← 302°,459,528,"30,800",833,FlightAware ADS-B (LCA / LCLK)
TLV - CDG,Air France,AFR963,A359,28/06/2023,Wed 06:32:18 PM,32.8971,32.4427,← 303°,466,536,"31,100",653,FlightAware ADS-B (LCA / LCLK)
TLV - CDG,Air France,AFR963,A359,28/06/2023,Wed 06:32:48 PM,32.9317,32.378,← 303°,469,540,"31,475",775,FlightAware ADS-B (AKT / LCRA)
TLV - CDG,Air France,AFR963,A359,28/06/2023,Wed 06:33:18 PM,32.9675,32.3109,← 302°,473,544,"31,875",714,FlightAware ADS-B (LCA / LCLK)
TLV - CDG,Air France,AFR963,A359,28/06/2023,Wed 06:33:51 PM,33.0054,32.2399,← 302°,477,549,"32,225",690,FlightAware ADS-B (AKT / LCRA)
TLV - CDG,Air France,AFR963,A359,28/06/2023,Wed 06:34:21 PM,33.0406,32.1736,← 302°,479,551,"32,600",925,FlightAware ADS-B (GZP / LTFG)
TLV - CDG,Air France,AFR963,A359,28/06/2023,Wed 06:34:51 PM,33.0772,32.105,← 302°,478,550,"33,150","1,075",FlightAware ADS-B (GZP / LTFG)
TLV - CDG,Air France,AFR963,A359,28/06/2023,Wed 06:35:21 PM,33.1101,32.0432,← 302°,476,548,"33,675",850,FlightAware ADS-B (PFO / LCPH)
TLV - CDG,Air France,AFR963,A359,28/06/2023,Wed 06:35:51 PM,33.1472,31.973,← 302°,473,544,"34,000",325,FlightAware ADS-B (LCA / LCLK)
TLV - CDG,Air France,AFR963,A359,28/06/2023,Wed 06:36:21 PM,33.1822,31.9069,← 302°,471,542,"34,000", ,FlightAware ADS-B (LCA / LCLK)
TLV - CDG,Air France,AFR963,A359,28/06/2023,Wed 06:37:05 PM,33.2423,31.8167,← 315°,482,555,"34,000", ,FlightAware ADS-B (LCA / LCLK)
TLV - CDG,Air France,AFR963,A359,28/06/2023,Wed 06:37:36 PM,33.2903,31.7609,↖ 316°,484,557,"34,000",25,FlightAware ADS-B (ECN / LCEN)
TLV - CDG,Air France,AFR963,A359,28/06/2023,Wed 06:38:06 PM,33.3396,31.7035,↖ 316°,484,557,"34,025",556,FlightAware ADS-B (LCA / LCLK)
TLV - CDG,Air France,AFR963,A359,28/06/2023,Wed 06:38:38 PM,33.393,31.6416,↖ 316°,484,557,"34,575","1,195",FlightAware ADS-B (PFO / LCPH)
TLV - CDG,Air France,AFR963,A359,28/06/2023,Wed 06:39:10 PM,33.4412,31.5859,↖ 316°,479,551,"35,300","1,131",FlightAware ADS-B (AYT / LTAI)
TLV - CDG,Air France,AFR963,A359,28/06/2023,Wed 06:39:43 PM,33.4954,31.5244,↖ 317°,480,552,"35,800",914,FlightAware ADS-B (GZP / LTFG)
TLV - CDG,Air France,AFR963,A359,28/06/2023,Wed 06:40:14 PM,33.5453,31.4687,↖ 317°,478,550,"36,275",861,FlightAware ADS-B (PFO / LCPH)
TLV - CDG,Air France,AFR963,A359,28/06/2023,Wed 06:40:44 PM,33.5953,31.4135,↖ 317°,479,551,"36,675",787,FlightAware ADS-B (PFO / LCPH)
TLV - CDG,Air France,AFR963,A359,28/06/2023,Wed 06:41:15 PM,33.6451,31.3584,↖ 317°,480,552,"37,075",885,FlightAware ADS-B (PFO / LCPH)
TLV - CDG,Air France,AFR963,A359,28/06/2023,Wed 06:41:45 PM,33.6932,31.3052,↖ 317°,477,549,"37,575","1,125",FlightAware ADS-B (AKT / LCRA)
TLV - CDG,Air France,AFR963,A359,28/06/2023,Wed 06:42:15 PM,33.7437,31.2492,↖ 316°,467,537,"38,200","1,382",FlightAware ADS-B (GZP / LTFG)
TLV - CDG,Air France,AFR963,A359,28/06/2023,Wed 06:42:36 PM,33.7712,31.2088,← 302°,449,517,"38,750","1,184",FlightAware ADS-B (BEY / OLBA)
TLV - CDG,Air France,AFR963,A359,28/06/2023,Wed 06:42:53 PM,33.7843,31.1774,← 291°,440,506,"38,950",510,FlightAware ADS-B (PFO / LCPH)
TLV - CDG,Air France,AFR963,A359,28/06/2023,Wed 06:43:26 PM,33.8086,31.0981,← 291°,444,511,"39,175",429,FlightAware ADS-B (AKT / LCRA)
TLV - CDG,Air France,AFR963,A359,28/06/2023,Wed 06:43:56 PM,33.8323,31.0272,← 292°,447,514,"39,400",750,FlightAware ADS-B (PFO / LCPH)
TLV - CDG,Air France,AFR963,A359,28/06/2023,Wed 06:44:26 PM,33.8552,30.9583,← 292°,442,509,"39,925",581,FlightAware ADS-B (PFO / LCPH)
TLV - CDG,Air France,AFR963,A359,28/06/2023,Wed 06:44:58 PM,33.8789,30.8859,← 291°,443,510,"40,000",69,FlightAware ADS-B (BEV / LLBS)
TLV - CDG,Air France,AFR963,A359,28/06/2023,Wed 06:45:31 PM,33.9027,30.8128,← 291°,443,510,"40,000", ,FlightAware ADS-B (BEV / LLBS)
TLV - CDG,Air France,AFR963,A359,28/06/2023,Wed 06:46:02 PM,33.9263,30.7399,← 291°,444,511,"40,000", ,FlightAware ADS-B (GZP / LTFG)
TLV - CDG,Air France,AFR963,A359,28/06/2023,Wed 06:46:33 PM,33.9491,30.6697,← 291°,444,511,"40,000", ,FlightAware ADS-B (GZP / LTFG)
TLV - CDG,Air France,AFR963,A359,28/06/2023,Wed 06:47:05 PM,33.9738,30.5933,← 291°,444,511,"40,000", ,FlightAware ADS-B (AKT / LCRA)
TLV - CDG,Air France,AFR963,A359,28/06/2023,Wed 06:47:35 PM,33.9955,30.526,← 291°,444,511,"40,000", ,FlightAware ADS-B (ECN / LCEN)
TLV - CDG,Air France,AFR963,A359,28/06/2023,Wed 06:48:05 PM,34.0175,30.4576,← 291°,443,510,"40,000", ,FlightAware ADS-B (GZP / LTFG)
TLV - CDG,Air France,AFR963,A359,28/06/2023,Wed 06:48:36 PM,34.0406,30.3858,← 291°,442,509,"40,000", ,FlightAware ADS-B (RHO / LGRP)
TLV - CDG,Air France,AFR963,A359,28/06/2023,Wed 06:49:06 PM,34.0628,30.3165,← 291°,440,506,"40,000", ,FlightAware ADS-B (AKT / LCRA)
TLV - CDG,Air France,AFR963,A359,28/06/2023,Wed 06:49:36 PM,34.0844,30.249,← 291°,439,505,"40,000", ,FlightAware ADS-B (PFO / LCPH)
TLV - CDG,Air France,AFR963,A359,28/06/2023,Wed 06:50:06 PM,34.107,30.1782,← 291°,440,506,"40,000", ,FlightAware ADS-B (AKT / LCRA)
TLV - CDG,Air France,AFR963,A359,28/06/2023,Wed 06:50:36 PM,34.1281,30.1119,← 291°,442,509,"40,000", ,FlightAware ADS-B (GZP / LTFG)
TLV - CDG,Air France,AFR963,A359,28/06/2023,Wed 06:51:07 PM,34.1526,30.0381,← 295°,446,513,"40,000", ,FlightAware ADS-B (PFO / LCPH)
TLV - CDG,Air France,AFR963,A359,28/06/2023,Wed 06:51:37 PM,34.181,29.9733,← 301°,453,521,"40,000", ,FlightAware ADS-B (ECN / LCEN)
TLV - CDG,Air France,AFR963,A359,28/06/2023,Wed 06:52:09 PM,34.2192,29.9055,← 306°,457,526,"40,000", ,FlightAware ADS-B (AKT / LCRA)
TLV - CDG,Air France,AFR963,A359,28/06/2023,Wed 06:52:39 PM,34.2557,29.8436,← 305°,455,524,"40,000", ,FlightAware ADS-B (GZP / LTFG)
TLV - CDG,Air France,AFR963,A359,28/06/2023,Wed 06:53:09 PM,34.292,29.7812,← 305°,455,524,"40,000", ,FlightAware ADS-B (GZP / LTFG)
TLV - CDG,Air France,AFR963,A359,28/06/2023,Wed 06:53:39 PM,34.3285,29.7184,← 305°,457,526,"40,000", ,FlightAware ADS-B (AKT / LCRA)
TLV - CDG,Air France,AFR963,A359,28/06/2023,Wed 06:54:10 PM,34.3655,29.655,← 305°,455,524,"40,000", ,FlightAware ADS-B (AKT / LCRA)
TLV - CDG,Air France,AFR963,A359,28/06/2023,Wed 06:54:40 PM,34.4031,29.5905,← 305°,453,521,"40,000", ,FlightAware ADS-B (GZP / LTFG)
TLV - CDG,Air France,AFR963,A359,28/06/2023,Wed 06:55:10 PM,34.4381,29.5302,← 305°,452,520,"40,000", ,FlightAware ADS-B (AKT / LCRA)
TLV - CDG,Air France,AFR963,A359,28/06/2023,Wed 06:55:40 PM,34.4744,29.4674,← 305°,453,521,"40,000", ,FlightAware ADS-B (AKT / LCRA)
TLV - CDG,Air France,AFR963,A359,28/06/2023,Wed 06:56:11 PM,34.5123,29.402,← 305°,455,524,"40,000", ,FlightAware ADS-B (GZP / LTFG)
TLV - CDG,Air France,AFR963,A359,28/06/2023,Wed 06:56:41 PM,34.5469,29.342,← 305°,456,525,"40,000", ,FlightAware ADS-B (DLM / LTBS)
TLV - CDG,Air France,AFR963,A359,28/06/2023,Wed 06:57:13 PM,34.5869,29.2727,← 305°,457,526,"40,000", ,FlightAware ADS-B (PFO / LCPH)
TLV - CDG,Air France,AFR963,A359,28/06/2023,Wed 06:57:45 PM,34.624,29.2082,← 305°,458,527,"40,000", ,FlightAware ADS-B (DLM / LTBS)
TLV - CDG,Air France,AFR963,A359,28/06/2023,Wed 06:58:17 PM,34.6634,29.1398,← 305°,459,528,"40,000", ,FlightAware ADS-B (RHO / LGRP)
TLV - CDG,Air France,AFR963,A359,28/06/2023,Wed 06:58:47 PM,34.6984,29.0786,← 305°,459,528,"40,000", ,FlightAware ADS-B (AYT / LTAI)
TLV - CDG,Air France,AFR963,A359,28/06/2023,Wed 06:59:21 PM,34.7398,29.0065,← 305°,459,528,"40,000", ,FlightAware ADS-B (AYT / LTAI)
TLV - CDG,Air France,AFR963,A359,28/06/2023,Wed 06:59:52 PM,34.778,28.9396,← 305°,459,528,"40,000", ,FlightAware ADS-B (PFO / LCPH)
TLV - CDG,Air France,AFR963,A359,28/06/2023,Wed 07:00:29 PM,34.8218,28.8627,← 305°,457,526,"40,000", ,FlightAware ADS-B (RHO / LGRP)
TLV - CDG,Air France,AFR963,A359,28/06/2023,Wed 07:00:59 PM,34.8589,28.7976,← 305°,459,528,"40,000", ,FlightAware ADS-B (RHO / LGRP)
TLV - CDG,Air France,AFR963,A359,28/06/2023,Wed 07:01:38 PM,34.9055,28.7155,← 305°,460,529,"40,000", ,FlightAware ADS-B (RHO / LGRP)
TLV - CDG,Air France,AFR963,A359,28/06/2023,Wed 07:02:09 PM,34.9421,28.6509,← 305°,459,528,"40,000", ,FlightAware ADS-B (RHO / LGRP)
TLV - CDG,Air France,AFR963,A359,28/06/2023,Wed 07:02:39 PM,34.9786,28.5864,← 304°,458,527,"40,000", ,FlightAware ADS-B (RHO / LGRP)
TLV - CDG,Air France,AFR963,A359,28/06/2023,Wed 07:03:09 PM,35.0148,28.5223,← 304°,458,527,"40,000", ,FlightAware ADS-B (RHO / LGRP)
TLV - CDG,Air France,AFR963,A359,28/06/2023,Wed 07:03:40 PM,35.0507,28.4586,← 304°,457,526,"40,000", ,FlightAware ADS-B (RHO / LGRP)
TLV - CDG,Air France,AFR963,A359,28/06/2023,Wed 07:04:10 PM,35.0875,28.3933,← 304°,456,525,"40,000", ,FlightAware ADS-B (RHO / LGRP)
TLV - CDG,Air France,AFR963,A359,28/06/2023,Wed 07:04:40 PM,35.1253,28.3259,← 304°,455,524,"40,000", ,FlightAware ADS-B (JKH / LGHI)
TLV - CDG,Air France,AFR963,A359,28/06/2023,Wed 07:05:11 PM,35.1601,28.2638,← 304°,457,526,"40,000", ,FlightAware ADS-B (RHO / LGRP)
TLV - CDG,Air France,AFR963,A359,28/06/2023,Wed 07:05:41 PM,35.1965,28.1988,← 304°,458,527,"40,000", ,FlightAware ADS-B (RHO / LGRP)
TLV - CDG,Air France,AFR963,A359,28/06/2023,Wed 07:06:11 PM,35.2322,28.1348,← 304°,454,522,"40,000", ,FlightAware ADS-B (RHO / LGRP)
TLV - CDG,Air France,AFR963,A359,28/06/2023,Wed 07:06:42 PM,35.2688,28.0693,← 304°,452,520,"40,000", ,FlightAware ADS-B (CHQ / LGSA)
TLV - CDG,Air France,AFR963,A359,28/06/2023,Wed 07:07:12 PM,35.3032,28.0073,← 304°,452,520,"40,000", ,FlightAware ADS-B (RHO / LGRP)
TLV - CDG,Air France,AFR963,A359,28/06/2023,Wed 07:07:43 PM,35.34,27.9411,← 304°,452,520,"40,000", ,FlightAware ADS-B (CHQ / LGSA)
TLV - CDG,Air France,AFR963,A359,28/06/2023,Wed 07:08:13 PM,35.3746,27.8787,← 304°,451,519,"40,000", ,FlightAware ADS-B (RHO / LGRP)
TLV - CDG,Air France,AFR963,A359,28/06/2023,Wed 07:08:43 PM,35.4104,27.8139,← 304°,449,517,"40,000", ,FlightAware ADS-B (CHQ / LGSA)
TLV - CDG,Air France,AFR963,A359,28/06/2023,Wed 07:09:13 PM,35.4452,27.751,← 304°,448,516,"40,000", ,FlightAware ADS-B (DLM / LTBS)
TLV - CDG,Air France,AFR963,A359,28/06/2023,Wed 07:09:44 PM,35.4802,27.6874,← 304°,447,514,"40,000", ,FlightAware ADS-B (RHO / LGRP)
TLV - CDG,Air France,AFR963,A359,28/06/2023,Wed 07:10:14 PM,35.5149,27.6245,← 304°,449,517,"40,000", ,FlightAware ADS-B (CHQ / LGSA)
TLV - CDG,Air France,AFR963,A359,28/06/2023,Wed 07:10:44 PM,35.5496,27.5612,← 304°,450,518,"40,000", ,FlightAware ADS-B (CHQ / LGSA)
TLV - CDG,Air France,AFR963,A359,28/06/2023,Wed 07:11:14 PM,35.5849,27.497,← 304°,450,518,"40,000", ,FlightAware ADS-B (DLM / LTBS)
TLV - CDG,Air France,AFR963,A359,28/06/2023,Wed 07:11:44 PM,35.6203,27.4323,← 304°,451,519,"40,000", ,FlightAware ADS-B (RHO / LGRP)
TLV - CDG,Air France,AFR963,A359,28/06/2023,Wed 07:12:14 PM,35.6546,27.3695,← 304°,451,519,"40,000", ,FlightAware ADS-B (CHQ / LGSA)
TLV - CDG,Air France,AFR963,A359,28/06/2023,Wed 07:12:44 PM,35.6887,27.3069,← 304°,451,519,"40,000", ,FlightAware ADS-B (JKH / LGHI)
TLV - CDG,Air France,AFR963,A359,28/06/2023,Wed 07:13:14 PM,35.7236,27.2428,← 304°,452,520,"40,000", ,FlightAware ADS-B (JKH / LGHI)
TLV - CDG,Air France,AFR963,A359,28/06/2023,Wed 07:13:44 PM,35.7592,27.1774,← 304°,451,519,"40,000", ,FlightAware ADS-B (JKH / LGHI)
TLV - CDG,Air France,AFR963,A359,28/06/2023,Wed 07:14:15 PM,35.7938,27.1135,← 304°,451,519,"40,000", ,FlightAware ADS-B (JKH / LGHI)
TLV - CDG,Air France,AFR963,A359,28/06/2023,Wed 07:14:45 PM,35.8287,27.049,← 304°,452,520,"40,000", ,FlightAware ADS-B (JKH / LGHI)
TLV - CDG,Air France,AFR963,A359,28/06/2023,Wed 07:15:15 PM,35.8635,26.9846,← 304°,455,524,"40,000", ,FlightAware ADS-B (CHQ / LGSA)
TLV - CDG,Air France,AFR963,A359,28/06/2023,Wed 07:15:45 PM,35.8992,26.9184,← 304°,454,522,"40,000", ,FlightAware ADS-B (CHQ / LGSA)
TLV - CDG,Air France,AFR963,A359,28/06/2023,Wed 07:16:15 PM,35.9336,26.8543,← 304°,452,520,"40,000", ,FlightAware ADS-B (CHQ / LGSA)
TLV - CDG,Air France,AFR963,A359,28/06/2023,Wed 07:16:45 PM,35.9683,26.7899,← 304°,450,518,"40,000", ,FlightAware ADS-B (CHQ / LGSA)
TLV - CDG,Air France,AFR963,A359,28/06/2023,Wed 07:17:16 PM,36.0028,26.7256,← 303°,448,516,"40,000", ,FlightAware ADS-B (CHQ / LGSA)
TLV - CDG,Air France,AFR963,A359,28/06/2023,Wed 07:17:46 PM,36.0375,26.6607,← 303°,448,516,"40,000", ,FlightAware ADS-B (DLM / LTBS)
TLV - CDG,Air France,AFR963,A359,28/06/2023,Wed 07:18:16 PM,36.0712,26.5976,← 303°,446,513,"40,000", ,FlightAware ADS-B (JKH / LGHI)
TLV - CDG,Air France,AFR963,A359,28/06/2023,Wed 07:18:46 PM,36.1054,26.5334,← 303°,446,513,"40,000", ,FlightAware ADS-B (DLM / LTBS)
TLV - CDG,Air France,AFR963,A359,28/06/2023,Wed 07:19:16 PM,36.1397,26.4688,← 303°,446,513,"40,000", ,FlightAware ADS-B (CHQ / LGSA)
TLV - CDG,Air France,AFR963,A359,28/06/2023,Wed 07:19:46 PM,36.1738,26.4047,← 303°,446,513,"40,000", ,FlightAware ADS-B (CHQ / LGSA)
TLV - CDG,Air France,AFR963,A359,28/06/2023,Wed 07:20:16 PM,36.208,26.3403,← 303°,447,514,"40,000", ,FlightAware ADS-B (HER / LGIR)
TLV - CDG,Air France,AFR963,A359,28/06/2023,Wed 07:20:46 PM,36.2408,26.2781,← 303°,447,514,"40,000", ,FlightAware ADS-B (ADB / LTBJ)
TLV - CDG,Air France,AFR963,A359,28/06/2023,Wed 07:21:16 PM,36.2751,26.2132,← 303°,448,516,"40,000", ,FlightAware ADS-B (ADB / LTBJ)
TLV - CDG,Air France,AFR963,A359,28/06/2023,Wed 07:21:46 PM,36.3085,26.15,← 303°,447,514,"40,000",-25,FlightAware ADS-B (RHO / LGRP)
TLV - CDG,Air France,AFR963,A359,28/06/2023,Wed 07:22:17 PM,36.3437,26.083,← 303°,446,513,"39,975", ,FlightAware ADS-B (ADB / LTBJ)
TLV - CDG,Air France,AFR963,A359,28/06/2023,Wed 07:22:47 PM,36.3772,26.0191,← 303°,444,511,"40,000",25,FlightAware ADS-B (HER / LGIR)
TLV - CDG,Air France,AFR963,A359,28/06/2023,Wed 07:23:17 PM,36.4114,25.954,← 303°,443,510,"40,000", ,FlightAware ADS-B (HER / LGIR)
TLV - CDG,Air France,AFR963,A359,28/06/2023,Wed 07:23:48 PM,36.4458,25.8882,← 303°,443,510,"40,000", ,FlightAware ADS-B (JKH / LGHI)
TLV - CDG,Air France,AFR963,A359,28/06/2023,Wed 07:24:18 PM,36.478,25.8265,← 303°,444,511,"40,000", ,FlightAware ADS-B (LTFA)
TLV - CDG,Air France,AFR963,A359,28/06/2023,Wed 07:24:48 PM,36.5119,25.7613,← 303°,445,512,"40,000", ,FlightAware ADS-B (HER / LGIR)
TLV - CDG,Air France,AFR963,A359,28/06/2023,Wed 07:25:18 PM,36.5462,25.6955,← 303°,446,513,"40,000", ,FlightAware ADS-B (ADB / LTBJ)
TLV - CDG,Air France,AFR963,A359,28/06/2023,Wed 07:25:48 PM,36.5788,25.6326,← 303°,447,514,"40,000", ,FlightAware ADS-B (HER / LGIR)
TLV - CDG,Air France,AFR963,A359,28/06/2023,Wed 07:26:18 PM,36.6141,25.5645,← 303°,447,514,"40,000", ,FlightAware ADS-B (JKH / LGHI)
TLV - CDG,Air France,AFR963,A359,28/06/2023,Wed 07:26:48 PM,36.646,25.5028,← 303°,444,511,"40,000", ,FlightAware ADS-B (ADB / LTBJ)
TLV - CDG,Air France,AFR963,A359,28/06/2023,Wed 07:27:18 PM,36.6792,25.4387,← 303°,444,511,"40,000", ,FlightAware ADS-B (ADB / LTBJ)
TLV - CDG,Air France,AFR963,A359,28/06/2023,Wed 07:27:48 PM,36.712,25.375,← 303°,445,512,"40,000", ,FlightAware ADS-B (ADB / LTBJ)
TLV - CDG,Air France,AFR963,A359,28/06/2023,Wed 07:28:18 PM,36.7455,25.3096,← 303°,447,514,"40,000", ,FlightAware ADS-B (ADB / LTBJ)
TLV - CDG,Air France,AFR963,A359,28/06/2023,Wed 07:28:49 PM,36.7806,25.2411,← 303°,447,514,"40,000", ,FlightAware ADS-B (ADB / LTBJ)
TLV - CDG,Air France,AFR963,A359,28/06/2023,Wed 07:29:19 PM,36.8133,25.1774,← 303°,447,514,"40,000", ,FlightAware ADS-B (HER / LGIR)
TLV - CDG,Air France,AFR963,A359,28/06/2023,Wed 07:29:49 PM,36.8463,25.1129,← 303°,447,514,"40,000", ,FlightAware ADS-B (HER / LGIR)
TLV - CDG,Air France,AFR963,A359,28/06/2023,Wed 07:30:19 PM,36.8805,25.046,← 303°,447,514,"40,000", ,FlightAware ADS-B (ADB / LTBJ)
TLV - CDG,Air France,AFR963,A359,28/06/2023,Wed 07:30:49 PM,36.9137,24.9807,← 302°,446,513,"40,000", ,FlightAware ADS-B (ADB / LTBJ)
TLV - CDG,Air France,AFR963,A359,28/06/2023,Wed 07:31:19 PM,36.9458,24.9175,← 302°,446,513,"40,000", ,FlightAware ADS-B (ATH / LGAV)
TLV - CDG,Air France,AFR963,A359,28/06/2023,Wed 07:31:49 PM,36.9792,24.8516,← 302°,447,514,"40,000", ,FlightAware ADS-B (HER / LGIR)
TLV - CDG,Air France,AFR963,A359,28/06/2023,Wed 07:32:19 PM,37.0129,24.7849,← 302°,449,517,"40,000", ,FlightAware ADS-B (RHO / LGRP)
TLV - CDG,Air France,AFR963,A359,28/06/2023,Wed 07:32:49 PM,37.045,24.7215,← 302°,453,521,"40,000", ,FlightAware ADS-B (RHO / LGRP)
TLV - CDG,Air France,AFR963,A359,28/06/2023,Wed 07:33:20 PM,37.0814,24.6493,← 302°,455,524,"40,000", ,FlightAware ADS-B (ADB / LTBJ)
TLV - CDG,Air France,AFR963,A359,28/06/2023,Wed 07:33:51 PM,37.117,24.5786,← 302°,455,524,"40,000", ,FlightAware ADS-B (JKH / LGHI)
TLV - CDG,Air France,AFR963,A359,28/06/2023,Wed 07:34:21 PM,37.1484,24.516,← 302°,456,525,"40,000", ,FlightAware ADS-B (ADB / LTBJ)
TLV - CDG,Air France,AFR963,A359,28/06/2023,Wed 07:34:51 PM,37.1817,24.4495,← 302°,456,525,"40,000", ,FlightAware ADS-B (HER / LGIR)
TLV - CDG,Air France,AFR963,A359,28/06/2023,Wed 07:35:21 PM,37.2154,24.3822,← 302°,456,525,"40,000", ,FlightAware ADS-B (ATH / LGAV)
TLV - CDG,Air France,AFR963,A359,28/06/2023,Wed 07:35:51 PM,37.2486,24.316,← 302°,458,527,"40,000", ,FlightAware ADS-B (ATH / LGAV)
TLV - CDG,Air France,AFR963,A359,28/06/2023,Wed 07:36:21 PM,37.2832,24.2475,← 302°,459,528,"40,000", ,FlightAware ADS-B (ATH / LGAV)
TLV - CDG,Air France,AFR963,A359,28/06/2023,Wed 07:36:51 PM,37.3174,24.1797,← 302°,461,531,"40,000", ,FlightAware ADS-B (ATH / LGAV)
TLV - CDG,Air France,AFR963,A359,28/06/2023,Wed 07:37:21 PM,37.3516,24.1115,← 302°,463,533,"40,000", ,FlightAware ADS-B (ATH / LGAV)
TLV - CDG,Air France,AFR963,A359,28/06/2023,Wed 07:37:51 PM,37.3859,24.0429,← 302°,463,533,"40,000", ,FlightAware ADS-B (ATH / LGAV)
TLV - CDG,Air France,AFR963,A359,28/06/2023,Wed 07:38:21 PM,37.4201,23.9745,← 302°,462,532,"40,000", ,FlightAware ADS-B (ATH / LGAV)
TLV - CDG,Air France,AFR963,A359,28/06/2023,Wed 07:38:51 PM,37.4544,23.9058,← 302°,461,531,"40,000", ,FlightAware ADS-B (ATH / LGAV)
TLV - CDG,Air France,AFR963,A359,28/06/2023,Wed 07:39:21 PM,37.4881,23.838,← 302°,460,529,"40,000", ,FlightAware ADS-B (ATH / LGAV)
TLV - CDG,Air France,AFR963,A359,28/06/2023,Wed 07:39:51 PM,37.5222,23.7693,← 302°,460,529,"40,000", ,FlightAware ADS-B (ATH / LGAV)
TLV - CDG,Air France,AFR963,A359,28/06/2023,Wed 07:40:22 PM,37.5557,23.7016,← 302°,458,527,"40,000", ,FlightAware ADS-B (ATH / LGAV)
TLV - CDG,Air France,AFR963,A359,28/06/2023,Wed 07:40:52 PM,37.5899,23.6325,← 302°,458,527,"40,000", ,FlightAware ADS-B (ADB / LTBJ)
TLV - CDG,Air France,AFR963,A359,28/06/2023,Wed 07:41:22 PM,37.6231,23.565,← 302°,455,524,"40,000", ,FlightAware ADS-B (ATH / LGAV)
TLV - CDG,Air France,AFR963,A359,28/06/2023,Wed 07:41:52 PM,37.6561,23.4982,← 302°,455,524,"40,000", ,FlightAware ADS-B (ADB / LTBJ)
TLV - CDG,Air France,AFR963,A359,28/06/2023,Wed 07:42:22 PM,37.6893,23.4307,← 302°,455,524,"40,000", ,FlightAware ADS-B (ATH / LGAV)
TLV - CDG,Air France,AFR963,A359,28/06/2023,Wed 07:42:52 PM,37.723,23.3617,← 302°,452,520,"40,000", ,FlightAware ADS-B (ATH / LGAV)
TLV - CDG,Air France,AFR963,A359,28/06/2023,Wed 07:43:22 PM,37.7548,23.2967,← 302°,450,518,"40,000", ,FlightAware ADS-B (ATH / LGAV)
TLV - CDG,Air France,AFR963,A359,28/06/2023,Wed 07:43:52 PM,37.7894,23.2259,← 302°,449,517,"40,000", ,FlightAware ADS-B (ATH / LGAV)
TLV - CDG,Air France,AFR963,A359,28/06/2023,Wed 07:44:22 PM,37.821,23.161,← 302°,448,516,"40,000", ,FlightAware ADS-B (ATH / LGAV)
TLV - CDG,Air France,AFR963,A359,28/06/2023,Wed 07:44:52 PM,37.8536,23.094,← 302°,448,516,"40,000", ,FlightAware ADS-B (ATH / LGAV)
TLV - CDG,Air France,AFR963,A359,28/06/2023,Wed 07:45:22 PM,37.8856,23.0279,← 301°,450,518,"40,000", ,FlightAware ADS-B (ATH / LGAV)
TLV - CDG,Air France,AFR963,A359,28/06/2023,Wed 07:45:52 PM,37.9183,22.9603,← 302°,450,518,"40,000", ,FlightAware ADS-B (CHQ / LGSA)
TLV - CDG,Air France,AFR963,A359,28/06/2023,Wed 07:46:26 PM,37.9581,22.8858,← 307°,455,524,"40,000", ,FlightAware ADS-B (AGQ / LGAG)
TLV - CDG,Air France,AFR963,A359,28/06/2023,Wed 07:46:56 PM,37.9966,22.8212,← 307°,454,522,"40,000", ,FlightAware ADS-B (ATH / LGAV)
TLV - CDG,Air France,AFR963,A359,28/06/2023,Wed 07:47:26 PM,38.0328,22.7589,← 306°,452,520,"40,000", ,FlightAware ADS-B (LGTP)
TLV - CDG,Air France,AFR963,A359,28/06/2023,Wed 07:47:56 PM,38.0701,22.6935,← 306°,449,517,"40,000", ,FlightAware ADS-B (CHQ / LGSA)
TLV - CDG,Air France,AFR963,A359,28/06/2023,Wed 07:48:27 PM,38.1062,22.63,← 306°,447,514,"40,000", ,FlightAware ADS-B (ATH / LGAV)
TLV - CDG,Air France,AFR963,A359,28/06/2023,Wed 07:48:57 PM,38.143,22.565,← 306°,447,514,"40,000", ,FlightAware ADS-B (ATH / LGAV)
TLV - CDG,Air France,AFR963,A359,28/06/2023,Wed 07:49:28 PM,38.1825,22.4953,← 306°,444,511,"40,000", ,FlightAware ADS-B (ATH / LGAV)
TLV - CDG,Air France,AFR963,A359,28/06/2023,Wed 07:49:59 PM,38.2183,22.432,← 306°,444,511,"40,000", ,FlightAware ADS-B (ATH / LGAV)
TLV - CDG,Air France,AFR963,A359,28/06/2023,Wed 07:50:29 PM,38.2541,22.3685,← 306°,443,510,"40,000", ,FlightAware ADS-B (ATH / LGAV)
TLV - CDG,Air France,AFR963,A359,28/06/2023,Wed 07:50:59 PM,38.2899,22.3049,← 305°,442,509,"40,000", ,FlightAware ADS-B (ATH / LGAV)
TLV - CDG,Air France,AFR963,A359,28/06/2023,Wed 07:51:29 PM,38.3248,22.2427,← 305°,443,510,"40,000", ,FlightAware ADS-B (ATH / LGAV)
TLV - CDG,Air France,AFR963,A359,28/06/2023,Wed 07:51:59 PM,38.3622,22.1763,← 306°,443,510,"40,000", ,FlightAware ADS-B (ATH / LGAV)
TLV - CDG,Air France,AFR963,A359,28/06/2023,Wed 07:52:29 PM,38.3977,22.1127,← 305°,442,509,"40,000", ,FlightAware ADS-B (ATH / LGAV)
TLV - CDG,Air France,AFR963,A359,28/06/2023,Wed 07:52:59 PM,38.4317,22.0517,← 305°,445,512,"40,000", ,FlightAware ADS-B (IOA / LGIO)
TLV - CDG,Air France,AFR963,A359,28/06/2023,Wed 07:53:29 PM,38.4678,21.9871,← 305°,444,511,"40,000", ,FlightAware ADS-B (ATH / LGAV)
TLV - CDG,Air France,AFR963,A359,28/06/2023,Wed 07:54:00 PM,38.5052,21.9199,← 305°,446,513,"40,000", ,FlightAware ADS-B (ATH / LGAV)
TLV - CDG,Air France,AFR963,A359,28/06/2023,Wed 07:54:30 PM,38.5396,21.858,← 305°,446,513,"40,000", ,FlightAware ADS-B (IOA / LGIO)
TLV - CDG,Air France,AFR963,A359,28/06/2023,Wed 07:55:00 PM,38.5761,21.7922,← 305°,448,516,"40,000", ,FlightAware ADS-B (ATH / LGAV)
TLV - CDG,Air France,AFR963,A359,28/06/2023,Wed 07:55:30 PM,38.6117,21.7278,← 305°,449,517,"40,000", ,FlightAware ADS-B (IOA / LGIO)
TLV - CDG,Air France,AFR963,A359,28/06/2023,Wed 07:56:00 PM,38.6471,21.6636,← 305°,448,516,"40,000", ,FlightAware ADS-B (IOA / LGIO)
TLV - CDG,Air France,AFR963,A359,28/06/2023,Wed 07:56:30 PM,38.6822,21.6,← 305°,449,517,"40,000", ,FlightAware ADS-B (PVK / LGPZ)
TLV - CDG,Air France,AFR963,A359,28/06/2023,Wed 07:57:00 PM,38.7188,21.5334,← 305°,449,517,"40,000",-25,FlightAware ADS-B (CFU / LGKR)
TLV - CDG,Air France,AFR963,A359,28/06/2023,Wed 07:57:30 PM,38.7547,21.4679,← 305°,449,517,"39,975", ,FlightAware ADS-B (PVK / LGPZ)
TLV - CDG,Air France,AFR963,A359,28/06/2023,Wed 07:58:00 PM,38.7896,21.4043,← 305°,447,514,"40,000",25,FlightAware ADS-B (PVK / LGPZ)
TLV - CDG,Air France,AFR963,A359,28/06/2023,Wed 07:58:31 PM,38.8267,21.3364,← 305°,448,516,"40,000", ,FlightAware ADS-B (IOA / LGIO)
TLV - CDG,Air France,AFR963,A359,28/06/2023,Wed 07:59:01 PM,38.8625,21.2706,← 305°,448,516,"40,000", ,FlightAware ADS-B (IOA / LGIO)
TLV - CDG,Air France,AFR963,A359,28/06/2023,Wed 07:59:31 PM,38.8978,21.206,← 305°,448,516,"40,000", ,FlightAware ADS-B (IOA / LGIO)
TLV - CDG,Air France,AFR963,A359,28/06/2023,Wed 08:00:01 PM,38.9338,21.1395,← 305°,448,516,"40,000", ,FlightAware ADS-B (IOA / LGIO)
TLV - CDG,Air France,AFR963,A359,28/06/2023,Wed 08:00:31 PM,38.9686,21.0754,← 305°,446,513,"40,000", ,FlightAware ADS-B (PVK / LGPZ)
TLV - CDG,Air France,AFR963,A359,28/06/2023,Wed 08:01:01 PM,39.0035,21.0109,← 305°,445,512,"40,000", ,FlightAware ADS-B (PVK / LGPZ)
TLV - CDG,Air France,AFR963,A359,28/06/2023,Wed 08:01:32 PM,39.0395,20.9441,← 305°,445,512,"40,000", ,FlightAware ADS-B (CFU / LGKR)
TLV - CDG,Air France,AFR963,A359,28/06/2023,Wed 08:02:02 PM,39.0748,20.8786,← 305°,445,512,"40,000", ,FlightAware ADS-B (CFU / LGKR)
TLV - CDG,Air France,AFR963,A359,28/06/2023,Wed 08:02:32 PM,39.1106,20.8122,← 305°,444,511,"40,000", ,FlightAware ADS-B (CFU / LGKR)
TLV - CDG,Air France,AFR963,A359,28/06/2023,Wed 08:03:02 PM,39.1449,20.7481,← 305°,443,510,"40,000", ,FlightAware ADS-B (CFU / LGKR)
TLV - CDG,Air France,AFR963,A359,28/06/2023,Wed 08:03:32 PM,39.1805,20.6816,← 305°,444,511,"40,000", ,FlightAware ADS-B (CFU / LGKR)
TLV - CDG,Air France,AFR963,A359,28/06/2023,Wed 08:04:02 PM,39.2153,20.6165,← 304°,446,513,"40,000", ,FlightAware ADS-B (IOA / LGIO)
TLV - CDG,Air France,AFR963,A359,28/06/2023,Wed 08:04:32 PM,39.2506,20.5504,← 304°,446,513,"40,000", ,FlightAware ADS-B (IOA / LGIO)
TLV - CDG,Air France,AFR963,A359,28/06/2023,Wed 08:05:03 PM,39.2858,20.4841,← 304°,446,513,"40,000", ,FlightAware ADS-B (CFU / LGKR)
TLV - CDG,Air France,AFR963,A359,28/06/2023,Wed 08:05:34 PM,39.3217,20.4167,← 304°,446,513,"40,000", ,FlightAware ADS-B (LGMG)
TLV - CDG,Air France,AFR963,A359,28/06/2023,Wed 08:06:04 PM,39.3582,20.3477,← 304°,448,516,"40,000", ,FlightAware ADS-B (ATH / LGAV)
TLV - CDG,Air France,AFR963,A359,28/06/2023,Wed 08:06:34 PM,39.3919,20.284,← 304°,448,516,"40,000", ,FlightAware ADS-B (PDV / LBPD)
TLV - CDG,Air France,AFR963,A359,28/06/2023,Wed 08:07:05 PM,39.4286,20.2145,← 304°,447,514,"40,000", ,FlightAware ADS-B (VOL / LGBL)
TLV - CDG,Air France,AFR963,A359,28/06/2023,Wed 08:07:35 PM,39.4639,20.1475,← 304°,446,513,"40,000", ,FlightAware ADS-B (VOL / LGBL)
TLV - CDG,Air France,AFR963,A359,28/06/2023,Wed 08:08:05 PM,39.4973,20.0839,← 304°,447,514,"40,000", ,FlightAware ADS-B (LGMG)
TLV - CDG,Air France,AFR963,A359,28/06/2023,Wed 08:08:35 PM,39.5322,20.0175,← 304°,446,513,"40,000", ,FlightAware ADS-B (SKP / LWSK)
TLV - CDG,Air France,AFR963,A359,28/06/2023,Wed 08:09:05 PM,39.5676,19.9498,← 304°,445,512,"40,000", ,FlightAware ADS-B (SKP / LWSK)
TLV - CDG,Air France,AFR963,A359,28/06/2023,Wed 08:09:35 PM,39.6024,19.8832,← 304°,446,513,"40,000", ,FlightAware ADS-B (LGMG)
TLV - CDG,Air France,AFR963,A359,28/06/2023,Wed 08:10:06 PM,39.6375,19.8157,← 304°,447,514,"40,000", ,FlightAware ADS-B (VOL / LGBL)
TLV - CDG,Air France,AFR963,A359,28/06/2023,Wed 08:10:38 PM,39.6744,19.7448,← 304°,447,514,"40,000", ,FlightAware ADS-B (IOA / LGIO)
TLV - CDG,Air France,AFR963,A359,28/06/2023,Wed 08:11:08 PM,39.7097,19.6767,← 304°,448,516,"40,000", ,FlightAware ADS-B (IOA / LGIO)
TLV - CDG,Air France,AFR963,A359,28/06/2023,Wed 08:11:39 PM,39.7443,19.61,← 304°,449,517,"40,000", ,FlightAware ADS-B (IOA / LGIO)
TLV - CDG,Air France,AFR963,A359,28/06/2023,Wed 08:12:09 PM,39.7791,19.5425,← 304°,450,518,"40,000", ,FlightAware ADS-B (IOA / LGIO)
TLV - CDG,Air France,AFR963,A359,28/06/2023,Wed 08:12:39 PM,39.8138,19.4752,← 304°,451,519,"40,000", ,FlightAware ADS-B (IOA / LGIO)
TLV - CDG,Air France,AFR963,A359,28/06/2023,Wed 08:13:09 PM,39.8493,19.406,← 304°,452,520,"40,000", ,FlightAware ADS-B (GPA / LGRX)
TLV - CDG,Air France,AFR963,A359,28/06/2023,Wed 08:13:39 PM,39.8842,19.3389,← 305°,453,521,"40,000", ,FlightAware ADS-B (IOA / LGIO)
TLV - CDG,Air France,AFR963,A359,28/06/2023,Wed 08:14:09 PM,39.923,19.2714,← 307°,453,521,"40,000", ,FlightAware ADS-B (BRI / LIBD)
TLV - CDG,Air France,AFR963,A359,28/06/2023,Wed 08:14:40 PM,39.9612,19.2057,← 307°,453,521,"40,000", ,FlightAware ADS-B (BRI / LIBD)
TLV - CDG,Air France,AFR963,A359,28/06/2023,Wed 08:15:14 PM,40.003,19.1321,← 306°,452,520,"40,000", ,FlightAware ADS-B (IOA / LGIO)
TLV - CDG,Air France,AFR963,A359,28/06/2023,Wed 08:15:44 PM,40.0401,19.0662,← 306°,452,520,"40,000", ,FlightAware ADS-B (IOA / LGIO)
TLV - CDG,Air France,AFR963,A359,28/06/2023,Wed 08:16:14 PM,40.0774,18.9998,← 306°,451,519,"40,000", ,FlightAware ADS-B (IOA / LGIO)
TLV - CDG,Air France,AFR963,A359,28/06/2023,Wed 08:16:44 PM,40.1148,18.9331,← 306°,452,520,"40,000", ,FlightAware ADS-B (IOA / LGIO)
TLV - CDG,Air France,AFR963,A359,28/06/2023,Wed 08:17:14 PM,40.1506,18.8693,← 306°,453,521,"40,000", ,FlightAware ADS-B (REG / LICR)
TLV - CDG,Air France,AFR963,A359,28/06/2023,Wed 08:17:45 PM,40.1881,18.8021,← 306°,453,521,"40,000", ,FlightAware ADS-B (IOA / LGIO)
TLV - CDG,Air France,AFR963,A359,28/06/2023,Wed 08:18:15 PM,40.2256,18.7347,← 306°,455,524,"40,000", ,FlightAware ADS-B (IOA / LGIO)
TLV - CDG,Air France,AFR963,A359,28/06/2023,Wed 08:18:45 PM,40.2629,18.6677,← 306°,454,522,"40,000", ,FlightAware ADS-B (IOA / LGIO)
TLV - CDG,Air France,AFR963,A359,28/06/2023,Wed 08:19:15 PM,40.2998,18.6012,← 306°,453,521,"40,000", ,FlightAware ADS-B (IOA / LGIO)
TLV - CDG,Air France,AFR963,A359,28/06/2023,Wed 08:19:45 PM,40.3367,18.5345,← 306°,453,521,"40,000", ,FlightAware ADS-B (IOA / LGIO)
TLV - CDG,Air France,AFR963,A359,28/06/2023,Wed 08:20:16 PM,40.3761,18.4633,← 306°,453,521,"40,000", ,FlightAware ADS-B (SUF / LICA)
TLV - CDG,Air France,AFR963,A359,28/06/2023,Wed 08:20:47 PM,40.4133,18.3959,← 306°,455,524,"40,000", ,FlightAware ADS-B (TAR / LIBG)
TLV - CDG,Air France,AFR963,A359,28/06/2023,Wed 08:21:18 PM,40.4513,18.3269,← 306°,456,525,"40,000", ,FlightAware ADS-B (BRI / LIBD)
TLV - CDG,Air France,AFR963,A359,28/06/2023,Wed 08:21:48 PM,40.4879,18.2601,← 306°,454,522,"40,000", ,FlightAware ADS-B (BRI / LIBD)
TLV - CDG,Air France,AFR963,A359,28/06/2023,Wed 08:22:18 PM,40.524,18.1942,← 306°,454,522,"40,000", ,FlightAware ADS-B (BRI / LIBD)
TLV - CDG,Air France,AFR963,A359,28/06/2023,Wed 08:22:48 PM,40.5609,18.1268,← 306°,453,521,"40,000", ,FlightAware ADS-B (TAR / LIBG)
TLV - CDG,Air France,AFR963,A359,28/06/2023,Wed 08:23:18 PM,40.5983,18.0582,← 306°,452,520,"40,000", ,FlightAware ADS-B (BRI / LIBD)
TLV - CDG,Air France,AFR963,A359,28/06/2023,Wed 08:23:48 PM,40.6337,17.9931,← 306°,455,524,"40,000", ,FlightAware ADS-B (TAR / LIBG)
TLV - CDG,Air France,AFR963,A359,28/06/2023,Wed 08:24:18 PM,40.6707,17.9249,← 306°,457,526,"40,000", ,FlightAware ADS-B (TAR / LIBG)
TLV - CDG,Air France,AFR963,A359,28/06/2023,Wed 08:24:48 PM,40.708,17.8561,← 306°,458,527,"40,000", ,FlightAware ADS-B (TAR / LIBG)
TLV - CDG,Air France,AFR963,A359,28/06/2023,Wed 08:25:18 PM,40.744,17.7896,← 305°,459,528,"40,000", ,FlightAware ADS-B (TAR / LIBG)
TLV - CDG,Air France,AFR963,A359,28/06/2023,Wed 08:25:48 PM,40.7815,17.72,← 305°,460,529,"40,000", ,FlightAware ADS-B (SUF / LICA)
TLV - CDG,Air France,AFR963,A359,28/06/2023,Wed 08:26:18 PM,40.8193,17.65,← 305°,461,531,"40,000", ,FlightAware ADS-B (FOG / LIBF)
TLV - CDG,Air France,AFR963,A359,28/06/2023,Wed 08:26:48 PM,40.8563,17.5809,← 305°,461,531,"40,000", ,FlightAware ADS-B (SUF / LICA)
TLV - CDG,Air France,AFR963,A359,28/06/2023,Wed 08:27:18 PM,40.8925,17.5133,← 305°,459,528,"40,000", ,FlightAware ADS-B (FOG / LIBF)
TLV - CDG,Air France,AFR963,A359,28/06/2023,Wed 08:27:48 PM,40.9288,17.4458,← 305°,458,527,"40,000", ,FlightAware ADS-B (TAR / LIBG)
TLV - CDG,Air France,AFR963,A359,28/06/2023,Wed 08:28:18 PM,40.9656,17.3767,← 305°,460,529,"40,000", ,FlightAware ADS-B (TAR / LIBG)
TLV - CDG,Air France,AFR963,A359,28/06/2023,Wed 08:28:48 PM,41.0026,17.307,← 305°,464,534,"40,000", ,FlightAware ADS-B (FOG / LIBF)
TLV - CDG,Air France,AFR963,A359,28/06/2023,Wed 08:29:19 PM,41.0416,17.2336,← 305°,464,534,"40,000", ,FlightAware ADS-B (FOG / LIBF)
TLV - CDG,Air France,AFR963,A359,28/06/2023,Wed 08:29:49 PM,41.0786,17.1641,← 305°,464,534,"40,000", ,FlightAware ADS-B (FOG / LIBF)
TLV - CDG,Air France,AFR963,A359,28/06/2023,Wed 08:30:26 PM,41.1236,17.0788,← 305°,460,529,"40,000", ,FlightAware ADS-B (SPU / LDSP)
TLV - CDG,Air France,AFR963,A359,28/06/2023,Wed 08:30:56 PM,41.1602,17.0096,← 305°,458,527,"40,000", ,FlightAware ADS-B (SPU / LDSP)
TLV - CDG,Air France,AFR963,A359,28/06/2023,Wed 08:31:26 PM,41.197,16.9396,← 305°,459,528,"40,000", ,FlightAware ADS-B (SPU / LDSP)
TLV - CDG,Air France,AFR963,A359,28/06/2023,Wed 08:31:56 PM,41.2332,16.8703,← 305°,460,529,"40,000", ,FlightAware ADS-B (SPU / LDSP)
TLV - CDG,Air France,AFR963,A359,28/06/2023,Wed 08:32:26 PM,41.2671,16.8058,← 305°,461,531,"40,000", ,FlightAware ADS-B (SUF / LICA)
TLV - CDG,Air France,AFR963,A359,28/06/2023,Wed 08:32:56 PM,41.3054,16.7325,← 305°,460,529,"40,000", ,FlightAware ADS-B (SPU / LDSP)
TLV - CDG,Air France,AFR963,A359,28/06/2023,Wed 08:33:27 PM,41.3426,16.6612,← 305°,460,529,"40,000", ,FlightAware ADS-B (SPU / LDSP)
TLV - CDG,Air France,AFR963,A359,28/06/2023,Wed 08:33:57 PM,41.3782,16.5927,← 305°,460,529,"40,000", ,FlightAware ADS-B (LICP)
TLV - CDG,Air France,AFR963,A359,28/06/2023,Wed 08:34:28 PM,41.4147,16.5223,← 304°,460,529,"40,000", ,FlightAware ADS-B (NAP / LIRN)
TLV - CDG,Air France,AFR963,A359,28/06/2023,Wed 08:34:59 PM,41.4529,16.4486,← 305°,460,529,"40,000", ,FlightAware ADS-B (LINA)
TLV - CDG,Air France,AFR963,A359,28/06/2023,Wed 08:35:29 PM,41.4903,16.3762,← 305°,457,526,"40,000", ,FlightAware ADS-B (LINA)
TLV - CDG,Air France,AFR963,A359,28/06/2023,Wed 08:35:59 PM,41.5259,16.3071,← 305°,456,525,"40,000", ,FlightAware ADS-B (LINA)
TLV - CDG,Air France,AFR963,A359,28/06/2023,Wed 08:36:29 PM,41.5622,16.2366,← 304°,455,524,"40,000", ,FlightAware ADS-B (LINA)
TLV - CDG,Air France,AFR963,A359,28/06/2023,Wed 08:37:00 PM,41.5979,16.1669,← 304°,459,528,"40,000",25,FlightAware ADS-B (QSR / LIRI)
TLV - CDG,Air France,AFR963,A359,28/06/2023,Wed 08:37:30 PM,41.6342,16.0959,← 304°,460,529,"40,025", ,FlightAware ADS-B (LINA)
TLV - CDG,Air France,AFR963,A359,28/06/2023,Wed 08:38:01 PM,41.671,16.0241,← 304°,459,528,"40,000",-24,FlightAware ADS-B (LCC / LIBN)
TLV - CDG,Air France,AFR963,A359,28/06/2023,Wed 08:38:32 PM,41.7074,15.9525,← 304°,458,527,"40,000", ,FlightAware ADS-B (LIBX)
TLV - CDG,Air France,AFR963,A359,28/06/2023,Wed 08:39:02 PM,41.7425,15.8834,← 304°,458,527,"40,000", ,FlightAware ADS-B (RMI / LIPR)
TLV - CDG,Air France,AFR963,A359,28/06/2023,Wed 08:39:32 PM,41.7787,15.8119,← 304°,459,528,"40,000", ,FlightAware ADS-B (RMI / LIPR)
TLV - CDG,Air France,AFR963,A359,28/06/2023,Wed 08:40:02 PM,41.8143,15.7417,← 304°,457,526,"40,000", ,FlightAware ADS-B (LCC / LIBN)
TLV - CDG,Air France,AFR963,A359,28/06/2023,Wed 08:40:33 PM,41.8503,15.6704,← 304°,454,522,"40,000", ,FlightAware ADS-B (LIRU)
TLV - CDG,Air France,AFR963,A359,28/06/2023,Wed 08:41:03 PM,41.8857,15.6001,← 304°,451,519,"40,000", ,FlightAware ADS-B (LIRU)
TLV - CDG,Air France,AFR963,A359,28/06/2023,Wed 08:41:33 PM,41.9192,15.5334,← 304°,449,517,"40,000", ,FlightAware ADS-B (LCC / LIBN)
TLV - CDG,Air France,AFR963,A359,28/06/2023,Wed 08:42:04 PM,41.9559,15.4601,← 304°,448,516,"40,000", ,FlightAware ADS-B (LIRU)
TLV - CDG,Air France,AFR963,A359,28/06/2023,Wed 08:42:34 PM,41.99,15.392,← 304°,448,516,"40,000", ,FlightAware ADS-B (LIRU)
TLV - CDG,Air France,AFR963,A359,28/06/2023,Wed 08:43:04 PM,42.0254,15.3208,← 304°,448,516,"40,000", ,FlightAware ADS-B (LIRU)
TLV - CDG,Air France,AFR963,A359,28/06/2023,Wed 08:43:35 PM,42.0604,15.2506,← 304°,447,514,"40,000", ,FlightAware ADS-B (RMI / LIPR)
TLV - CDG,Air France,AFR963,A359,28/06/2023,Wed 08:44:05 PM,42.0964,15.178,← 304°,447,514,"40,000", ,FlightAware ADS-B (NAP / LIRN)
TLV - CDG,Air France,AFR963,A359,28/06/2023,Wed 08:44:35 PM,42.1292,15.1118,← 304°,447,514,"40,000", ,FlightAware ADS-B (LIRU)
TLV - CDG,Air France,AFR963,A359,28/06/2023,Wed 08:45:05 PM,42.1637,15.0418,← 304°,447,514,"40,000", ,FlightAware ADS-B (CIA / LIRA)
TLV - CDG,Air France,AFR963,A359,28/06/2023,Wed 08:45:36 PM,42.199,14.9703,← 304°,447,514,"40,000", ,FlightAware ADS-B (NAP / LIRN)
TLV - CDG,Air France,AFR963,A359,28/06/2023,Wed 08:46:06 PM,42.2329,14.9015,← 304°,447,514,"40,000", ,FlightAware ADS-B (LIRU)
TLV - CDG,Air France,AFR963,A359,28/06/2023,Wed 08:46:36 PM,42.2673,14.8314,← 303°,448,516,"40,000", ,FlightAware ADS-B (LIRU)
TLV - CDG,Air France,AFR963,A359,28/06/2023,Wed 08:47:06 PM,42.3018,14.7608,← 303°,450,518,"40,000", ,FlightAware ADS-B (LIRU)
TLV - CDG,Air France,AFR963,A359,28/06/2023,Wed 08:47:37 PM,42.3375,14.6877,← 303°,450,518,"40,000", ,FlightAware ADS-B (NAP / LIRN)
TLV - CDG,Air France,AFR963,A359,28/06/2023,Wed 08:48:07 PM,42.3706,14.6197,← 303°,451,519,"40,000", ,FlightAware ADS-B (LIRU)
TLV - CDG,Air France,AFR963,A359,28/06/2023,Wed 08:48:37 PM,42.407,14.545,← 303°,452,520,"40,000", ,FlightAware ADS-B (NAP / LIRN)
TLV - CDG,Air France,AFR963,A359,28/06/2023,Wed 08:49:07 PM,42.4416,14.4733,← 303°,454,522,"40,000", ,FlightAware ADS-B (NAP / LIRN)
TLV - CDG,Air France,AFR963,A359,28/06/2023,Wed 08:49:37 PM,42.4747,14.4052,← 303°,451,519,"40,000", ,FlightAware ADS-B (LIRU)
TLV - CDG,Air France,AFR963,A359,28/06/2023,Wed 08:50:07 PM,42.5086,14.3356,← 304°,450,518,"40,000", ,FlightAware ADS-B (LIRU)
TLV - CDG,Air France,AFR963,A359,28/06/2023,Wed 08:50:38 PM,42.5455,14.26,← 303°,449,517,"40,000", ,FlightAware ADS-B (NAP / LIRN)
TLV - CDG,Air France,AFR963,A359,28/06/2023,Wed 08:51:08 PM,42.5782,14.192,← 303°,451,519,"40,000", ,FlightAware ADS-B (LIRU)
TLV - CDG,Air France,AFR963,A359,28/06/2023,Wed 08:51:38 PM,42.6124,14.1206,← 303°,451,519,"40,000", ,FlightAware ADS-B (LIRU)
TLV - CDG,Air France,AFR963,A359,28/06/2023,Wed 08:52:08 PM,42.6457,14.0509,← 303°,450,518,"40,000", ,FlightAware ADS-B (LIDF)
TLV - CDG,Air France,AFR963,A359,28/06/2023,Wed 08:52:38 PM,42.6793,13.9803,← 303°,449,517,"40,000", ,FlightAware ADS-B (LIDF)
TLV - CDG,Air France,AFR963,A359,28/06/2023,Wed 08:53:08 PM,42.7134,13.9086,← 303°,449,517,"40,000", ,FlightAware ADS-B (LIDF)
TLV - CDG,Air France,AFR963,A359,28/06/2023,Wed 08:53:39 PM,42.7483,13.8349,← 303°,451,519,"40,000", ,FlightAware ADS-B (LIRU)
TLV - CDG,Air France,AFR963,A359,28/06/2023,Wed 08:54:09 PM,42.7823,13.763,← 303°,451,519,"40,000", ,FlightAware ADS-B (LIRU)
TLV - CDG,Air France,AFR963,A359,28/06/2023,Wed 08:54:39 PM,42.8166,13.6902,← 303°,452,520,"40,000", ,FlightAware ADS-B (LIRU)
TLV - CDG,Air France,AFR963,A359,28/06/2023,Wed 08:55:10 PM,42.8518,13.6151,← 302°,455,524,"40,000", ,FlightAware ADS-B (NAP / LIRN)
TLV - CDG,Air France,AFR963,A359,28/06/2023,Wed 08:55:42 PM,42.8877,13.5386,← 303°,456,525,"40,000", ,FlightAware ADS-B (LIKO)
TLV - CDG,Air France,AFR963,A359,28/06/2023,Wed 08:56:12 PM,42.9207,13.4685,← 304°,455,524,"40,000", ,FlightAware ADS-B (LIRU)
TLV - CDG,Air France,AFR963,A359,28/06/2023,Wed 08:56:58 PM,42.9807,13.3628,← 308°,455,524,"40,000", ,FlightAware ADS-B (LIPS)
TLV - CDG,Air France,AFR963,A359,28/06/2023,Wed 08:57:28 PM,43.0191,13.2946,← 307°,454,522,"40,000", ,FlightAware ADS-B (VIC / LIPT)
TLV - CDG,Air France,AFR963,A359,28/06/2023,Wed 08:57:59 PM,43.0583,13.2248,← 308°,454,522,"40,000", ,FlightAware ADS-B (LIPS)
TLV - CDG,Air France,AFR963,A359,28/06/2023,Wed 08:58:29 PM,43.0977,13.1549,← 308°,452,520,"40,000", ,FlightAware ADS-B (AOI / LIPY)
TLV - CDG,Air France,AFR963,A359,28/06/2023,Wed 08:59:00 PM,43.1349,13.0887,← 307°,451,519,"40,000", ,FlightAware ADS-B (LIDF)
TLV - CDG,Air France,AFR963,A359,28/06/2023,Wed 08:59:30 PM,43.1753,13.0168,← 308°,450,518,"40,000", ,FlightAware ADS-B (CIA / LIRA)
TLV - CDG,Air France,AFR963,A359,28/06/2023,Wed 09:00:00 PM,43.2129,12.9495,← 307°,449,517,"40,000", ,FlightAware ADS-B (CIA / LIRA)
TLV - CDG,Air France,AFR963,A359,28/06/2023,Wed 09:00:30 PM,43.2497,12.8837,← 307°,450,518,"40,000", ,FlightAware ADS-B (LIDF)
TLV - CDG,Air France,AFR963,A359,28/06/2023,Wed 09:01:00 PM,43.2886,12.814,← 307°,451,519,"40,000", ,FlightAware ADS-B (AOI / LIPY)
TLV - CDG,Air France,AFR963,A359,28/06/2023,Wed 09:01:30 PM,43.3266,12.7455,← 307°,452,520,"40,000", ,FlightAware ADS-B (AOI / LIPY)
TLV - CDG,Air France,AFR963,A359,28/06/2023,Wed 09:02:00 PM,43.3632,12.6794,← 307°,453,521,"40,000", ,FlightAware ADS-B (LIDF)
TLV - CDG,Air France,AFR963,A359,28/06/2023,Wed 09:02:30 PM,43.4014,12.6106,← 307°,455,524,"40,000", ,FlightAware ADS-B (LIDF)
TLV - CDG,Air France,AFR963,A359,28/06/2023,Wed 09:03:01 PM,43.4416,12.5377,← 307°,454,522,"40,000", ,FlightAware ADS-B (AOI / LIPY)
TLV - CDG,Air France,AFR963,A359,28/06/2023,Wed 09:03:31 PM,43.4791,12.4696,← 307°,455,524,"40,000", ,FlightAware ADS-B (AOI / LIPY)
TLV - CDG,Air France,AFR963,A359,28/06/2023,Wed 09:04:01 PM,43.516,12.4024,← 307°,453,521,"40,000", ,FlightAware ADS-B (LIDF)
TLV - CDG,Air France,AFR963,A359,28/06/2023,Wed 09:04:31 PM,43.5536,12.3339,← 307°,453,521,"40,000", ,FlightAware ADS-B (LIDF)
TLV - CDG,Air France,AFR963,A359,28/06/2023,Wed 09:05:01 PM,43.5917,12.2643,← 307°,453,521,"40,000", ,FlightAware ADS-B (NCE / LFMN)
TLV - CDG,Air France,AFR963,A359,28/06/2023,Wed 09:05:31 PM,43.6296,12.1947,← 307°,456,525,"40,000", ,FlightAware ADS-B (LIDF)
TLV - CDG,Air France,AFR963,A359,28/06/2023,Wed 09:06:01 PM,43.6674,12.1251,← 307°,457,526,"40,000", ,FlightAware ADS-B (LIDF)
TLV - CDG,Air France,AFR963,A359,28/06/2023,Wed 09:06:31 PM,43.7056,12.0548,← 307°,459,528,"40,000", ,FlightAware ADS-B (LIDF)
TLV - CDG,Air France,AFR963,A359,28/06/2023,Wed 09:07:01 PM,43.7438,11.9844,← 307°,459,528,"40,000", ,FlightAware ADS-B (VCE / LIPZ)
TLV - CDG,Air France,AFR963,A359,28/06/2023,Wed 09:07:31 PM,43.7826,11.9126,← 307°,460,529,"40,000", ,FlightAware ADS-B (EBA / LIRJ)
TLV - CDG,Air France,AFR963,A359,28/06/2023,Wed 09:08:01 PM,43.8205,11.8422,← 307°,459,528,"40,000", ,FlightAware ADS-B (PMF / LIMP)
TLV - CDG,Air France,AFR963,A359,28/06/2023,Wed 09:08:31 PM,43.8583,11.7721,← 307°,459,528,"40,000", ,FlightAware ADS-B (PMF / LIMP)
TLV - CDG,Air France,AFR963,A359,28/06/2023,Wed 09:09:02 PM,43.8976,11.6989,← 307°,458,527,"40,000", ,FlightAware ADS-B (VCE / LIPZ)
TLV - CDG,Air France,AFR963,A359,28/06/2023,Wed 09:09:32 PM,43.9355,11.6279,← 307°,458,527,"40,000", ,FlightAware ADS-B (PMF / LIMP)
TLV - CDG,Air France,AFR963,A359,28/06/2023,Wed 09:10:03 PM,43.9729,11.5579,← 306°,457,526,"40,000", ,FlightAware ADS-B (PMF / LIMP)
TLV - CDG,Air France,AFR963,A359,28/06/2023,Wed 09:10:33 PM,44.011,11.4863,← 306°,456,525,"40,000", ,FlightAware ADS-B (EBA / LIRJ)
TLV - CDG,Air France,AFR963,A359,28/06/2023,Wed 09:11:03 PM,44.0494,11.4142,← 306°,457,526,"40,000", ,FlightAware ADS-B (EBA / LIRJ)
TLV - CDG,Air France,AFR963,A359,28/06/2023,Wed 09:11:34 PM,44.0879,11.3415,← 306°,458,527,"40,000", ,FlightAware ADS-B (VCE / LIPZ)
TLV - CDG,Air France,AFR963,A359,28/06/2023,Wed 09:12:04 PM,44.1257,11.2699,← 306°,459,528,"40,000", ,FlightAware ADS-B (PMF / LIMP)
TLV - CDG,Air France,AFR963,A359,28/06/2023,Wed 09:12:34 PM,44.1636,11.1981,← 306°,459,528,"40,000", ,FlightAware ADS-B (LIRG)
TLV - CDG,Air France,AFR963,A359,28/06/2023,Wed 09:13:04 PM,44.2019,11.1252,← 306°,461,531,"40,000", ,FlightAware ADS-B (LIRG)
TLV - CDG,Air France,AFR963,A359,28/06/2023,Wed 09:13:35 PM,44.2394,11.0537,← 306°,462,532,"40,000", ,FlightAware ADS-B (LIRG)
TLV - CDG,Air France,AFR963,A359,28/06/2023,Wed 09:14:05 PM,44.2788,10.9784,← 306°,461,531,"40,000", ,FlightAware ADS-B (PMF / LIMP)
TLV - CDG,Air France,AFR963,A359,28/06/2023,Wed 09:14:35 PM,44.3149,10.9093,← 306°,460,529,"40,000", ,FlightAware ADS-B (LIDU)
TLV - CDG,Air France,AFR963,A359,28/06/2023,Wed 09:15:05 PM,44.3528,10.8366,← 306°,461,531,"40,000", ,FlightAware ADS-B (LIDU)
TLV - CDG,Air France,AFR963,A359,28/06/2023,Wed 09:15:35 PM,44.3909,10.7633,← 306°,462,532,"40,000", ,FlightAware ADS-B (LIDU)
TLV - CDG,Air France,AFR963,A359,28/06/2023,Wed 09:16:06 PM,44.4287,10.6903,← 306°,463,533,"40,000", ,FlightAware ADS-B (BLQ / LIPE)
TLV - CDG,Air France,AFR963,A359,28/06/2023,Wed 09:16:36 PM,44.4661,10.6179,← 306°,464,534,"40,000", ,FlightAware ADS-B (PMF / LIMP)
TLV - CDG,Air France,AFR963,A359,28/06/2023,Wed 09:17:06 PM,44.5042,10.544,← 306°,465,535,"40,000", ,FlightAware ADS-B (BLQ / LIPE)
TLV - CDG,Air France,AFR963,A359,28/06/2023,Wed 09:17:36 PM,44.5419,10.4707,← 306°,464,534,"40,000", ,FlightAware ADS-B (PMF / LIMP)
TLV - CDG,Air France,AFR963,A359,28/06/2023,Wed 09:18:06 PM,44.5787,10.399,← 306°,464,534,"40,000", ,FlightAware ADS-B (CIA / LIRA)
TLV - CDG,Air France,AFR963,A359,28/06/2023,Wed 09:18:36 PM,44.6158,10.3263,← 306°,462,532,"40,000", ,FlightAware ADS-B (CIA / LIRA)
TLV - CDG,Air France,AFR963,A359,28/06/2023,Wed 09:19:06 PM,44.6535,10.2527,← 306°,463,533,"40,000", ,FlightAware ADS-B (CIA / LIRA)
TLV - CDG,Air France,AFR963,A359,28/06/2023,Wed 09:19:36 PM,44.6902,10.1804,← 306°,463,533,"40,000", ,FlightAware ADS-B (CIA / LIRA)
TLV - CDG,Air France,AFR963,A359,28/06/2023,Wed 09:20:06 PM,44.7289,10.1043,← 305°,465,535,"40,000", ,FlightAware ADS-B (LIDU)
TLV - CDG,Air France,AFR963,A359,28/06/2023,Wed 09:20:36 PM,44.7666,10.0299,← 305°,466,536,"40,000", ,FlightAware ADS-B (PMF / LIMP)
TLV - CDG,Air France,AFR963,A359,28/06/2023,Wed 09:21:06 PM,44.8027,9.9584,← 305°,466,536,"40,000", ,FlightAware ADS-B (LIDT)
TLV - CDG,Air France,AFR963,A359,28/06/2023,Wed 09:21:36 PM,44.8398,9.8848,← 305°,466,536,"40,000", ,FlightAware ADS-B (CEQ / LFMD)
TLV - CDG,Air France,AFR963,A359,28/06/2023,Wed 09:22:06 PM,44.878,9.8088,← 305°,466,536,"40,000", ,FlightAware ADS-B (MXP / LIMC)
TLV - CDG,Air France,AFR963,A359,28/06/2023,Wed 09:22:36 PM,44.914,9.737,← 305°,465,535,"40,000", ,FlightAware ADS-B (EDSR)
TLV - CDG,Air France,AFR963,A359,28/06/2023,Wed 09:23:07 PM,44.9525,9.66,← 305°,464,534,"40,000", ,FlightAware ADS-B (LIDU)
TLV - CDG,Air France,AFR963,A359,28/06/2023,Wed 09:23:37 PM,44.99,9.5847,← 305°,463,533,"40,000", ,FlightAware ADS-B (LIDU)
TLV - CDG,Air France,AFR963,A359,28/06/2023,Wed 09:24:07 PM,45.0275,9.5094,← 305°,464,534,"40,000", ,FlightAware ADS-B (LIDU)
TLV - CDG,Air France,AFR963,A359,28/06/2023,Wed 09:24:37 PM,45.0648,9.4342,← 305°,465,535,"40,000", ,FlightAware ADS-B (LIQB)
TLV - CDG,Air France,AFR963,A359,28/06/2023,Wed 09:25:07 PM,45.1007,9.3617,← 305°,466,536,"40,000", ,FlightAware ADS-B (LIDU)
TLV - CDG,Air France,AFR963,A359,28/06/2023,Wed 09:25:37 PM,45.1384,9.2851,← 305°,467,537,"40,000", ,FlightAware ADS-B (TRN / LIMF)
TLV - CDG,Air France,AFR963,A359,28/06/2023,Wed 09:26:07 PM,45.1758,9.2092,← 305°,468,539,"40,000", ,FlightAware ADS-B (TRN / LIMF)
TLV - CDG,Air France,AFR963,A359,28/06/2023,Wed 09:26:37 PM,45.2128,9.1339,← 305°,469,540,"40,000", ,FlightAware ADS-B (LSZT)
TLV - CDG,Air France,AFR963,A359,28/06/2023,Wed 09:27:07 PM,45.249,9.06,← 305°,470,541,"40,000", ,FlightAware ADS-B (LIMB)
TLV - CDG,Air France,AFR963,A359,28/06/2023,Wed 09:27:37 PM,45.2863,8.9835,← 305°,470,541,"40,000", ,FlightAware ADS-B (LIMB)
TLV - CDG,Air France,AFR963,A359,28/06/2023,Wed 09:28:08 PM,45.323,8.9082,← 305°,469,540,"40,000", ,FlightAware ADS-B (EDSR)
TLV - CDG,Air France,AFR963,A359,28/06/2023,Wed 09:28:39 PM,45.3621,8.8277,← 305°,467,537,"40,000", ,FlightAware ADS-B (TRN / LIMF)
TLV - CDG,Air France,AFR963,A359,28/06/2023,Wed 09:29:09 PM,45.3982,8.7532,← 305°,466,536,"40,000", ,FlightAware ADS-B (LIN / LIML)
TLV - CDG,Air France,AFR963,A359,28/06/2023,Wed 09:29:26 PM,45.4192,8.7099,← 305°,466,536,"40,000", ,FlightAware ADS-B (LSMP)
TLV - CDG,Air France,AFR963,A359,28/06/2023,Wed 09:30:03 PM,45.4639,8.6171,← 304°,469,540,"40,000", ,FlightAware ADS-B (LIPS)
TLV - CDG,Air France,AFR963,A359,28/06/2023,Wed 09:30:33 PM,45.5013,8.5394,← 304°,471,542,"40,000", ,FlightAware ADS-B (TRN / LIMF)
TLV - CDG,Air France,AFR963,A359,28/06/2023,Wed 09:31:04 PM,45.5386,8.4616,← 304°,471,542,"40,000", ,FlightAware ADS-B (MXP / LIMC)
TLV - CDG,Air France,AFR963,A359,28/06/2023,Wed 09:31:34 PM,45.5757,8.3841,← 304°,469,540,"40,000", ,FlightAware ADS-B (LFNC)
TLV - CDG,Air France,AFR963,A359,28/06/2023,Wed 09:32:04 PM,45.612,8.3077,← 304°,469,540,"40,000", ,FlightAware ADS-B (EDNL)
TLV - CDG,Air France,AFR963,A359,28/06/2023,Wed 09:32:34 PM,45.6487,8.2307,← 304°,470,541,"40,000", ,FlightAware ADS-B (TRN / LIMF)
TLV - CDG,Air France,AFR963,A359,28/06/2023,Wed 09:33:05 PM,45.6851,8.1539,← 304°,472,543,"40,000", ,FlightAware ADS-B (LIPS)
TLV - CDG,Air France,AFR963,A359,28/06/2023,Wed 09:33:35 PM,45.7221,8.0756,← 304°,473,544,"40,000", ,FlightAware ADS-B (LSPV)
TLV - CDG,Air France,AFR963,A359,28/06/2023,Wed 09:34:05 PM,45.7597,7.9958,← 304°,474,545,"40,000", ,FlightAware ADS-B (EDNL)
TLV - CDG,Air France,AFR963,A359,28/06/2023,Wed 09:34:36 PM,45.7972,7.9161,← 304°,474,545,"40,000", ,FlightAware ADS-B (NCY / LFLP)
TLV - CDG,Air France,AFR963,A359,28/06/2023,Wed 09:35:07 PM,45.8357,7.8351,← 305°,472,543,"40,000", ,FlightAware ADS-B (ZRH / LSZH)
TLV - CDG,Air France,AFR963,A359,28/06/2023,Wed 09:35:36 PM,45.8708,7.7632,← 305°,473,544,"40,000", ,FlightAware ADS-B (LSMP)
TLV - CDG,Air France,AFR963,A359,28/06/2023,Wed 09:36:06 PM,45.9091,7.684,← 305°,474,545,"40,000", ,FlightAware ADS-B (LSMP)
TLV - CDG,Air France,AFR963,A359,28/06/2023,Wed 09:36:44 PM,45.957,7.584,← 304°,475,547,"40,000", ,FlightAware ADS-B (LFKL)
TLV - CDG,Air France,AFR963,A359,28/06/2023,Wed 09:37:14 PM,45.9923,7.5099,← 304°,476,548,"40,000", ,FlightAware ADS-B (NCY / LFLP)
TLV - CDG,Air France,AFR963,A359,28/06/2023,Wed 09:37:44 PM,46.0295,7.4318,← 304°,476,548,"40,000", ,FlightAware ADS-B (GVA / LSGG)
TLV - CDG,Air France,AFR963,A359,28/06/2023,Wed 09:38:14 PM,46.0669,7.3529,← 304°,475,547,"40,000", ,FlightAware ADS-B (BRN / LSZB)
TLV - CDG,Air France,AFR963,A359,28/06/2023,Wed 09:38:51 PM,46.112,7.2576,← 304°,474,545,"40,000", ,FlightAware ADS-B (LSER)
TLV - CDG,Air France,AFR963,A359,28/06/2023,Wed 09:39:21 PM,46.1503,7.1766,← 304°,472,543,"40,000", ,FlightAware ADS-B (MVV / LFHM)
TLV - CDG,Air France,AFR963,A359,28/06/2023,Wed 09:39:51 PM,46.1874,7.0974,← 304°,471,542,"40,000", ,FlightAware ADS-B (LSGK)
TLV - CDG,Air France,AFR963,A359,28/06/2023,Wed 09:40:21 PM,46.2231,7.0214,← 304°,470,541,"40,000", ,FlightAware ADS-B (GVA / LSGG)
TLV - CDG,Air France,AFR963,A359,28/06/2023,Wed 09:40:44 PM,46.2505,6.9629,← 305°,471,542,"40,000", ,FlightAware ADS-B (LSMP)
TLV - CDG,Air France,AFR963,A359,28/06/2023,Wed 09:41:14 PM,46.2889,6.8805,← 304°,472,543,"40,000", ,FlightAware ADS-B (EDSR)
TLV - CDG,Air France,AFR963,A359,28/06/2023,Wed 09:41:44 PM,46.3235,6.8061,← 304°,473,544,"40,000", ,FlightAware ADS-B (ZRH / LSZH)
TLV - CDG,Air France,AFR963,A359,28/06/2023,Wed 09:42:11 PM,46.3573,6.7334,← 305°,473,544,"40,000", ,FlightAware ADS-B (LFKA)
TLV - CDG,Air France,AFR963,A359,28/06/2023,Wed 09:42:41 PM,46.3929,6.6566,← 304°,474,545,"40,000", ,FlightAware ADS-B (ZRH / LSZH)
TLV - CDG,Air France,AFR963,A359,28/06/2023,Wed 09:43:11 PM,46.43,6.5761,← 304°,475,547,"40,000", ,FlightAware ADS-B (LSZP)
TLV - CDG,Air France,AFR963,A359,28/06/2023,Wed 09:43:41 PM,46.4663,6.4974,← 304°,475,547,"40,000", ,FlightAware ADS-B (LSTR)
TLV - CDG,Air France,AFR963,A359,28/06/2023,Wed 09:43:57 PM,46.4849,6.4597,← 311°,475,547,"40,000", ,FlightAware ADS-B (LSER)
TLV - CDG,Air France,AFR963,A359,28/06/2023,Wed 09:44:13 PM,46.5106,6.4236,↖ 321°,473,544,"40,000", ,FlightAware ADS-B (MXP / LIMC)
TLV - CDG,Air France,AFR963,A359,28/06/2023,Wed 09:44:43 PM,46.5638,6.3623,↖ 321°,473,544,"40,000", ,FlightAware ADS-B (STR / EDDS)
TLV - CDG,Air France,AFR963,A359,28/06/2023,Wed 09:45:14 PM,46.6148,6.3003,↖ 320°,474,545,"40,000",-344,FlightAware ADS-B (STR / EDDS)
TLV - CDG,Air France,AFR963,A359,28/06/2023,Wed 09:45:44 PM,46.6653,6.2391,↖ 320°,474,545,"39,650",-850,FlightAware ADS-B (LSME)
TLV - CDG,Air France,AFR963,A359,28/06/2023,Wed 09:46:14 PM,46.7159,6.178,↖ 320°,473,544,"39,150",-975,FlightAware ADS-B (BRN / LSZB)
TLV - CDG,Air France,AFR963,A359,28/06/2023,Wed 09:46:44 PM,46.7661,6.1173,↖ 320°,474,545,"38,675","-1,000",FlightAware ADS-B (LFHU)
TLV - CDG,Air France,AFR963,A359,28/06/2023,Wed 09:47:14 PM,46.8159,6.0569,↖ 320°,476,548,"38,150",-675,FlightAware ADS-B (LFLI)
TLV - CDG,Air France,AFR963,A359,28/06/2023,Wed 09:47:44 PM,46.8674,5.9942,↖ 320°,474,545,"38,000",-150,FlightAware ADS-B (CFE / LFLC)
TLV - CDG,Air France,AFR963,A359,28/06/2023,Wed 09:48:14 PM,46.9181,5.9323,↖ 320°,474,545,"38,000", ,FlightAware ADS-B (LSXT)
TLV - CDG,Air France,AFR963,A359,28/06/2023,Wed 09:48:44 PM,46.9664,5.8697,↖ 318°,474,545,"38,000", ,FlightAware ADS-B (LSPL)
TLV - CDG,Air France,AFR963,A359,28/06/2023,Wed 09:49:27 PM,47.037,5.776,↖ 318°,473,544,"38,000", ,FlightAware ADS-B (ORY / LFPO)
TLV - CDG,Air France,AFR963,A359,28/06/2023,Wed 09:49:58 PM,47.0877,5.7096,↖ 318°,474,545,"38,000", ,FlightAware ADS-B (LUX / ELLX)
TLV - CDG,Air France,AFR963,A359,28/06/2023,Wed 09:50:28 PM,47.1344,5.6485,↖ 319°,473,544,"38,000", ,FlightAware ADS-B (LSGN)
TLV - CDG,Air France,AFR963,A359,28/06/2023,Wed 09:50:59 PM,47.1855,5.5812,↖ 318°,473,544,"38,000", ,FlightAware ADS-B (ORE / LFOJ)
TLV - CDG,Air France,AFR963,A359,28/06/2023,Wed 09:51:29 PM,47.2352,5.5157,↖ 318°,472,543,"38,000", ,FlightAware ADS-B (LSPK)
TLV - CDG,Air France,AFR963,A359,28/06/2023,Wed 09:51:59 PM,47.2824,5.4533,↖ 318°,472,543,"38,000", ,FlightAware ADS-B (LFLH)
TLV - CDG,Air France,AFR963,A359,28/06/2023,Wed 09:52:30 PM,47.3361,5.382,↖ 318°,472,543,"38,000",-492,FlightAware ADS-B (ORY / LFPO)
TLV - CDG,Air France,AFR963,A359,28/06/2023,Wed 09:53:00 PM,47.3823,5.3206,↖ 318°,474,545,"37,500","-2,525",FlightAware ADS-B (LYN / LFLY)
TLV - CDG,Air France,AFR963,A359,28/06/2023,Wed 09:53:30 PM,47.4316,5.2549,↖ 318°,489,563,"35,475","-3,340",FlightAware ADS-B (LFFV)
TLV - CDG,Air France,AFR963,A359,28/06/2023,Wed 09:54:15 PM,47.5075,5.1533,↖ 318°,484,557,"33,325","-2,120",FlightAware ADS-B (LFGI)
TLV - CDG,Air France,AFR963,A359,28/06/2023,Wed 09:54:45 PM,47.5556,5.0888,↖ 318°,469,540,"32,825","-1,025",FlightAware ADS-B (LFGC)
TLV - CDG,Air France,AFR963,A359,28/06/2023,Wed 09:55:15 PM,47.6041,5.0236,↖ 318°,467,537,"32,300","-1,000",FlightAware ADS-B (LFGI)
TLV - CDG,Air France,AFR963,A359,28/06/2023,Wed 09:55:45 PM,47.6503,4.9615,↖ 318°,462,532,"31,825","-1,000",FlightAware ADS-B (LFGT)
TLV - CDG,Air France,AFR963,A359,28/06/2023,Wed 09:56:15 PM,47.698,4.8969,↖ 318°,461,531,"31,300","-1,025",FlightAware ADS-B (LFGT)
TLV - CDG,Air France,AFR963,A359,28/06/2023,Wed 09:56:45 PM,47.7467,4.8309,↖ 318°,457,526,"30,800","-1,000",FlightAware ADS-B (LFGT)
TLV - CDG,Air France,AFR963,A359,28/06/2023,Wed 09:57:15 PM,47.7937,4.767,↖ 318°,453,521,"30,300","-1,025",FlightAware ADS-B (LME / LFRM)
TLV - CDG,Air France,AFR963,A359,28/06/2023,Wed 09:57:45 PM,47.8405,4.7032,↖ 317°,449,517,"29,775",-975,FlightAware ADS-B (LFGD)
TLV - CDG,Air France,AFR963,A359,28/06/2023,Wed 09:58:15 PM,47.8824,4.646,↖ 317°,443,510,"29,325",-975,FlightAware ADS-B (LFPM)
TLV - CDG,Air France,AFR963,A359,28/06/2023,Wed 09:58:45 PM,47.9286,4.5828,↖ 317°,442,509,"28,800","-1,025",FlightAware ADS-B (TNF / LFPN)
TLV - CDG,Air France,AFR963,A359,28/06/2023,Wed 09:59:15 PM,47.9742,4.5203,↖ 317°,439,505,"28,300","-1,250",FlightAware ADS-B (LFQR)
TLV - CDG,Air France,AFR963,A359,28/06/2023,Wed 09:59:45 PM,48.0181,4.4598,↖ 317°,436,502,"27,550","-1,825",FlightAware ADS-B (EBFS)
TLV - CDG,Air France,AFR963,A359,28/06/2023,Wed 10:00:15 PM,48.0638,4.3967,↖ 317°,430,495,"26,475","-2,066",FlightAware ADS-B (POX / LFPT)
TLV - CDG,Air France,AFR963,A359,28/06/2023,Wed 10:00:46 PM,48.1069,4.3371,↖ 317°,422,486,"25,450","-2,041",FlightAware ADS-B (ORY / LFPO)
TLV - CDG,Air France,AFR963,A359,28/06/2023,Wed 10:01:16 PM,48.1509,4.2762,↖ 317°,414,476,"24,400","-2,000",FlightAware ADS-B (LFQR)
TLV - CDG,Air France,AFR963,A359,28/06/2023,Wed 10:01:46 PM,48.1911,4.2203,↖ 317°,405,466,"23,450","-1,918",FlightAware ADS-B (EDKV)
TLV - CDG,Air France,AFR963,A359,28/06/2023,Wed 10:02:17 PM,48.234,4.1606,↖ 317°,399,459,"22,450","-1,918",FlightAware ADS-B (LFQR)
TLV - CDG,Air France,AFR963,A359,28/06/2023,Wed 10:02:47 PM,48.2733,4.1059,↖ 317°,393,452,"21,500","-1,869",FlightAware ADS-B (CRL / EBCI)
TLV - CDG,Air France,AFR963,A359,28/06/2023,Wed 10:03:18 PM,48.3143,4.0484,↖ 317°,387,445,"20,550","-1,893",FlightAware ADS-B (ORY / LFPO)
TLV - CDG,Air France,AFR963,A359,28/06/2023,Wed 10:03:48 PM,48.3546,3.9919,↖ 317°,382,440,"19,575","-1,950",FlightAware ADS-B (LFQR)
TLV - CDG,Air France,AFR963,A359,28/06/2023,Wed 10:04:18 PM,48.3935,3.9372,↖ 317°,379,436,"18,600","-1,875",FlightAware ADS-B (LFQR)
TLV - CDG,Air France,AFR963,A359,28/06/2023,Wed 10:04:48 PM,48.4302,3.8856,↖ 317°,374,430,"17,700","-1,800",FlightAware ADS-B (LEH / LFOH)
TLV - CDG,Air France,AFR963,A359,28/06/2023,Wed 10:05:18 PM,48.4669,3.8338,↖ 317°,371,427,"16,800","-1,850",FlightAware ADS-B (LUX / ELLX)
TLV - CDG,Air France,AFR963,A359,28/06/2023,Wed 10:05:48 PM,48.5048,3.7803,↖ 317°,365,420,"15,850","-1,840",FlightAware ADS-B (LFOR)
TLV - CDG,Air France,AFR963,A359,28/06/2023,Wed 10:06:11 PM,48.5328,3.7401,← 315°,362,417,"15,175","-1,238",FlightAware ADS-B (TNF / LFPN)
TLV - CDG,Air France,AFR963,A359,28/06/2023,Wed 10:06:28 PM,48.55,3.7066,← 302°,359,413,"15,025",-188,FlightAware ADS-B (LFQR)
TLV - CDG,Air France,AFR963,A359,28/06/2023,Wed 10:07:07 PM,48.5849,3.6231,← 303°,360,414,"15,000",-22,FlightAware ADS-B (LFQB)
TLV - CDG,Air France,AFR963,A359,28/06/2023,Wed 10:07:37 PM,48.6118,3.5616,← 303°,360,414,"15,000", ,FlightAware ADS-B (CSF / LFPC)
TLV - CDG,Air France,AFR963,A359,28/06/2023,Wed 10:08:07 PM,48.6383,3.5002,← 303°,359,413,"15,000", ,FlightAware ADS-B (URO / LFOP)
TLV - CDG,Air France,AFR963,A359,28/06/2023,Wed 10:08:37 PM,48.6663,3.4347,← 303°,358,412,"15,000", ,FlightAware ADS-B (CSF / LFPC)
TLV - CDG,Air France,AFR963,A359,28/06/2023,Wed 10:09:17 PM,48.7018,3.3513,← 303°,360,414,"15,000", ,FlightAware ADS-B (ORY / LFPO)
TLV - CDG,Air France,AFR963,A359,28/06/2023,Wed 10:09:47 PM,48.7282,3.2894,← 304°,362,417,"15,000", ,FlightAware ADS-B (ORY / LFPO)
TLV - CDG,Air France,AFR963,A359,28/06/2023,Wed 10:10:18 PM,48.7537,3.2294,← 304°,362,417,"15,000", ,FlightAware ADS-B (ORY / LFPO)
TLV - CDG,Air France,AFR963,A359,28/06/2023,Wed 10:10:48 PM,48.7833,3.1592,← 304°,360,414,"15,000",-450,FlightAware ADS-B (ORY / LFPO)
TLV - CDG,Air France,AFR963,A359,28/06/2023,Wed 10:11:18 PM,48.8106,3.0944,← 303°,357,411,"14,550",-950,FlightAware ADS-B (TNF / LFPN)
TLV - CDG,Air France,AFR963,A359,28/06/2023,Wed 10:11:48 PM,48.836,3.0341,← 303°,352,405,"14,050","-1,042",FlightAware ADS-B (LBG / LFPB)
TLV - CDG,Air France,AFR963,A359,28/06/2023,Wed 10:12:17 PM,48.8674,2.9754,← 314°,356,410,"13,525","-1,000",FlightAware ADS-B (ORY / LFPO)
TLV - CDG,Air France,AFR963,A359,28/06/2023,Wed 10:12:48 PM,48.9018,2.9193,← 312°,347,399,"13,050",-583,FlightAware ADS-B (ORY / LFPO)
TLV - CDG,Air France,AFR963,A359,28/06/2023,Wed 10:13:11 PM,48.9259,2.8786,← 309°,322,371,"13,000",-77,FlightAware ADS-B (ORY / LFPO)
TLV - CDG,Air France,AFR963,A359,28/06/2023,Wed 10:13:27 PM,48.936,2.8479,← 283°,303,349,"13,000", ,FlightAware ADS-B (LFPL)
TLV - CDG,Air France,AFR963,A359,28/06/2023,Wed 10:13:44 PM,48.9359,2.8142,← 264°,296,341,"13,000", ,FlightAware ADS-B (EVX / LFOE)
TLV - CDG,Air France,AFR963,A359,28/06/2023,Wed 10:14:03 PM,48.9327,2.7748,← 264°,295,339,"13,000",-92,FlightAware ADS-B (CDG / LFPG)
TLV - CDG,Air France,AFR963,A359,28/06/2023,Wed 10:14:33 PM,48.9296,2.7126,← 266°,298,343,"12,925",-867,FlightAware ADS-B (LFPM)
TLV - CDG,Air France,AFR963,A359,28/06/2023,Wed 10:15:07 PM,48.9262,2.6408,← 266°,291,335,"12,075","-1,945",FlightAware ADS-B (LFQR)
TLV - CDG,Air France,AFR963,A359,28/06/2023,Wed 10:15:37 PM,48.9231,2.5819,← 265°,291,335,"10,850","-2,349",FlightAware ADS-B (TNF / LFPN)
TLV - CDG,Air France,AFR963,A359,28/06/2023,Wed 10:16:00 PM,48.9203,2.5326,← 265°,288,331,"10,000","-1,613",FlightAware ADS-B (LFPX)
TLV - CDG,Air France,AFR963,A359,28/06/2023,Wed 10:16:30 PM,48.9171,2.475,← 265°,283,326,"9,425","-1,575",FlightAware ADS-B
TLV - CDG,Air France,AFR963,A359,28/06/2023,Wed 10:17:00 PM,48.9137,2.4149,← 265°,277,319,"8,425","-2,100",FlightAware ADS-B (ORE / LFOJ)
TLV - CDG,Air France,AFR963,A359,28/06/2023,Wed 10:17:30 PM,48.9104,2.3567,← 265°,274,315,"7,325","-1,890",FlightAware ADS-B (LFON)
TLV - CDG,Air France,AFR963,A359,28/06/2023,Wed 10:17:50 PM,48.9082,2.3204,← 265°,265,305,"6,850","-1,756",FlightAware ADS-B (POX / LFPT)
TLV - CDG,Air France,AFR963,A359,28/06/2023,Wed 10:18:11 PM,48.906,2.2816,← 265°,264,304,"6,125","-1,676",FlightAware ADS-B (LFOR)
TLV - CDG,Air France,AFR963,A359,28/06/2023,Wed 10:18:41 PM,48.9026,2.2281,← 265°,266,306,"5,425","-1,200",FlightAware ADS-B (LBG / LFPB)
TLV - CDG,Air France,AFR963,A359,28/06/2023,Wed 10:19:11 PM,48.899,2.1693,← 265°,272,313,"4,925",-656,FlightAware ADS-B (ORY / LFPO)
TLV - CDG,Air France,AFR963,A359,28/06/2023,Wed 10:19:29 PM,48.9007,2.1347,← 285°,262,302,"4,900",-42,FlightAware ADS-B (LEH / LFOH)
TLV - CDG,Air France,AFR963,A359,28/06/2023,Wed 10:19:47 PM,48.912,2.111,↖ 320°,249,287,"4,900", ,FlightAware ADS-B (TNF / LFPN)
TLV - CDG,Air France,AFR963,A359,28/06/2023,Wed 10:20:03 PM,48.9287,2.1008,↑ 351°,246,283,"4,900", ,FlightAware ADS-B (LFFE)
TLV - CDG,Air France,AFR963,A359,28/06/2023,Wed 10:20:20 PM,48.9487,2.105,↑ 20°,244,281,"4,900", ,FlightAware ADS-B (LFPX)
TLV - CDG,Air France,AFR963,A359,28/06/2023,Wed 10:20:38 PM,48.9623,2.1236,↗ 55°,236,272,"4,900", ,FlightAware ADS-B (LBG / LFPB)
TLV - CDG,Air France,AFR963,A359,28/06/2023,Wed 10:20:54 PM,48.9697,2.1496,→ 74°,227,261,"4,900", ,FlightAware ADS-B (LBG / LFPB)
TLV - CDG,Air France,AFR963,A359,28/06/2023,Wed 10:21:11 PM,48.9729,2.1731,→ 79°,218,251,"4,900",-220,FlightAware ADS-B (TNF / LFPN)
TLV - CDG,Air France,AFR963,A359,28/06/2023,Wed 10:21:35 PM,48.9763,2.2074,→ 83°,208,239,"4,750",-713,FlightAware ADS-B (LFPM)
TLV - CDG,Air France,AFR963,A359,28/06/2023,Wed 10:21:51 PM,48.978,2.2337,→ 85°,210,242,"4,425","-1,272",FlightAware ADS-B (LFON)
TLV - CDG,Air France,AFR963,A359,28/06/2023,Wed 10:22:21 PM,48.9803,2.2753,→ 85°,206,237,"3,775","-1,150",FlightAware ADS-B (LBG / LFPB)
TLV - CDG,Air France,AFR963,A359,28/06/2023,Wed 10:22:51 PM,48.9825,2.3166,→ 85°,188,216,"3,275","-1,000",FlightAware ADS-B (LBG / LFPB)
TLV - CDG,Air France,AFR963,A359,28/06/2023,Wed 10:23:03 PM,48.9836,2.3337,→ 85°,186,214,"3,075","-1,038",Surface and Near-Surface
TLV - CDG,Air France,AFR963,A359,28/06/2023,Wed 10:23:17 PM,48.9845,2.3511,→ 85°,181,208,"2,825",-911,Surface and Near-Surface
TLV - CDG,Air France,AFR963,A359,28/06/2023,Wed 10:24:27 PM,48.9891,2.4313,→ 85°,150,173,"1,800",-890,FlightAware ADS-B (LBG / LFPB)
TLV - CDG,Air France,AFR963,A359,28/06/2023,Wed 10:24:43 PM,48.99,2.4479,→ 85°,139,160,"1,550",-797,FlightAware ADS-B (ORY / LFPO)
TLV - CDG,Air France,AFR963,A359,28/06/2023,Wed 10:24:59 PM,48.9908,2.464,→ 85°,136,157,"1,375",-650,FlightAware ADS-B (TNF / LFPN)
TLV - CDG,Air France,AFR963,A359,28/06/2023,Wed 10:25:13 PM,48.9915,2.4756,→ 85°,132,152,"1,225",-677,Surface and Near-Surface
TLV - CDG,Air France,AFR963,A359,28/06/2023,Wed 10:26:21 PM,48.995,2.5397,→ 85°,133,153,450,-696,FlightAware ADS-B (LBG / LFPB)
TLV - CDG,Air France,AFR963,A359,28/06/2023,Wed 10:26:37 PM,48.9958,2.5543,→ 85°,134,154,250,-750,FlightAware ADS-B (LBG / LFPB)
