Route Index,Airline,Flight Num,Aircraft,Date,Time,Latitude,Longitude,Course,Kts,mph,feet,Rate,Reporting Facility
TLV - WAW,LOT Polish Airlines,LOT156,B738,23/06/23,Fri 12:17:00 PM,32.0097,34.8433,← 255°,174,200,"1,275", ,FlightAware ADS-B (TLV / LLBG)
TLV - WAW,LOT Polish Airlines,LOT156,B738,23/06/23,Fri 12:17:16 PM,32.0068,34.8306,← 255°,179,206,"1,650","1,594",FlightAware ADS-B (PFO / LCPH)
TLV - WAW,LOT Polish Airlines,LOT156,B738,23/06/23,Fri 12:17:32 PM,32.0033,34.8139,← 257°,186,214,"2,125","1,875",FlightAware ADS-B (TLV / LLBG)
TLV - WAW,LOT Polish Airlines,LOT156,B738,23/06/23,Fri 12:17:48 PM,32.0001,34.7982,← 256°,187,215,"2,650","2,092",FlightAware ADS-B (LLHZ)
TLV - WAW,LOT Polish Airlines,LOT156,B738,23/06/23,Fri 12:18:10 PM,31.9956,34.7764,← 257°,187,215,"3,450","1,756",FlightAware ADS-B (TLV / LLBG)
TLV - WAW,LOT Polish Airlines,LOT156,B738,23/06/23,Fri 12:18:29 PM,31.9931,34.7563,← 269°,203,234,"3,850","1,200",FlightAware ADS-B (TLV / LLBG)
TLV - WAW,LOT Polish Airlines,LOT156,B738,23/06/23,Fri 12:18:45 PM,31.9952,34.7377,← 282°,217,250,"4,150","1,000",FlightAware ADS-B (TLV / LLBG)
TLV - WAW,LOT Polish Airlines,LOT156,B738,23/06/23,Fri 12:19:11 PM,32.0047,34.7073,← 291°,248,285,"4,550","1,250",FlightAware ADS-B (TLV / LLBG)
TLV - WAW,LOT Polish Airlines,LOT156,B738,23/06/23,Fri 12:19:27 PM,32.011,34.6874,← 291°,258,297,"5,025","1,976",FlightAware ADS-B (TLV / LLBG)
TLV - WAW,LOT Polish Airlines,LOT156,B738,23/06/23,Fri 12:19:52 PM,32.022,34.6519,← 288°,275,316,"5,900","2,250",FlightAware ADS-B (TLV / LLBG)
TLV - WAW,LOT Polish Airlines,LOT156,B738,23/06/23,Fri 12:20:11 PM,32.0273,34.6241,← 278°,280,322,"6,675","2,521",FlightAware ADS-B (LLEK)
TLV - WAW,LOT Polish Airlines,LOT156,B738,23/06/23,Fri 12:20:39 PM,32.0296,34.5827,← 273°,281,323,"7,875","2,048",FlightAware ADS-B (LLEK)
TLV - WAW,LOT Polish Airlines,LOT156,B738,23/06/23,Fri 12:22:17 PM,32.0387,34.4303,← 274°,322,371,"10,975","1,637",FlightAware MLAT (4 sites)
TLV - WAW,LOT Polish Airlines,LOT156,B738,23/06/23,Fri 12:22:50 PM,32.0402,34.3709,← 274°,348,400,"11,450",909,FlightAware MLAT (4 sites)
TLV - WAW,LOT Polish Airlines,LOT156,B738,23/06/23,Fri 12:23:23 PM,32.0474,34.306,← 274°,370,426,"11,975","1,359",FlightAware MLAT (5 sites)
TLV - WAW,LOT Polish Airlines,LOT156,B738,23/06/23,Fri 12:23:54 PM,32.0514,34.2415,← 284°,382,440,"12,900","2,056",FlightAware MLAT (4 sites)
TLV - WAW,LOT Polish Airlines,LOT156,B738,23/06/23,Fri 12:24:17 PM,32.0644,34.1999,← 300°,388,447,"13,825","2,038",FlightAware MLAT (7 sites)
TLV - WAW,LOT Polish Airlines,LOT156,B738,23/06/23,Fri 12:24:33 PM,32.0751,34.1645,← 301°,388,447,"14,225",750,FlightAware MLAT (4 sites)
TLV - WAW,LOT Polish Airlines,LOT156,B738,23/06/23,Fri 12:24:49 PM,32.089,34.1333,← 301°,388,447,"14,225","2,438",FlightAware MLAT (6 sites)
TLV - WAW,LOT Polish Airlines,LOT156,B738,23/06/23,Fri 12:25:05 PM,32.1013,34.1002,← 301°,398,458,"15,525","2,833",FlightAware MLAT (7 sites)
TLV - WAW,LOT Polish Airlines,LOT156,B738,23/06/23,Fri 12:25:43 PM,32.1387,34.0264,← 301°,404,465,"16,775","1,958",FlightAware MLAT (7 sites)
TLV - WAW,LOT Polish Airlines,LOT156,B738,23/06/23,Fri 12:26:17 PM,32.178,33.9697,← 305°,412,474,"17,875","1,430",FlightAware MLAT (4 sites)
TLV - WAW,LOT Polish Airlines,LOT156,B738,23/06/23,Fri 12:26:47 PM,32.2138,33.9125,← 305°,414,476,"18,300","1,810",FlightAware MLAT (4 sites)
TLV - WAW,LOT Polish Airlines,LOT156,B738,23/06/23,Fri 12:27:20 PM,32.2525,33.8541,← 305°,422,486,"19,775","2,262",FlightAware MLAT (7 sites)
TLV - WAW,LOT Polish Airlines,LOT156,B738,23/06/23,Fri 12:27:50 PM,32.2875,33.7977,← 305°,426,490,"20,675","1,821",FlightAware MLAT (8 sites)
TLV - WAW,LOT Polish Airlines,LOT156,B738,23/06/23,Fri 12:28:30 PM,32.3322,33.7221,← 305°,431,496,"21,900","1,711",FlightAware ADS-B (TLV / LLBG)
TLV - WAW,LOT Polish Airlines,LOT156,B738,23/06/23,Fri 12:29:01 PM,32.3692,33.6604,← 305°,439,505,"22,700","1,440",FlightAware ADS-B (BEY / OLBA)
TLV - WAW,LOT Polish Airlines,LOT156,B738,23/06/23,Fri 12:30:35 PM,32.4809,33.4725,← 305°,452,520,"24,900","1,274",FlightAware MLAT (7 sites)
TLV - WAW,LOT Polish Airlines,LOT156,B738,23/06/23,Fri 12:31:07 PM,32.5192,33.4097,← 305°,452,520,"25,375","1,131",FlightAware MLAT (9 sites)
TLV - WAW,LOT Polish Airlines,LOT156,B738,23/06/23,Fri 12:31:40 PM,32.5601,33.3412,← 305°,452,520,"26,125","1,254",FlightAware MLAT (7 sites)
TLV - WAW,LOT Polish Airlines,LOT156,B738,23/06/23,Fri 12:32:14 PM,32.5998,33.2715,← 305°,454,522,"26,775","1,169",FlightAware MLAT (6 sites)
TLV - WAW,LOT Polish Airlines,LOT156,B738,23/06/23,Fri 12:32:48 PM,32.6415,33.2044,← 305°,456,525,"27,450","2,031",FlightAware MLAT (5 sites)
TLV - WAW,LOT Polish Airlines,LOT156,B738,23/06/23,Fri 12:33:19 PM,32.6786,33.141,← 305°,452,520,"28,975","1,598",FlightAware MLAT (9 sites)
TLV - WAW,LOT Polish Airlines,LOT156,B738,23/06/23,Fri 12:33:49 PM,32.7138,33.0797,← 305°,450,518,"29,075","1,172",FlightAware MLAT (9 sites)
TLV - WAW,LOT Polish Airlines,LOT156,B738,23/06/23,Fri 12:34:23 PM,32.7551,33.0121,← 305°,450,518,"30,225","1,711",FlightAware MLAT (5 sites)
TLV - WAW,LOT Polish Airlines,LOT156,B738,23/06/23,Fri 12:34:53 PM,32.7906,32.9513,← 305°,450,518,"30,900","1,148",FlightAware MLAT (9 sites)
TLV - WAW,LOT Polish Airlines,LOT156,B738,23/06/23,Fri 12:35:27 PM,32.8306,32.8805,← 305°,450,518,"31,450","1,136",FlightAware MLAT (7 sites)
TLV - WAW,LOT Polish Airlines,LOT156,B738,23/06/23,Fri 12:35:59 PM,32.8697,32.8169,← 305°,450,518,"32,150","1,000",FlightAware MLAT (5 sites)
TLV - WAW,LOT Polish Airlines,LOT156,B738,23/06/23,Fri 12:36:30 PM,32.9058,32.7533,← 305°,444,511,"32,500",629,FlightAware MLAT (9 sites)
TLV - WAW,LOT Polish Airlines,LOT156,B738,23/06/23,Fri 12:37:01 PM,32.9411,32.6933,← 305°,440,506,"32,800",820,FlightAware MLAT (9 sites)
TLV - WAW,LOT Polish Airlines,LOT156,B738,23/06/23,Fri 12:37:34 PM,32.9789,32.626,← 305°,436,502,"33,375","1,000",FlightAware MLAT (11 sites)
TLV - WAW,LOT Polish Airlines,LOT156,B738,23/06/23,Fri 12:38:04 PM,33.0142,32.5682,← 305°,436,502,"33,850",984,FlightAware MLAT (7 sites)
TLV - WAW,LOT Polish Airlines,LOT156,B738,23/06/23,Fri 12:38:38 PM,33.053,32.5017,← 305°,432,497,"34,425",923,FlightAware MLAT (6 sites)
TLV - WAW,LOT Polish Airlines,LOT156,B738,23/06/23,Fri 12:39:09 PM,33.0878,32.4396,← 304°,430,495,"34,850","1,024",FlightAware MLAT (11 sites)
TLV - WAW,LOT Polish Airlines,LOT156,B738,23/06/23,Fri 12:39:41 PM,33.1235,32.3788,← 304°,426,490,"35,500","1,000",FlightAware MLAT (4 sites)
TLV - WAW,LOT Polish Airlines,LOT156,B738,23/06/23,Fri 12:40:12 PM,33.1565,32.3174,← 304°,424,488,"35,900",811,FlightAware MLAT (8 sites)
TLV - WAW,LOT Polish Airlines,LOT156,B738,23/06/23,Fri 12:40:42 PM,33.1875,32.2583,← 305°,422,486,"36,325",800,FlightAware MLAT (7 sites)
TLV - WAW,LOT Polish Airlines,LOT156,B738,23/06/23,Fri 12:41:12 PM,33.226,32.2039,← 304°,422,486,"36,700",714,FlightAware MLAT (11 sites)
TLV - WAW,LOT Polish Airlines,LOT156,B738,23/06/23,Fri 12:41:45 PM,33.2596,32.1404,← 304°,420,483,"37,075",833,FlightAware MLAT (11 sites)
TLV - WAW,LOT Polish Airlines,LOT156,B738,23/06/23,Fri 12:42:15 PM,33.2926,32.0821,← 304°,418,481,"37,575",836,FlightAware MLAT (7 sites)
TLV - WAW,LOT Polish Airlines,LOT156,B738,23/06/23,Fri 12:42:46 PM,33.3227,32.0225,← 304°,416,479,"37,925",405,FlightAware MLAT (10 sites)
TLV - WAW,LOT Polish Airlines,LOT156,B738,23/06/23,Fri 12:43:18 PM,33.3609,31.9618,← 304°,416,479,"38,000",71,FlightAware MLAT (5 sites)
TLV - WAW,LOT Polish Airlines,LOT156,B738,23/06/23,Fri 12:43:49 PM,33.3961,31.907,← 304°,416,479,"38,000", ,FlightAware MLAT (8 sites)
TLV - WAW,LOT Polish Airlines,LOT156,B738,23/06/23,Fri 12:44:19 PM,33.4285,31.8486,← 304°,416,479,"38,000", ,FlightAware MLAT (4 sites)
TLV - WAW,LOT Polish Airlines,LOT156,B738,23/06/23,Fri 12:44:51 PM,33.4625,31.7908,↖ 319°,418,481,"38,000", ,FlightAware MLAT (5 sites)
TLV - WAW,LOT Polish Airlines,LOT156,B738,23/06/23,Fri 12:45:07 PM,33.4846,31.7641,↖ 335°,440,506,"38,000", ,FlightAware MLAT (7 sites)
TLV - WAW,LOT Polish Airlines,LOT156,B738,23/06/23,Fri 12:45:25 PM,33.5127,31.7447,↑ 343°,454,522,"38,000", ,FlightAware MLAT (5 sites)
TLV - WAW,LOT Polish Airlines,LOT156,B738,23/06/23,Fri 12:45:44 PM,33.5562,31.7351,↑ 343°,454,522,"38,000", ,FlightAware MLAT (5 sites)
TLV - WAW,LOT Polish Airlines,LOT156,B738,23/06/23,Fri 12:46:05 PM,33.5958,31.7129,↑ 343°,454,522,"38,000", ,FlightAware MLAT (4 sites)
TLV - WAW,LOT Polish Airlines,LOT156,B738,23/06/23,Fri 12:46:43 PM,33.688,31.7031,↑ 343°,454,522,"38,000", ,FlightAware MLAT (6 sites)
TLV - WAW,LOT Polish Airlines,LOT156,B738,23/06/23,Fri 12:47:13 PM,33.75,31.6826,↑ 343°,452,520,"38,000", ,FlightAware MLAT (6 sites)
TLV - WAW,LOT Polish Airlines,LOT156,B738,23/06/23,Fri 12:47:43 PM,33.8113,31.6608,↑ 343°,452,520,"38,000", ,FlightAware MLAT (12 sites)
TLV - WAW,LOT Polish Airlines,LOT156,B738,23/06/23,Fri 12:48:16 PM,33.8753,31.6363,↑ 343°,452,520,"38,000", ,FlightAware MLAT (8 sites)
TLV - WAW,LOT Polish Airlines,LOT156,B738,23/06/23,Fri 12:49:47 PM,34.0601,31.5693,↑ 343°,451,519,"38,000", ,FlightAware ADS-B (AYT / LTAI)
TLV - WAW,LOT Polish Airlines,LOT156,B738,23/06/23,Fri 12:50:17 PM,34.1181,31.5479,↑ 343°,452,520,"38,000", ,FlightAware ADS-B (BEY / OLBA)
TLV - WAW,LOT Polish Airlines,LOT156,B738,23/06/23,Fri 12:50:47 PM,34.1799,31.5253,↑ 343°,453,521,"38,000", ,FlightAware ADS-B (GZP / LTFG)
TLV - WAW,LOT Polish Airlines,LOT156,B738,23/06/23,Fri 12:51:17 PM,34.2376,31.5041,↑ 343°,453,521,"38,000", ,FlightAware ADS-B (LCA / LCLK)
TLV - WAW,LOT Polish Airlines,LOT156,B738,23/06/23,Fri 12:51:47 PM,34.2989,31.4816,↑ 343°,453,521,"38,000", ,FlightAware ADS-B (LCA / LCLK)
TLV - WAW,LOT Polish Airlines,LOT156,B738,23/06/23,Fri 12:52:17 PM,34.3569,31.4603,↑ 343°,452,520,"38,000", ,FlightAware ADS-B (AKT / LCRA)
TLV - WAW,LOT Polish Airlines,LOT156,B738,23/06/23,Fri 12:52:47 PM,34.4169,31.4381,↑ 343°,452,520,"38,000", ,FlightAware ADS-B (AKT / LCRA)
TLV - WAW,LOT Polish Airlines,LOT156,B738,23/06/23,Fri 12:53:17 PM,34.4797,31.4148,↑ 343°,451,519,"38,000", ,FlightAware ADS-B (PFO / LCPH)
TLV - WAW,LOT Polish Airlines,LOT156,B738,23/06/23,Fri 12:53:47 PM,34.5401,31.3922,↑ 343°,450,518,"38,000", ,FlightAware ADS-B (PFO / LCPH)
TLV - WAW,LOT Polish Airlines,LOT156,B738,23/06/23,Fri 12:54:17 PM,34.598,31.3706,↑ 343°,450,518,"38,000", ,FlightAware ADS-B (AKT / LCRA)
TLV - WAW,LOT Polish Airlines,LOT156,B738,23/06/23,Fri 12:54:47 PM,34.6589,31.348,↑ 343°,450,518,"38,000", ,FlightAware ADS-B (PFO / LCPH)
TLV - WAW,LOT Polish Airlines,LOT156,B738,23/06/23,Fri 12:55:17 PM,34.7199,31.3254,↑ 343°,450,518,"38,000", ,FlightAware ADS-B (PFO / LCPH)
TLV - WAW,LOT Polish Airlines,LOT156,B738,23/06/23,Fri 12:55:47 PM,34.7782,31.3036,↑ 343°,450,518,"38,000", ,FlightAware ADS-B (PFO / LCPH)
TLV - WAW,LOT Polish Airlines,LOT156,B738,23/06/23,Fri 12:56:17 PM,34.8365,31.2819,↑ 343°,450,518,"38,000", ,FlightAware ADS-B (PFO / LCPH)
TLV - WAW,LOT Polish Airlines,LOT156,B738,23/06/23,Fri 12:56:47 PM,34.8972,31.2593,↑ 343°,449,517,"38,000", ,FlightAware ADS-B (PFO / LCPH)
TLV - WAW,LOT Polish Airlines,LOT156,B738,23/06/23,Fri 12:57:18 PM,34.9586,31.2361,↑ 343°,450,518,"38,000", ,FlightAware ADS-B (PFO / LCPH)
TLV - WAW,LOT Polish Airlines,LOT156,B738,23/06/23,Fri 12:57:48 PM,35.0182,31.2137,↑ 343°,450,518,"38,000", ,FlightAware ADS-B (PFO / LCPH)
TLV - WAW,LOT Polish Airlines,LOT156,B738,23/06/23,Fri 12:58:19 PM,35.082,31.1896,↑ 343°,451,519,"38,000", ,FlightAware ADS-B (AYT / LTAI)
TLV - WAW,LOT Polish Airlines,LOT156,B738,23/06/23,Fri 12:58:49 PM,35.1403,31.1675,↑ 343°,451,519,"38,000", ,FlightAware ADS-B (LCA / LCLK)
TLV - WAW,LOT Polish Airlines,LOT156,B738,23/06/23,Fri 12:59:19 PM,35.199,31.1455,↑ 343°,452,520,"38,000", ,FlightAware ADS-B (LCA / LCLK)
TLV - WAW,LOT Polish Airlines,LOT156,B738,23/06/23,Fri 12:59:49 PM,35.2596,31.1227,↑ 343°,453,521,"38,000", ,FlightAware ADS-B (ECN / LCEN)
TLV - WAW,LOT Polish Airlines,LOT156,B738,23/06/23,Fri 01:00:19 PM,35.3193,31.1002,↑ 343°,453,521,"38,000", ,FlightAware ADS-B (LCA / LCLK)
TLV - WAW,LOT Polish Airlines,LOT156,B738,23/06/23,Fri 01:00:49 PM,35.3808,31.077,↑ 343°,454,522,"38,000", ,FlightAware ADS-B (ECN / LCEN)
TLV - WAW,LOT Polish Airlines,LOT156,B738,23/06/23,Fri 01:01:19 PM,35.4402,31.0546,↑ 343°,453,521,"38,000", ,FlightAware ADS-B (ECN / LCEN)
TLV - WAW,LOT Polish Airlines,LOT156,B738,23/06/23,Fri 01:01:49 PM,35.5003,31.0317,↑ 343°,454,522,"38,000", ,FlightAware ADS-B (AKT / LCRA)
TLV - WAW,LOT Polish Airlines,LOT156,B738,23/06/23,Fri 01:02:19 PM,35.5617,31.008,↑ 343°,454,522,"38,000", ,FlightAware ADS-B (ECN / LCEN)
TLV - WAW,LOT Polish Airlines,LOT156,B738,23/06/23,Fri 01:02:49 PM,35.6221,30.9849,↑ 343°,454,522,"38,000", ,FlightAware ADS-B (ECN / LCEN)
TLV - WAW,LOT Polish Airlines,LOT156,B738,23/06/23,Fri 01:03:20 PM,35.6815,30.9622,↑ 343°,454,522,"38,000", ,FlightAware ADS-B (LCA / LCLK)
TLV - WAW,LOT Polish Airlines,LOT156,B738,23/06/23,Fri 01:03:50 PM,35.7415,30.9393,↑ 343°,454,522,"38,000", ,FlightAware ADS-B (LCA / LCLK)
TLV - WAW,LOT Polish Airlines,LOT156,B738,23/06/23,Fri 01:04:20 PM,35.8017,30.9163,↑ 343°,454,522,"38,000", ,FlightAware ADS-B (LCA / LCLK)
TLV - WAW,LOT Polish Airlines,LOT156,B738,23/06/23,Fri 01:04:50 PM,35.8632,30.8927,↑ 343°,453,521,"38,000", ,FlightAware ADS-B (ECN / LCEN)
TLV - WAW,LOT Polish Airlines,LOT156,B738,23/06/23,Fri 01:05:20 PM,35.9215,30.8703,↑ 343°,452,520,"38,000", ,FlightAware ADS-B (LCA / LCLK)
TLV - WAW,LOT Polish Airlines,LOT156,B738,23/06/23,Fri 01:05:51 PM,35.9857,30.8455,↑ 343°,449,517,"38,000", ,FlightAware ADS-B (GZP / LTFG)
TLV - WAW,LOT Polish Airlines,LOT156,B738,23/06/23,Fri 01:06:16 PM,36.0357,30.8298,↑ 349°,454,522,"38,000", ,FlightAware ADS-B (NIC / LCNC)
TLV - WAW,LOT Polish Airlines,LOT156,B738,23/06/23,Fri 01:06:57 PM,36.1227,30.8216,↑ 358°,461,531,"38,000", ,FlightAware ADS-B (LCA / LCLK)
TLV - WAW,LOT Polish Airlines,LOT156,B738,23/06/23,Fri 01:07:42 PM,36.2189,30.8182,↑ 359°,459,528,"38,000", ,FlightAware ADS-B (LCA / LCLK)
TLV - WAW,LOT Polish Airlines,LOT156,B738,23/06/23,Fri 01:08:12 PM,36.2821,30.8161,↑ 358°,457,526,"38,000", ,FlightAware ADS-B (ECN / LCEN)
TLV - WAW,LOT Polish Airlines,LOT156,B738,23/06/23,Fri 01:08:42 PM,36.3453,30.814,↑ 359°,457,526,"38,000", ,FlightAware ADS-B (LCA / LCLK)
TLV - WAW,LOT Polish Airlines,LOT156,B738,23/06/23,Fri 01:09:12 PM,36.4096,30.8117,↑ 358°,456,525,"38,000", ,FlightAware ADS-B (AYT / LTAI)
TLV - WAW,LOT Polish Airlines,LOT156,B738,23/06/23,Fri 01:09:42 PM,36.4724,30.8095,↑ 359°,457,526,"38,000", ,FlightAware ADS-B (NIC / LCNC)
TLV - WAW,LOT Polish Airlines,LOT156,B738,23/06/23,Fri 01:10:13 PM,36.5376,30.8074,↑ 359°,455,524,"38,000", ,FlightAware ADS-B (AYT / LTAI)
TLV - WAW,LOT Polish Airlines,LOT156,B738,23/06/23,Fri 01:10:43 PM,36.5981,30.8056,↑ 359°,454,522,"38,000", ,FlightAware ADS-B (LCA / LCLK)
TLV - WAW,LOT Polish Airlines,LOT156,B738,23/06/23,Fri 01:11:13 PM,36.6636,30.8035,↑ 359°,453,521,"38,000", ,FlightAware ADS-B (AYT / LTAI)
TLV - WAW,LOT Polish Airlines,LOT156,B738,23/06/23,Fri 01:11:43 PM,36.7265,30.8013,↑ 358°,451,519,"38,000", ,FlightAware ADS-B (AYT / LTAI)
TLV - WAW,LOT Polish Airlines,LOT156,B738,23/06/23,Fri 01:12:13 PM,36.7889,30.7991,↑ 358°,447,514,"38,000", ,FlightAware ADS-B (AYT / LTAI)
TLV - WAW,LOT Polish Airlines,LOT156,B738,23/06/23,Fri 01:12:44 PM,36.8507,30.7971,↑ 358°,443,510,"38,000", ,FlightAware ADS-B (NIC / LCNC)
TLV - WAW,LOT Polish Airlines,LOT156,B738,23/06/23,Fri 01:13:17 PM,36.9208,30.7958,↑ 2°,443,510,"38,000", ,FlightAware ADS-B (GZP / LTFG)
TLV - WAW,LOT Polish Airlines,LOT156,B738,23/06/23,Fri 01:13:56 PM,36.9976,30.8051,↑ 6°,444,511,"38,000", ,FlightAware ADS-B (RHO / LGRP)
TLV - WAW,LOT Polish Airlines,LOT156,B738,23/06/23,Fri 01:14:33 PM,37.0743,30.8159,↑ 7°,441,507,"38,000", ,FlightAware ADS-B (ECN / LCEN)
TLV - WAW,LOT Polish Airlines,LOT156,B738,23/06/23,Fri 01:15:03 PM,37.1346,30.8245,↑ 7°,440,506,"38,000", ,FlightAware ADS-B (GZP / LTFG)
TLV - WAW,LOT Polish Airlines,LOT156,B738,23/06/23,Fri 01:15:33 PM,37.1966,30.8333,↑ 7°,439,505,"38,000", ,FlightAware ADS-B (ECN / LCEN)
TLV - WAW,LOT Polish Airlines,LOT156,B738,23/06/23,Fri 01:16:03 PM,37.2574,30.8419,↑ 6°,439,505,"38,000", ,FlightAware ADS-B (ECN / LCEN)
TLV - WAW,LOT Polish Airlines,LOT156,B738,23/06/23,Fri 01:16:33 PM,37.3169,30.8503,↑ 6°,441,507,"38,000", ,FlightAware ADS-B (ECN / LCEN)
TLV - WAW,LOT Polish Airlines,LOT156,B738,23/06/23,Fri 01:17:04 PM,37.3787,30.859,↑ 7°,441,507,"38,000", ,FlightAware ADS-B (ECN / LCEN)
TLV - WAW,LOT Polish Airlines,LOT156,B738,23/06/23,Fri 01:17:34 PM,37.4405,30.8679,↑ 7°,440,506,"38,000", ,FlightAware ADS-B (ECN / LCEN)
TLV - WAW,LOT Polish Airlines,LOT156,B738,23/06/23,Fri 01:18:05 PM,37.5035,30.877,↑ 6°,439,505,"38,000", ,FlightAware ADS-B (GZP / LTFG)
TLV - WAW,LOT Polish Airlines,LOT156,B738,23/06/23,Fri 01:18:35 PM,37.5617,30.8853,↑ 7°,438,504,"38,000", ,FlightAware ADS-B (GZP / LTFG)
TLV - WAW,LOT Polish Airlines,LOT156,B738,23/06/23,Fri 01:19:06 PM,37.6252,30.8944,↑ 7°,437,503,"38,000", ,FlightAware ADS-B (GZP / LTFG)
TLV - WAW,LOT Polish Airlines,LOT156,B738,23/06/23,Fri 01:19:36 PM,37.6866,30.9033,↑ 7°,435,501,"38,000", ,FlightAware ADS-B (GZP / LTFG)
TLV - WAW,LOT Polish Airlines,LOT156,B738,23/06/23,Fri 01:20:04 PM,37.7434,30.9099,↑ 2°,430,495,"38,000", ,FlightAware ADS-B (LTFN)
TLV - WAW,LOT Polish Airlines,LOT156,B738,23/06/23,Fri 01:20:28 PM,37.7902,30.9067,↑ 353°,424,488,"38,000", ,FlightAware ADS-B (LTFN)
TLV - WAW,LOT Polish Airlines,LOT156,B738,23/06/23,Fri 01:21:07 PM,37.8629,30.8908,↑ 350°,423,487,"38,000", ,FlightAware ADS-B (LBWB)
TLV - WAW,LOT Polish Airlines,LOT156,B738,23/06/23,Fri 01:21:38 PM,37.925,30.8766,↑ 350°,426,490,"38,000", ,FlightAware ADS-B (SAW / LTFJ)
TLV - WAW,LOT Polish Airlines,LOT156,B738,23/06/23,Fri 01:22:17 PM,37.9995,30.8596,↑ 350°,426,490,"38,000", ,FlightAware ADS-B (USQ / LTBO)
TLV - WAW,LOT Polish Airlines,LOT156,B738,23/06/23,Fri 01:22:48 PM,38.0614,30.8453,↑ 350°,427,491,"38,000", ,FlightAware ADS-B (AFY / LTAH)
TLV - WAW,LOT Polish Airlines,LOT156,B738,23/06/23,Fri 01:23:18 PM,38.1187,30.8323,↑ 350°,427,491,"38,000", ,FlightAware ADS-B (LTFN)
TLV - WAW,LOT Polish Airlines,LOT156,B738,23/06/23,Fri 01:23:48 PM,38.1773,30.8189,↑ 350°,427,491,"38,000", ,FlightAware ADS-B (LTFN)
TLV - WAW,LOT Polish Airlines,LOT156,B738,23/06/23,Fri 01:24:18 PM,38.2344,30.8058,↑ 350°,427,491,"38,000", ,FlightAware ADS-B (ISE / LTFC)
TLV - WAW,LOT Polish Airlines,LOT156,B738,23/06/23,Fri 01:24:49 PM,38.2954,30.792,↑ 350°,426,490,"38,000", ,FlightAware ADS-B (AFY / LTAH)
TLV - WAW,LOT Polish Airlines,LOT156,B738,23/06/23,Fri 01:25:19 PM,38.3529,30.7791,↑ 350°,422,486,"38,000", ,FlightAware ADS-B (LTFN)
TLV - WAW,LOT Polish Airlines,LOT156,B738,23/06/23,Fri 01:25:49 PM,38.4112,30.7658,↑ 350°,419,482,"38,000", ,FlightAware ADS-B (USQ / LTBO)
TLV - WAW,LOT Polish Airlines,LOT156,B738,23/06/23,Fri 01:26:19 PM,38.4689,30.7523,↑ 350°,415,478,"38,000", ,FlightAware ADS-B (AFY / LTAH)
TLV - WAW,LOT Polish Airlines,LOT156,B738,23/06/23,Fri 01:26:49 PM,38.5249,30.7395,↑ 350°,415,478,"38,000", ,FlightAware ADS-B (LTFN)
TLV - WAW,LOT Polish Airlines,LOT156,B738,23/06/23,Fri 01:27:19 PM,38.5784,30.7272,↑ 350°,414,476,"38,000", ,FlightAware ADS-B (AYT / LTAI)
TLV - WAW,LOT Polish Airlines,LOT156,B738,23/06/23,Fri 01:27:50 PM,38.6392,30.7131,↑ 350°,414,476,"38,000", ,FlightAware ADS-B (AFY / LTAH)
TLV - WAW,LOT Polish Airlines,LOT156,B738,23/06/23,Fri 01:28:20 PM,38.6954,30.7,↑ 350°,415,478,"38,000", ,FlightAware ADS-B (USQ / LTBO)
TLV - WAW,LOT Polish Airlines,LOT156,B738,23/06/23,Fri 01:28:50 PM,38.7522,30.6868,↑ 350°,415,478,"38,000", ,FlightAware ADS-B (USQ / LTBO)
TLV - WAW,LOT Polish Airlines,LOT156,B738,23/06/23,Fri 01:29:20 PM,38.8087,30.6737,↑ 350°,415,478,"38,000", ,FlightAware ADS-B (AFY / LTAH)
TLV - WAW,LOT Polish Airlines,LOT156,B738,23/06/23,Fri 01:29:54 PM,38.874,30.6586,↑ 350°,415,478,"38,000", ,FlightAware ADS-B (MJT / LGMT)
TLV - WAW,LOT Polish Airlines,LOT156,B738,23/06/23,Fri 01:30:25 PM,38.9309,30.6453,↑ 350°,415,478,"38,000", ,FlightAware ADS-B (ESB / LTAC)
TLV - WAW,LOT Polish Airlines,LOT156,B738,23/06/23,Fri 01:30:55 PM,38.9872,30.6322,↑ 350°,416,479,"38,000", ,FlightAware ADS-B (MJT / LGMT)
TLV - WAW,LOT Polish Airlines,LOT156,B738,23/06/23,Fri 01:31:25 PM,39.0444,30.6189,↑ 350°,416,479,"38,000", ,FlightAware ADS-B (MJT / LGMT)
TLV - WAW,LOT Polish Airlines,LOT156,B738,23/06/23,Fri 01:31:55 PM,39.1025,30.6052,↑ 350°,416,479,"38,000", ,FlightAware ADS-B (ESB / LTAC)
TLV - WAW,LOT Polish Airlines,LOT156,B738,23/06/23,Fri 01:32:25 PM,39.1583,30.5921,↑ 350°,417,480,"38,000", ,FlightAware ADS-B (MJT / LGMT)
TLV - WAW,LOT Polish Airlines,LOT156,B738,23/06/23,Fri 01:32:56 PM,39.2174,30.5784,↑ 350°,418,481,"38,000", ,FlightAware ADS-B (ESB / LTAC)
TLV - WAW,LOT Polish Airlines,LOT156,B738,23/06/23,Fri 01:33:26 PM,39.2749,30.5649,↑ 349°,419,482,"38,000", ,FlightAware ADS-B (ESB / LTAC)
TLV - WAW,LOT Polish Airlines,LOT156,B738,23/06/23,Fri 01:33:56 PM,39.3327,30.5511,↑ 349°,420,483,"38,000", ,FlightAware ADS-B (ESB / LTAC)
TLV - WAW,LOT Polish Airlines,LOT156,B738,23/06/23,Fri 01:34:27 PM,39.3881,30.5302,↑ 340°,419,482,"38,000", ,FlightAware ADS-B (LTHA)
TLV - WAW,LOT Polish Airlines,LOT156,B738,23/06/23,Fri 01:34:57 PM,39.4438,30.5034,↑ 339°,419,482,"38,000", ,FlightAware ADS-B (LTHA)
TLV - WAW,LOT Polish Airlines,LOT156,B738,23/06/23,Fri 01:35:27 PM,39.4986,30.4769,↑ 339°,419,482,"38,000", ,FlightAware ADS-B (AFY / LTAH)
TLV - WAW,LOT Polish Airlines,LOT156,B738,23/06/23,Fri 01:35:57 PM,39.5522,30.4512,↑ 340°,418,481,"38,000", ,FlightAware ADS-B (USQ / LTBO)
TLV - WAW,LOT Polish Airlines,LOT156,B738,23/06/23,Fri 01:36:27 PM,39.6061,30.4256,↑ 340°,416,479,"38,000", ,FlightAware ADS-B (USQ / LTBO)
TLV - WAW,LOT Polish Airlines,LOT156,B738,23/06/23,Fri 01:36:57 PM,39.6614,30.3995,↑ 340°,413,475,"38,000", ,FlightAware ADS-B (USQ / LTBO)
TLV - WAW,LOT Polish Airlines,LOT156,B738,23/06/23,Fri 01:37:27 PM,39.7151,30.3737,↑ 340°,409,471,"38,000", ,FlightAware ADS-B (USQ / LTBO)
TLV - WAW,LOT Polish Airlines,LOT156,B738,23/06/23,Fri 01:37:58 PM,39.7689,30.3475,↑ 339°,408,470,"38,000", ,FlightAware ADS-B (AFY / LTAH)
TLV - WAW,LOT Polish Airlines,LOT156,B738,23/06/23,Fri 01:38:28 PM,39.8225,30.3213,↑ 340°,408,470,"38,000", ,FlightAware ADS-B (AFY / LTAH)
TLV - WAW,LOT Polish Airlines,LOT156,B738,23/06/23,Fri 01:38:58 PM,39.8728,30.2969,↑ 340°,408,470,"38,000", ,FlightAware ADS-B (ISL / LTBA)
TLV - WAW,LOT Polish Airlines,LOT156,B738,23/06/23,Fri 01:39:28 PM,39.9273,30.2706,↑ 340°,409,471,"38,000", ,FlightAware ADS-B (USQ / LTBO)
TLV - WAW,LOT Polish Airlines,LOT156,B738,23/06/23,Fri 01:39:58 PM,39.9811,30.2445,↑ 339°,409,471,"38,000", ,FlightAware ADS-B (USQ / LTBO)
TLV - WAW,LOT Polish Airlines,LOT156,B738,23/06/23,Fri 01:40:29 PM,40.0355,30.218,↑ 340°,410,472,"38,000", ,FlightAware ADS-B (LTHA)
TLV - WAW,LOT Polish Airlines,LOT156,B738,23/06/23,Fri 01:40:59 PM,40.0898,30.1916,↑ 340°,411,473,"38,000", ,FlightAware ADS-B (ESB / LTAC)
TLV - WAW,LOT Polish Airlines,LOT156,B738,23/06/23,Fri 01:41:29 PM,40.1431,30.1656,↑ 340°,411,473,"38,000", ,FlightAware ADS-B (ESB / LTAC)
TLV - WAW,LOT Polish Airlines,LOT156,B738,23/06/23,Fri 01:41:59 PM,40.1959,30.1398,↑ 340°,411,473,"38,000", ,FlightAware ADS-B (ISL / LTBA)
TLV - WAW,LOT Polish Airlines,LOT156,B738,23/06/23,Fri 01:42:30 PM,40.25,30.1134,↑ 339°,411,473,"38,000", ,FlightAware ADS-B (LTHA)
TLV - WAW,LOT Polish Airlines,LOT156,B738,23/06/23,Fri 01:43:00 PM,40.304,30.0869,↑ 339°,411,473,"38,000", ,FlightAware ADS-B (ESB / LTAC)
TLV - WAW,LOT Polish Airlines,LOT156,B738,23/06/23,Fri 01:43:30 PM,40.3584,30.0601,↑ 339°,411,473,"38,000", ,FlightAware ADS-B (LTHA)
TLV - WAW,LOT Polish Airlines,LOT156,B738,23/06/23,Fri 01:44:00 PM,40.4118,30.034,↑ 339°,410,472,"38,000", ,FlightAware ADS-B (ESB / LTAC)
TLV - WAW,LOT Polish Airlines,LOT156,B738,23/06/23,Fri 01:44:40 PM,40.4825,29.999,↑ 339°,409,471,"38,000", ,FlightAware ADS-B (SAW / LTFJ)
TLV - WAW,LOT Polish Airlines,LOT156,B738,23/06/23,Fri 01:45:11 PM,40.5357,29.973,↑ 340°,408,470,"38,000", ,FlightAware ADS-B (SAW / LTFJ)
TLV - WAW,LOT Polish Airlines,LOT156,B738,23/06/23,Fri 01:45:43 PM,40.591,29.9456,↑ 339°,408,470,"38,000", ,FlightAware ADS-B (LBWB)
TLV - WAW,LOT Polish Airlines,LOT156,B738,23/06/23,Fri 01:46:16 PM,40.6507,29.9156,↑ 339°,408,470,"38,000", ,FlightAware ADS-B (LTBW)
TLV - WAW,LOT Polish Airlines,LOT156,B738,23/06/23,Fri 01:46:48 PM,40.7079,29.8872,↑ 339°,407,468,"38,000", ,FlightAware ADS-B (ISL / LTBA)
TLV - WAW,LOT Polish Airlines,LOT156,B738,23/06/23,Fri 01:47:19 PM,40.7628,29.8599,↑ 339°,409,471,"38,000", ,FlightAware ADS-B (ISL / LTBA)
TLV - WAW,LOT Polish Airlines,LOT156,B738,23/06/23,Fri 01:47:49 PM,40.8137,29.8345,↑ 339°,410,472,"38,000", ,FlightAware ADS-B (KCO / LTBQ)
TLV - WAW,LOT Polish Airlines,LOT156,B738,23/06/23,Fri 01:48:20 PM,40.868,29.8074,↑ 339°,410,472,"38,000", ,FlightAware ADS-B (KCO / LTBQ)
TLV - WAW,LOT Polish Airlines,LOT156,B738,23/06/23,Fri 01:48:50 PM,40.9214,29.7809,↑ 339°,410,472,"38,000", ,FlightAware ADS-B (KCO / LTBQ)
TLV - WAW,LOT Polish Airlines,LOT156,B738,23/06/23,Fri 01:49:20 PM,40.9741,29.7546,↑ 340°,410,472,"38,000", ,FlightAware ADS-B (KCO / LTBQ)
TLV - WAW,LOT Polish Airlines,LOT156,B738,23/06/23,Fri 01:49:50 PM,41.0276,29.7281,↑ 339°,410,472,"38,000", ,FlightAware ADS-B (KCO / LTBQ)
TLV - WAW,LOT Polish Airlines,LOT156,B738,23/06/23,Fri 01:50:20 PM,41.0812,29.701,↑ 339°,410,472,"38,000", ,FlightAware ADS-B (KCO / LTBQ)
TLV - WAW,LOT Polish Airlines,LOT156,B738,23/06/23,Fri 01:50:51 PM,41.1367,29.6729,↑ 339°,409,471,"38,000", ,FlightAware ADS-B (VAR / LBWN)
TLV - WAW,LOT Polish Airlines,LOT156,B738,23/06/23,Fri 01:51:22 PM,41.1919,29.6448,↑ 339°,409,471,"38,000", ,FlightAware ADS-B (TEQ / LTBU)
TLV - WAW,LOT Polish Airlines,LOT156,B738,23/06/23,Fri 01:51:55 PM,41.2478,29.6165,↑ 339°,408,470,"38,000", ,FlightAware ADS-B (LBBR)
TLV - WAW,LOT Polish Airlines,LOT156,B738,23/06/23,Fri 01:52:25 PM,41.3009,29.5897,↑ 339°,409,471,"38,000", ,FlightAware ADS-B (LBBR)
TLV - WAW,LOT Polish Airlines,LOT156,B738,23/06/23,Fri 01:52:55 PM,41.3541,29.5628,↑ 339°,408,470,"38,000", ,FlightAware ADS-B (LBBR)
TLV - WAW,LOT Polish Airlines,LOT156,B738,23/06/23,Fri 01:53:25 PM,41.4076,29.5355,↑ 339°,408,470,"38,000", ,FlightAware ADS-B (LBBR)
TLV - WAW,LOT Polish Airlines,LOT156,B738,23/06/23,Fri 01:53:56 PM,41.4625,29.5075,↑ 339°,408,470,"38,000", ,FlightAware ADS-B (LBBR)
TLV - WAW,LOT Polish Airlines,LOT156,B738,23/06/23,Fri 01:54:29 PM,41.5204,29.4778,↑ 339°,409,471,"38,000", ,FlightAware ADS-B (MJT / LGMT)
TLV - WAW,LOT Polish Airlines,LOT156,B738,23/06/23,Fri 01:55:00 PM,41.5766,29.4492,↑ 339°,411,473,"38,000", ,FlightAware ADS-B (MJT / LGMT)
TLV - WAW,LOT Polish Airlines,LOT156,B738,23/06/23,Fri 01:55:30 PM,41.6294,29.4223,↑ 339°,413,475,"38,000", ,FlightAware ADS-B (JAM / LBIA)
TLV - WAW,LOT Polish Airlines,LOT156,B738,23/06/23,Fri 01:56:00 PM,41.6847,29.394,↑ 339°,413,475,"38,000", ,FlightAware ADS-B (MJT / LGMT)
TLV - WAW,LOT Polish Airlines,LOT156,B738,23/06/23,Fri 01:56:31 PM,41.7379,29.3668,↑ 339°,415,478,"38,000", ,FlightAware ADS-B (JAM / LBIA)
TLV - WAW,LOT Polish Airlines,LOT156,B738,23/06/23,Fri 01:56:54 PM,41.7788,29.3431,↖ 332°,416,479,"38,000", ,FlightAware ADS-B (LBWB)
TLV - WAW,LOT Polish Airlines,LOT156,B738,23/06/23,Fri 01:57:16 PM,41.8157,29.3119,↖ 325°,418,481,"38,000", ,FlightAware ADS-B (MJT / LGMT)
TLV - WAW,LOT Polish Airlines,LOT156,B738,23/06/23,Fri 01:57:53 PM,41.8709,29.2542,↖ 322°,420,483,"38,000", ,FlightAware ADS-B (LRTZ)
TLV - WAW,LOT Polish Airlines,LOT156,B738,23/06/23,Fri 01:58:23 PM,41.9171,29.206,↖ 322°,421,484,"38,000", ,FlightAware ADS-B (LRTZ)
TLV - WAW,LOT Polish Airlines,LOT156,B738,23/06/23,Fri 01:58:53 PM,41.9643,29.1565,↖ 322°,420,483,"38,000", ,FlightAware ADS-B (LRTZ)
TLV - WAW,LOT Polish Airlines,LOT156,B738,23/06/23,Fri 01:59:23 PM,42.0104,29.1078,↖ 322°,419,482,"38,000", ,FlightAware ADS-B (LRTZ)
TLV - WAW,LOT Polish Airlines,LOT156,B738,23/06/23,Fri 01:59:53 PM,42.0558,29.0597,↖ 322°,418,481,"38,000", ,FlightAware ADS-B (LRTZ)
TLV - WAW,LOT Polish Airlines,LOT156,B738,23/06/23,Fri 02:00:23 PM,42.1014,29.0115,↖ 322°,419,482,"38,000", ,FlightAware ADS-B (LRTZ)
TLV - WAW,LOT Polish Airlines,LOT156,B738,23/06/23,Fri 02:00:53 PM,42.1455,28.9651,↖ 322°,417,480,"38,000", ,FlightAware ADS-B (BBU / LRBS)
TLV - WAW,LOT Polish Airlines,LOT156,B738,23/06/23,Fri 02:01:24 PM,42.1942,28.9135,↖ 322°,422,486,"38,000", ,FlightAware ADS-B (LRTZ)
TLV - WAW,LOT Polish Airlines,LOT156,B738,23/06/23,Fri 02:01:54 PM,42.2412,28.8636,↖ 322°,424,488,"38,000", ,FlightAware ADS-B (LRTZ)
TLV - WAW,LOT Polish Airlines,LOT156,B738,23/06/23,Fri 02:02:25 PM,42.2877,28.8142,↖ 322°,426,490,"38,000", ,FlightAware ADS-B (LRTZ)
TLV - WAW,LOT Polish Airlines,LOT156,B738,23/06/23,Fri 02:02:55 PM,42.3344,28.7643,↖ 322°,428,493,"38,000", ,FlightAware ADS-B (LRTZ)
TLV - WAW,LOT Polish Airlines,LOT156,B738,23/06/23,Fri 02:03:25 PM,42.3801,28.7155,↖ 322°,428,493,"38,000", ,FlightAware ADS-B (LRTZ)
TLV - WAW,LOT Polish Airlines,LOT156,B738,23/06/23,Fri 02:03:55 PM,42.4263,28.6658,↖ 322°,428,493,"38,000", ,FlightAware ADS-B (LRTZ)
TLV - WAW,LOT Polish Airlines,LOT156,B738,23/06/23,Fri 02:04:25 PM,42.4718,28.6171,↖ 322°,428,493,"38,000", ,FlightAware ADS-B (OTP / LROP)
TLV - WAW,LOT Polish Airlines,LOT156,B738,23/06/23,Fri 02:04:55 PM,42.5194,28.5661,↖ 322°,426,490,"38,000", ,FlightAware ADS-B (OTP / LROP)
TLV - WAW,LOT Polish Airlines,LOT156,B738,23/06/23,Fri 02:05:26 PM,42.5683,28.5134,↖ 321°,428,493,"38,000", ,FlightAware ADS-B (LRTZ)
TLV - WAW,LOT Polish Airlines,LOT156,B738,23/06/23,Fri 02:05:56 PM,42.6143,28.464,↖ 321°,428,493,"38,000", ,FlightAware ADS-B (GOZ / LBGO)
TLV - WAW,LOT Polish Airlines,LOT156,B738,23/06/23,Fri 02:06:26 PM,42.6587,28.4157,↖ 321°,428,493,"38,000", ,FlightAware ADS-B (PDV / LBPD)
TLV - WAW,LOT Polish Airlines,LOT156,B738,23/06/23,Fri 02:07:03 PM,42.7179,28.3516,↖ 322°,427,491,"38,000", ,FlightAware ADS-B (LBPG)
TLV - WAW,LOT Polish Airlines,LOT156,B738,23/06/23,Fri 02:07:34 PM,42.7666,28.2989,↖ 321°,427,491,"38,000", ,FlightAware ADS-B (BOJ / LBBG)
TLV - WAW,LOT Polish Airlines,LOT156,B738,23/06/23,Fri 02:08:12 PM,42.8216,28.2389,↖ 321°,425,489,"38,000", ,FlightAware ADS-B (LBMG)
TLV - WAW,LOT Polish Airlines,LOT156,B738,23/06/23,Fri 02:08:42 PM,42.8709,28.1848,↖ 322°,423,487,"38,000", ,FlightAware ADS-B (LRTZ)
TLV - WAW,LOT Polish Airlines,LOT156,B738,23/06/23,Fri 02:09:19 PM,42.9247,28.1257,↖ 321°,425,489,"38,000", ,FlightAware ADS-B (OTP / LROP)
TLV - WAW,LOT Polish Airlines,LOT156,B738,23/06/23,Fri 02:09:50 PM,42.9724,28.0735,↖ 321°,427,491,"38,000", ,FlightAware ADS-B (OTP / LROP)
TLV - WAW,LOT Polish Airlines,LOT156,B738,23/06/23,Fri 02:10:23 PM,43.025,28.016,↖ 321°,431,496,"38,000", ,FlightAware ADS-B (LRTZ)
TLV - WAW,LOT Polish Airlines,LOT156,B738,23/06/23,Fri 02:10:53 PM,43.0716,27.9649,↖ 321°,431,496,"38,000", ,FlightAware ADS-B (LRTZ)
TLV - WAW,LOT Polish Airlines,LOT156,B738,23/06/23,Fri 02:11:23 PM,43.1185,27.9133,↖ 321°,431,496,"38,000", ,FlightAware ADS-B (VAR / LBWN)
TLV - WAW,LOT Polish Airlines,LOT156,B738,23/06/23,Fri 02:11:53 PM,43.1654,27.8616,↖ 321°,432,497,"38,000", ,FlightAware ADS-B (VAR / LBWN)
TLV - WAW,LOT Polish Airlines,LOT156,B738,23/06/23,Fri 02:12:23 PM,43.2097,27.8125,↖ 321°,432,497,"38,000", ,FlightAware ADS-B (JAM / LBIA)
TLV - WAW,LOT Polish Airlines,LOT156,B738,23/06/23,Fri 02:12:53 PM,43.2584,27.7582,↖ 321°,432,497,"38,000", ,FlightAware ADS-B (VAR / LBWN)
TLV - WAW,LOT Polish Airlines,LOT156,B738,23/06/23,Fri 02:13:23 PM,43.3044,27.7073,↖ 321°,433,498,"38,000", ,FlightAware ADS-B (VAR / LBWN)
TLV - WAW,LOT Polish Airlines,LOT156,B738,23/06/23,Fri 02:13:54 PM,43.3521,27.6542,↖ 321°,434,499,"38,000", ,FlightAware ADS-B (VAR / LBWN)
TLV - WAW,LOT Polish Airlines,LOT156,B738,23/06/23,Fri 02:14:24 PM,43.3993,27.6013,↖ 321°,436,502,"38,000", ,FlightAware ADS-B (VAR / LBWN)
TLV - WAW,LOT Polish Airlines,LOT156,B738,23/06/23,Fri 02:14:54 PM,43.4453,27.5499,↖ 321°,437,503,"38,000", ,FlightAware ADS-B (VAR / LBWN)
TLV - WAW,LOT Polish Airlines,LOT156,B738,23/06/23,Fri 02:15:24 PM,43.4925,27.4969,↖ 321°,437,503,"38,000", ,FlightAware ADS-B (VAR / LBWN)
TLV - WAW,LOT Polish Airlines,LOT156,B738,23/06/23,Fri 02:15:54 PM,43.5402,27.4431,↖ 321°,438,504,"38,000", ,FlightAware ADS-B (VAR / LBWN)
TLV - WAW,LOT Polish Airlines,LOT156,B738,23/06/23,Fri 02:16:25 PM,43.5879,27.3896,↖ 321°,438,504,"38,000", ,FlightAware ADS-B (LRTZ)
TLV - WAW,LOT Polish Airlines,LOT156,B738,23/06/23,Fri 02:16:55 PM,43.636,27.3354,↖ 321°,439,505,"38,000", ,FlightAware ADS-B (LRTZ)
TLV - WAW,LOT Polish Airlines,LOT156,B738,23/06/23,Fri 02:17:25 PM,43.6809,27.2847,↖ 321°,441,507,"38,000", ,FlightAware ADS-B (BBU / LRBS)
TLV - WAW,LOT Polish Airlines,LOT156,B738,23/06/23,Fri 02:17:55 PM,43.7286,27.231,↖ 321°,441,507,"38,000", ,FlightAware ADS-B (BBU / LRBS)
TLV - WAW,LOT Polish Airlines,LOT156,B738,23/06/23,Fri 02:18:25 PM,43.776,27.1772,↖ 321°,443,510,"38,000", ,FlightAware ADS-B (BBU / LRBS)
TLV - WAW,LOT Polish Airlines,LOT156,B738,23/06/23,Fri 02:18:56 PM,43.8239,27.1227,↖ 321°,443,510,"38,000", ,FlightAware ADS-B (BBU / LRBS)
TLV - WAW,LOT Polish Airlines,LOT156,B738,23/06/23,Fri 02:19:26 PM,43.8717,27.0682,↖ 320°,444,511,"38,000", ,FlightAware ADS-B (BBU / LRBS)
TLV - WAW,LOT Polish Airlines,LOT156,B738,23/06/23,Fri 02:19:56 PM,43.9212,27.0114,↖ 321°,445,512,"38,000", ,FlightAware ADS-B (LRTZ)
TLV - WAW,LOT Polish Airlines,LOT156,B738,23/06/23,Fri 02:20:27 PM,43.9693,26.9573,↖ 322°,445,512,"38,000", ,FlightAware ADS-B (CRA / LRCV)
TLV - WAW,LOT Polish Airlines,LOT156,B738,23/06/23,Fri 02:20:58 PM,44.02,26.9035,↖ 323°,444,511,"38,000", ,FlightAware ADS-B (BBU / LRBS)
TLV - WAW,LOT Polish Airlines,LOT156,B738,23/06/23,Fri 02:21:29 PM,44.0704,26.8497,↖ 322°,444,511,"38,000", ,FlightAware ADS-B (OTP / LROP)
TLV - WAW,LOT Polish Airlines,LOT156,B738,23/06/23,Fri 02:21:59 PM,44.1197,26.7966,↖ 322°,444,511,"38,000", ,FlightAware ADS-B (OTP / LROP)
TLV - WAW,LOT Polish Airlines,LOT156,B738,23/06/23,Fri 02:22:29 PM,44.1675,26.7443,↖ 322°,443,510,"38,000", ,FlightAware ADS-B (OTP / LROP)
TLV - WAW,LOT Polish Airlines,LOT156,B738,23/06/23,Fri 02:23:00 PM,44.2181,26.6887,↖ 322°,442,509,"38,000", ,FlightAware ADS-B (BBU / LRBS)
TLV - WAW,LOT Polish Airlines,LOT156,B738,23/06/23,Fri 02:23:30 PM,44.2649,26.6375,↖ 322°,442,509,"38,000", ,FlightAware ADS-B (OTP / LROP)
TLV - WAW,LOT Polish Airlines,LOT156,B738,23/06/23,Fri 02:24:01 PM,44.3149,26.583,↖ 322°,442,509,"38,000", ,FlightAware ADS-B (OTP / LROP)
TLV - WAW,LOT Polish Airlines,LOT156,B738,23/06/23,Fri 02:24:31 PM,44.3627,26.5307,↖ 322°,443,510,"38,000", ,FlightAware ADS-B (OTP / LROP)
TLV - WAW,LOT Polish Airlines,LOT156,B738,23/06/23,Fri 02:25:01 PM,44.4112,26.4775,↖ 322°,443,510,"38,000", ,FlightAware ADS-B (OTP / LROP)
TLV - WAW,LOT Polish Airlines,LOT156,B738,23/06/23,Fri 02:25:35 PM,44.4668,26.4162,↖ 322°,443,510,"38,000", ,FlightAware ADS-B (BBU / LRBS)
TLV - WAW,LOT Polish Airlines,LOT156,B738,23/06/23,Fri 02:26:13 PM,44.5273,26.3494,↖ 322°,436,502,"38,000", ,FlightAware ADS-B (PDV / LBPD)
TLV - WAW,LOT Polish Airlines,LOT156,B738,23/06/23,Fri 02:26:44 PM,44.5758,26.2957,↖ 322°,436,502,"38,000", ,FlightAware ADS-B (LRPW)
TLV - WAW,LOT Polish Airlines,LOT156,B738,23/06/23,Fri 02:27:15 PM,44.6269,26.2391,↖ 322°,434,499,"38,000", ,FlightAware ADS-B (KIV / LUKK)
TLV - WAW,LOT Polish Airlines,LOT156,B738,23/06/23,Fri 02:27:45 PM,44.6712,26.1895,↖ 322°,433,498,"38,000", ,FlightAware ADS-B (PDV / LBPD)
TLV - WAW,LOT Polish Airlines,LOT156,B738,23/06/23,Fri 02:28:15 PM,44.7184,26.1368,↖ 322°,432,497,"38,000", ,FlightAware ADS-B (PDV / LBPD)
TLV - WAW,LOT Polish Airlines,LOT156,B738,23/06/23,Fri 02:28:45 PM,44.7661,26.0836,↖ 322°,431,496,"38,000", ,FlightAware ADS-B (PDV / LBPD)
TLV - WAW,LOT Polish Airlines,LOT156,B738,23/06/23,Fri 02:29:16 PM,44.8145,26.0298,↖ 322°,430,495,"38,000", ,FlightAware ADS-B (KIV / LUKK)
TLV - WAW,LOT Polish Airlines,LOT156,B738,23/06/23,Fri 02:29:46 PM,44.862,25.9766,↖ 321°,430,495,"38,000", ,FlightAware ADS-B (KIV / LUKK)
TLV - WAW,LOT Polish Airlines,LOT156,B738,23/06/23,Fri 02:30:16 PM,44.9087,25.9239,↖ 321°,430,495,"38,000", ,FlightAware ADS-B (KIV / LUKK)
TLV - WAW,LOT Polish Airlines,LOT156,B738,23/06/23,Fri 02:30:47 PM,44.9548,25.8721,↖ 321°,431,496,"38,000", ,FlightAware ADS-B (BBU / LRBS)
TLV - WAW,LOT Polish Airlines,LOT156,B738,23/06/23,Fri 02:31:17 PM,45.0031,25.8177,↖ 321°,433,498,"38,000", ,FlightAware ADS-B (OTP / LROP)
TLV - WAW,LOT Polish Airlines,LOT156,B738,23/06/23,Fri 02:31:48 PM,45.0514,25.7629,↖ 321°,434,499,"38,000", ,FlightAware ADS-B (KIV / LUKK)
TLV - WAW,LOT Polish Airlines,LOT156,B738,23/06/23,Fri 02:32:18 PM,45.0969,25.7113,↖ 321°,435,501,"38,000", ,FlightAware ADS-B (LRBG)
TLV - WAW,LOT Polish Airlines,LOT156,B738,23/06/23,Fri 02:32:48 PM,45.1463,25.6551,↖ 321°,437,503,"38,000", ,FlightAware ADS-B (KIV / LUKK)
TLV - WAW,LOT Polish Airlines,LOT156,B738,23/06/23,Fri 02:33:18 PM,45.192,25.6031,↖ 321°,439,505,"38,000", ,FlightAware ADS-B (OTP / LROP)
TLV - WAW,LOT Polish Airlines,LOT156,B738,23/06/23,Fri 02:33:48 PM,45.239,25.5496,↖ 321°,440,506,"38,000", ,FlightAware ADS-B (BAY / LRBM)
TLV - WAW,LOT Polish Airlines,LOT156,B738,23/06/23,Fri 02:34:18 PM,45.2846,25.4975,↖ 321°,441,507,"38,000", ,FlightAware ADS-B (LRDV)
TLV - WAW,LOT Polish Airlines,LOT156,B738,23/06/23,Fri 02:34:49 PM,45.3362,25.4382,↖ 321°,440,506,"38,000", ,FlightAware ADS-B (BCM / LRBC)
TLV - WAW,LOT Polish Airlines,LOT156,B738,23/06/23,Fri 02:35:19 PM,45.3822,25.3855,↖ 321°,438,504,"38,000", ,FlightAware ADS-B (LRBG)
TLV - WAW,LOT Polish Airlines,LOT156,B738,23/06/23,Fri 02:35:50 PM,45.4315,25.3285,↖ 321°,438,504,"38,000", ,FlightAware ADS-B (BBU / LRBS)
TLV - WAW,LOT Polish Airlines,LOT156,B738,23/06/23,Fri 02:36:20 PM,45.4792,25.2736,↖ 321°,439,505,"38,000", ,FlightAware ADS-B (LRDV)
TLV - WAW,LOT Polish Airlines,LOT156,B738,23/06/23,Fri 02:36:50 PM,45.5254,25.2202,↖ 321°,440,506,"38,000", ,FlightAware ADS-B (BBU / LRBS)
TLV - WAW,LOT Polish Airlines,LOT156,B738,23/06/23,Fri 02:37:20 PM,45.5736,25.1643,↖ 321°,441,507,"38,000", ,FlightAware ADS-B (OTP / LROP)
TLV - WAW,LOT Polish Airlines,LOT156,B738,23/06/23,Fri 02:37:50 PM,45.6199,25.1105,↖ 321°,441,507,"38,000", ,FlightAware ADS-B (CLJ / LRCL)
TLV - WAW,LOT Polish Airlines,LOT156,B738,23/06/23,Fri 02:38:20 PM,45.6683,25.0541,↖ 321°,441,507,"38,000", ,FlightAware ADS-B (OTP / LROP)
TLV - WAW,LOT Polish Airlines,LOT156,B738,23/06/23,Fri 02:38:50 PM,45.7157,24.9987,↖ 321°,441,507,"38,000", ,FlightAware ADS-B (OTP / LROP)
TLV - WAW,LOT Polish Airlines,LOT156,B738,23/06/23,Fri 02:39:20 PM,45.7626,24.9441,↖ 321°,441,507,"38,000", ,FlightAware ADS-B (CLJ / LRCL)
TLV - WAW,LOT Polish Airlines,LOT156,B738,23/06/23,Fri 02:39:50 PM,45.8093,24.8894,↖ 321°,440,506,"38,000", ,FlightAware ADS-B (BAY / LRBM)
TLV - WAW,LOT Polish Airlines,LOT156,B738,23/06/23,Fri 02:40:21 PM,45.8592,24.8307,↖ 321°,439,505,"38,000", ,FlightAware ADS-B (BAY / LRBM)
TLV - WAW,LOT Polish Airlines,LOT156,B738,23/06/23,Fri 02:40:51 PM,45.9039,24.778,↖ 321°,438,504,"38,000", ,FlightAware ADS-B (OTP / LROP)
TLV - WAW,LOT Polish Airlines,LOT156,B738,23/06/23,Fri 02:41:21 PM,45.9529,24.7202,↖ 321°,438,504,"38,000", ,FlightAware ADS-B (SBZ / LRSB)
TLV - WAW,LOT Polish Airlines,LOT156,B738,23/06/23,Fri 02:41:51 PM,45.9991,24.6654,↖ 321°,437,503,"38,000", ,FlightAware ADS-B (CLJ / LRCL)
TLV - WAW,LOT Polish Airlines,LOT156,B738,23/06/23,Fri 02:42:21 PM,46.0467,24.609,↖ 321°,437,503,"38,000", ,FlightAware ADS-B (ARW / LRAR)
TLV - WAW,LOT Polish Airlines,LOT156,B738,23/06/23,Fri 02:42:51 PM,46.0924,24.5548,↖ 320°,436,502,"38,000", ,FlightAware ADS-B (CLJ / LRCL)
TLV - WAW,LOT Polish Airlines,LOT156,B738,23/06/23,Fri 02:43:21 PM,46.1383,24.5002,↖ 320°,438,504,"38,000", ,FlightAware ADS-B (OTP / LROP)
TLV - WAW,LOT Polish Airlines,LOT156,B738,23/06/23,Fri 02:43:52 PM,46.1892,24.4394,↖ 320°,438,504,"38,000", ,FlightAware ADS-B (ARW / LRAR)
TLV - WAW,LOT Polish Airlines,LOT156,B738,23/06/23,Fri 02:44:22 PM,46.2335,24.3864,↖ 320°,440,506,"38,000", ,FlightAware ADS-B (CLJ / LRCL)
TLV - WAW,LOT Polish Airlines,LOT156,B738,23/06/23,Fri 02:44:52 PM,46.2802,24.3305,↖ 320°,442,509,"38,000", ,FlightAware ADS-B (CLJ / LRCL)
TLV - WAW,LOT Polish Airlines,LOT156,B738,23/06/23,Fri 02:45:22 PM,46.3276,24.2735,↖ 320°,442,509,"38,000", ,FlightAware ADS-B (CLJ / LRCL)
TLV - WAW,LOT Polish Airlines,LOT156,B738,23/06/23,Fri 02:45:52 PM,46.3749,24.2166,↖ 320°,442,509,"38,000", ,FlightAware ADS-B (CLJ / LRCL)
TLV - WAW,LOT Polish Airlines,LOT156,B738,23/06/23,Fri 02:46:22 PM,46.4217,24.1601,↖ 320°,442,509,"38,000", ,FlightAware ADS-B (BAY / LRBM)
TLV - WAW,LOT Polish Airlines,LOT156,B738,23/06/23,Fri 02:46:52 PM,46.4689,24.1029,↖ 320°,442,509,"38,000", ,FlightAware ADS-B (BAY / LRBM)
TLV - WAW,LOT Polish Airlines,LOT156,B738,23/06/23,Fri 02:47:22 PM,46.5168,24.0449,↖ 320°,442,509,"38,000", ,FlightAware ADS-B (BAY / LRBM)
TLV - WAW,LOT Polish Airlines,LOT156,B738,23/06/23,Fri 02:47:52 PM,46.5641,23.9874,↖ 320°,442,509,"38,000", ,FlightAware ADS-B (BAY / LRBM)
TLV - WAW,LOT Polish Airlines,LOT156,B738,23/06/23,Fri 02:48:23 PM,46.6101,23.9312,↖ 320°,441,507,"38,000", ,FlightAware ADS-B (CLJ / LRCL)
TLV - WAW,LOT Polish Airlines,LOT156,B738,23/06/23,Fri 02:48:53 PM,46.6582,23.8723,↖ 320°,441,507,"38,000", ,FlightAware ADS-B (CLJ / LRCL)
TLV - WAW,LOT Polish Airlines,LOT156,B738,23/06/23,Fri 02:49:23 PM,46.7053,23.8147,↖ 320°,441,507,"38,000", ,FlightAware ADS-B (BAY / LRBM)
TLV - WAW,LOT Polish Airlines,LOT156,B738,23/06/23,Fri 02:49:53 PM,46.7514,23.758,↖ 320°,440,506,"38,000", ,FlightAware ADS-B (BAY / LRBM)
TLV - WAW,LOT Polish Airlines,LOT156,B738,23/06/23,Fri 02:50:23 PM,46.799,23.6995,↖ 320°,439,505,"38,000", ,FlightAware ADS-B (CLJ / LRCL)
TLV - WAW,LOT Polish Airlines,LOT156,B738,23/06/23,Fri 02:50:53 PM,46.8456,23.6421,↖ 320°,439,505,"38,000", ,FlightAware ADS-B (CLJ / LRCL)
TLV - WAW,LOT Polish Airlines,LOT156,B738,23/06/23,Fri 02:51:23 PM,46.8909,23.5862,↖ 320°,438,504,"38,000", ,FlightAware ADS-B (CLJ / LRCL)
TLV - WAW,LOT Polish Airlines,LOT156,B738,23/06/23,Fri 02:51:53 PM,46.9366,23.5297,↖ 320°,437,503,"38,000", ,FlightAware ADS-B (OTP / LROP)
TLV - WAW,LOT Polish Airlines,LOT156,B738,23/06/23,Fri 02:52:23 PM,46.9829,23.4721,↖ 320°,438,504,"38,000", ,FlightAware ADS-B (SBZ / LRSB)
TLV - WAW,LOT Polish Airlines,LOT156,B738,23/06/23,Fri 02:52:53 PM,47.0312,23.4119,↖ 319°,438,504,"38,000", ,FlightAware ADS-B (CLJ / LRCL)
TLV - WAW,LOT Polish Airlines,LOT156,B738,23/06/23,Fri 02:53:23 PM,47.0765,23.3552,↖ 319°,438,504,"38,000", ,FlightAware ADS-B (OTP / LROP)
TLV - WAW,LOT Polish Airlines,LOT156,B738,23/06/23,Fri 02:53:53 PM,47.1212,23.2993,↖ 320°,438,504,"38,000", ,FlightAware ADS-B (SBZ / LRSB)
TLV - WAW,LOT Polish Airlines,LOT156,B738,23/06/23,Fri 02:54:25 PM,47.1702,23.2381,↖ 320°,439,505,"38,000", ,FlightAware ADS-B (LYSM)
TLV - WAW,LOT Polish Airlines,LOT156,B738,23/06/23,Fri 02:54:57 PM,47.2208,23.1744,↖ 319°,438,504,"38,000", ,FlightAware ADS-B (CLJ / LRCL)
TLV - WAW,LOT Polish Airlines,LOT156,B738,23/06/23,Fri 02:55:27 PM,47.2679,23.1152,↖ 319°,439,505,"38,000", ,FlightAware ADS-B (CLJ / LRCL)
TLV - WAW,LOT Polish Airlines,LOT156,B738,23/06/23,Fri 02:55:57 PM,47.3142,23.0567,↖ 319°,438,504,"38,000", ,FlightAware ADS-B (CLJ / LRCL)
TLV - WAW,LOT Polish Airlines,LOT156,B738,23/06/23,Fri 02:56:27 PM,47.3604,22.9981,↖ 319°,438,504,"38,000", ,FlightAware ADS-B (CLJ / LRCL)
TLV - WAW,LOT Polish Airlines,LOT156,B738,23/06/23,Fri 02:56:57 PM,47.4071,22.9387,↖ 319°,438,504,"38,000", ,FlightAware ADS-B (CLJ / LRCL)
TLV - WAW,LOT Polish Airlines,LOT156,B738,23/06/23,Fri 02:57:28 PM,47.4513,22.8825,↖ 319°,437,503,"38,000", ,FlightAware ADS-B (BAY / LRBM)
TLV - WAW,LOT Polish Airlines,LOT156,B738,23/06/23,Fri 02:58:00 PM,47.5011,22.819,↖ 319°,437,503,"38,000", ,FlightAware ADS-B (OMR / LROD)
TLV - WAW,LOT Polish Airlines,LOT156,B738,23/06/23,Fri 02:58:31 PM,47.5496,22.7569,↖ 319°,437,503,"38,000", ,FlightAware ADS-B (BUD / LHBP)
TLV - WAW,LOT Polish Airlines,LOT156,B738,23/06/23,Fri 02:59:01 PM,47.5932,22.7012,↖ 319°,437,503,"38,000", ,FlightAware ADS-B (ARW / LRAR)
TLV - WAW,LOT Polish Airlines,LOT156,B738,23/06/23,Fri 02:59:31 PM,47.6395,22.642,↖ 319°,437,503,"38,000", ,FlightAware ADS-B (UDJ / UKLU)
TLV - WAW,LOT Polish Airlines,LOT156,B738,23/06/23,Fri 03:00:01 PM,47.685,22.5837,↖ 319°,437,503,"38,000", ,FlightAware ADS-B (OMR / LROD)
TLV - WAW,LOT Polish Airlines,LOT156,B738,23/06/23,Fri 03:00:31 PM,47.7304,22.5248,↖ 319°,437,503,"38,000", ,FlightAware ADS-B (OMR / LROD)
TLV - WAW,LOT Polish Airlines,LOT156,B738,23/06/23,Fri 03:01:01 PM,47.7762,22.465,↖ 319°,439,505,"38,000", ,FlightAware ADS-B (BAY / LRBM)
TLV - WAW,LOT Polish Airlines,LOT156,B738,23/06/23,Fri 03:01:31 PM,47.8226,22.4044,↖ 319°,439,505,"38,000", ,FlightAware ADS-B (OMR / LROD)
TLV - WAW,LOT Polish Airlines,LOT156,B738,23/06/23,Fri 03:02:01 PM,47.8681,22.3452,↖ 319°,441,507,"38,000",-350,FlightAware ADS-B (KRK / EPKK)
TLV - WAW,LOT Polish Airlines,LOT156,B738,23/06/23,Fri 03:02:31 PM,47.9157,22.2831,↖ 319°,442,509,"37,650","-1,050",FlightAware ADS-B (CLJ / LRCL)
TLV - WAW,LOT Polish Airlines,LOT156,B738,23/06/23,Fri 03:03:01 PM,47.9602,22.225,↖ 319°,446,513,"36,950","-1,425",FlightAware ADS-B (ARW / LRAR)
TLV - WAW,LOT Polish Airlines,LOT156,B738,23/06/23,Fri 03:03:31 PM,48.0085,22.1626,↖ 319°,447,514,"36,225","-1,239",FlightAware ADS-B (BEG / LYBE)
TLV - WAW,LOT Polish Airlines,LOT156,B738,23/06/23,Fri 03:03:47 PM,48.0316,22.1335,↖ 322°,447,514,"36,000",-405,FlightAware ADS-B (LKKR)
TLV - WAW,LOT Polish Airlines,LOT156,B738,23/06/23,Fri 03:04:08 PM,48.0689,22.1009,↖ 336°,450,518,"35,975", ,FlightAware ADS-B (OSR / LKMT)
TLV - WAW,LOT Polish Airlines,LOT156,B738,23/06/23,Fri 03:04:30 PM,48.1123,22.0796,↑ 346°,452,520,"36,000",29,FlightAware ADS-B (KTW / EPKT)
TLV - WAW,LOT Polish Airlines,LOT156,B738,23/06/23,Fri 03:05:00 PM,48.1741,22.0555,↑ 345°,451,519,"36,000", ,FlightAware ADS-B (UKLA)
TLV - WAW,LOT Polish Airlines,LOT156,B738,23/06/23,Fri 03:05:31 PM,48.2386,22.0291,↑ 345°,453,521,"36,000", ,FlightAware ADS-B (UKLA)
TLV - WAW,LOT Polish Airlines,LOT156,B738,23/06/23,Fri 03:06:01 PM,48.2969,22.0047,↑ 344°,454,522,"36,000", ,FlightAware ADS-B (EPBA)
TLV - WAW,LOT Polish Airlines,LOT156,B738,23/06/23,Fri 03:06:32 PM,48.3587,21.9789,↑ 345°,457,526,"36,000", ,FlightAware ADS-B (RZE / EPRZ)
TLV - WAW,LOT Polish Airlines,LOT156,B738,23/06/23,Fri 03:06:49 PM,48.3941,21.9662,↑ 352°,458,527,"36,000", ,FlightAware ADS-B (BAY / LRBM)
TLV - WAW,LOT Polish Airlines,LOT156,B738,23/06/23,Fri 03:07:27 PM,48.4734,21.9537,↑ 354°,460,529,"36,000", ,FlightAware ADS-B (TAT / LZTT)
TLV - WAW,LOT Polish Airlines,LOT156,B738,23/06/23,Fri 03:07:58 PM,48.5426,21.942,↑ 354°,461,531,"36,000", ,FlightAware ADS-B (RZE / EPRZ)
TLV - WAW,LOT Polish Airlines,LOT156,B738,23/06/23,Fri 03:08:28 PM,48.6037,21.932,↑ 354°,464,534,"36,000", ,FlightAware ADS-B (KSC / LZKZ)
TLV - WAW,LOT Polish Airlines,LOT156,B738,23/06/23,Fri 03:08:58 PM,48.6684,21.9217,↑ 354°,465,535,"36,000", ,FlightAware ADS-B (UKLA)
TLV - WAW,LOT Polish Airlines,LOT156,B738,23/06/23,Fri 03:09:28 PM,48.7337,21.9112,↑ 354°,465,535,"36,000", ,FlightAware ADS-B (UKLA)
TLV - WAW,LOT Polish Airlines,LOT156,B738,23/06/23,Fri 03:09:58 PM,48.7961,21.9007,↑ 354°,462,532,"36,000", ,FlightAware ADS-B (KSC / LZKZ)
TLV - WAW,LOT Polish Airlines,LOT156,B738,23/06/23,Fri 03:10:28 PM,48.8576,21.8908,↑ 354°,455,524,"36,000", ,FlightAware ADS-B (EPKR)
TLV - WAW,LOT Polish Airlines,LOT156,B738,23/06/23,Fri 03:10:58 PM,48.9211,21.881,↑ 354°,446,513,"36,000", ,FlightAware ADS-B (KRK / EPKK)
TLV - WAW,LOT Polish Airlines,LOT156,B738,23/06/23,Fri 03:11:28 PM,48.9811,21.8719,↑ 354°,446,513,"36,000",-350,FlightAware ADS-B (VIE / LOWW)
TLV - WAW,LOT Polish Airlines,LOT156,B738,23/06/23,Fri 03:11:58 PM,49.0429,21.8624,↑ 354°,450,518,"35,650",-700,FlightAware ADS-B (LOAM)
TLV - WAW,LOT Polish Airlines,LOT156,B738,23/06/23,Fri 03:12:28 PM,49.105,21.8526,↑ 354°,452,520,"35,300",-534,FlightAware ADS-B (EPML)
TLV - WAW,LOT Polish Airlines,LOT156,B738,23/06/23,Fri 03:13:11 PM,49.1959,21.8483,↑ 359°,456,525,"35,000",-247,FlightAware ADS-B (LUZ / EPLB)
TLV - WAW,LOT Polish Airlines,LOT156,B738,23/06/23,Fri 03:13:41 PM,49.2596,21.847,↑ 359°,461,531,"35,000", ,FlightAware ADS-B (LUZ / EPLB)
TLV - WAW,LOT Polish Airlines,LOT156,B738,23/06/23,Fri 03:14:11 PM,49.3242,21.8457,↑ 359°,461,531,"35,000", ,FlightAware ADS-B (LUZ / EPLB)
TLV - WAW,LOT Polish Airlines,LOT156,B738,23/06/23,Fri 03:14:42 PM,49.3905,21.8439,↑ 359°,460,529,"35,000", ,FlightAware ADS-B (KRK / EPKK)
TLV - WAW,LOT Polish Airlines,LOT156,B738,23/06/23,Fri 03:15:12 PM,49.4535,21.8426,↑ 359°,461,531,"35,000", ,FlightAware ADS-B (RZE / EPRZ)
TLV - WAW,LOT Polish Airlines,LOT156,B738,23/06/23,Fri 03:15:42 PM,49.5174,21.841,↑ 359°,459,528,"35,000", ,FlightAware ADS-B (RZE / EPRZ)
TLV - WAW,LOT Polish Airlines,LOT156,B738,23/06/23,Fri 03:16:12 PM,49.5802,21.8396,↑ 359°,459,528,"35,000", ,FlightAware ADS-B (LUZ / EPLB)
TLV - WAW,LOT Polish Airlines,LOT156,B738,23/06/23,Fri 03:16:42 PM,49.6434,21.8387,↑ 359°,458,527,"35,000", ,FlightAware ADS-B (KSC / LZKZ)
TLV - WAW,LOT Polish Airlines,LOT156,B738,23/06/23,Fri 03:17:06 PM,49.6929,21.8276,↑ 346°,457,526,"35,000", ,FlightAware ADS-B (WAW / EPWA)
TLV - WAW,LOT Polish Airlines,LOT156,B738,23/06/23,Fri 03:17:30 PM,49.7407,21.7997,↖ 335°,458,527,"35,000", ,FlightAware ADS-B (WAW / EPWA)
TLV - WAW,LOT Polish Airlines,LOT156,B738,23/06/23,Fri 03:18:00 PM,49.7988,21.7588,↖ 336°,460,529,"35,000", ,FlightAware ADS-B (OSR / LKMT)
TLV - WAW,LOT Polish Airlines,LOT156,B738,23/06/23,Fri 03:18:25 PM,49.8479,21.725,↖ 338°,461,531,"35,000", ,FlightAware ADS-B (EPML)
TLV - WAW,LOT Polish Airlines,LOT156,B738,23/06/23,Fri 03:18:48 PM,49.8953,21.7016,↑ 346°,461,531,"35,000", ,FlightAware ADS-B (EPKR)
TLV - WAW,LOT Polish Airlines,LOT156,B738,23/06/23,Fri 03:19:04 PM,49.9276,21.6918,↑ 351°,460,529,"35,000", ,FlightAware ADS-B (RZE / EPRZ)
TLV - WAW,LOT Polish Airlines,LOT156,B738,23/06/23,Fri 03:19:34 PM,49.9916,21.6754,↑ 351°,458,527,"35,000", ,FlightAware ADS-B (EPBC)
TLV - WAW,LOT Polish Airlines,LOT156,B738,23/06/23,Fri 03:20:04 PM,50.0525,21.6595,↑ 351°,458,527,"35,000", ,FlightAware ADS-B (QPC / EPPL)
TLV - WAW,LOT Polish Airlines,LOT156,B738,23/06/23,Fri 03:20:34 PM,50.116,21.6428,↑ 350°,459,528,"35,000", ,FlightAware ADS-B (BUD / LHBP)
TLV - WAW,LOT Polish Airlines,LOT156,B738,23/06/23,Fri 03:21:04 PM,50.1782,21.6264,↑ 350°,459,528,"35,000", ,FlightAware ADS-B (QPC / EPPL)
TLV - WAW,LOT Polish Airlines,LOT156,B738,23/06/23,Fri 03:21:34 PM,50.2413,21.6097,↑ 350°,459,528,"35,000",-700,FlightAware ADS-B (EPKR)
TLV - WAW,LOT Polish Airlines,LOT156,B738,23/06/23,Fri 03:22:04 PM,50.3026,21.5936,↑ 351°,458,527,"34,300","-1,000",FlightAware ADS-B (RZE / EPRZ)
TLV - WAW,LOT Polish Airlines,LOT156,B738,23/06/23,Fri 03:22:34 PM,50.3641,21.5774,↑ 350°,463,533,"34,000",-975,FlightAware ADS-B (LCJ / EPLL)
TLV - WAW,LOT Polish Airlines,LOT156,B738,23/06/23,Fri 03:23:04 PM,50.43,21.5602,↑ 351°,472,543,"33,325","-1,750",FlightAware ADS-B (EPLS)
TLV - WAW,LOT Polish Airlines,LOT156,B738,23/06/23,Fri 03:23:34 PM,50.4956,21.5428,↑ 350°,460,529,"32,250","-1,950",FlightAware ADS-B (RZE / EPRZ)
TLV - WAW,LOT Polish Airlines,LOT156,B738,23/06/23,Fri 03:24:04 PM,50.5547,21.5266,↑ 350°,445,512,"31,375","-2,074",FlightAware ADS-B (EPMM)
TLV - WAW,LOT Polish Airlines,LOT156,B738,23/06/23,Fri 03:24:21 PM,50.5915,21.5169,↑ 351°,439,505,"30,625","-3,000",FlightAware ADS-B (EPKA)
TLV - WAW,LOT Polish Airlines,LOT156,B738,23/06/23,Fri 03:24:59 PM,50.664,21.498,↑ 352°,440,506,"28,625","-3,000",FlightAware ADS-B (KTW / EPKT)
TLV - WAW,LOT Polish Airlines,LOT156,B738,23/06/23,Fri 03:25:29 PM,50.7246,21.4816,↑ 350°,433,498,"27,225","-2,475",FlightAware ADS-B (LWO / UKLL)
TLV - WAW,LOT Polish Airlines,LOT156,B738,23/06/23,Fri 03:25:59 PM,50.7825,21.4654,↑ 350°,418,481,"26,150","-2,066",FlightAware ADS-B (WAW / EPWA)
TLV - WAW,LOT Polish Airlines,LOT156,B738,23/06/23,Fri 03:26:30 PM,50.8431,21.4491,↑ 351°,398,458,"25,125","-2,088",FlightAware ADS-B (EPBA)
TLV - WAW,LOT Polish Airlines,LOT156,B738,23/06/23,Fri 03:27:13 PM,50.9162,21.4296,↑ 350°,382,440,"23,575","-2,240",FlightAware ADS-B (KTW / EPKT)
TLV - WAW,LOT Polish Airlines,LOT156,B738,23/06/23,Fri 03:27:43 PM,50.9666,21.4157,↑ 351°,379,436,"22,400","-2,425",FlightAware ADS-B (RZE / EPRZ)
TLV - WAW,LOT Polish Airlines,LOT156,B738,23/06/23,Fri 03:28:13 PM,51.0197,21.4014,↑ 350°,373,429,"21,150","-2,500",FlightAware ADS-B (RDO / EPRA)
TLV - WAW,LOT Polish Airlines,LOT156,B738,23/06/23,Fri 03:28:43 PM,51.0684,21.388,↑ 350°,371,427,"19,900","-2,450",FlightAware ADS-B (EPMM)
TLV - WAW,LOT Polish Airlines,LOT156,B738,23/06/23,Fri 03:29:13 PM,51.1205,21.374,↑ 350°,366,421,"18,700","-2,200",FlightAware ADS-B (EPBK)
TLV - WAW,LOT Polish Airlines,LOT156,B738,23/06/23,Fri 03:29:43 PM,51.1689,21.361,↑ 351°,356,410,"17,700","-2,028",FlightAware ADS-B (RZE / EPRZ)
TLV - WAW,LOT Polish Airlines,LOT156,B738,23/06/23,Fri 03:30:07 PM,51.2071,21.3505,↑ 350°,348,400,"16,875","-2,194",FlightAware ADS-B (EPML)
TLV - WAW,LOT Polish Airlines,LOT156,B738,23/06/23,Fri 03:30:37 PM,51.2552,21.3369,↑ 350°,344,396,"15,725","-2,175",FlightAware ADS-B (QPC / EPPL)
TLV - WAW,LOT Polish Airlines,LOT156,B738,23/06/23,Fri 03:31:07 PM,51.3018,21.3242,↑ 350°,339,390,"14,700","-2,000",FlightAware ADS-B (WAW / EPWA)
TLV - WAW,LOT Polish Airlines,LOT156,B738,23/06/23,Fri 03:31:37 PM,51.3482,21.3108,↑ 350°,335,386,"13,725","-1,850",FlightAware ADS-B (EPKA)
TLV - WAW,LOT Polish Airlines,LOT156,B738,23/06/23,Fri 03:32:07 PM,51.3944,21.2982,↑ 351°,330,380,"12,850","-1,625",FlightAware ADS-B (WAW / EPWA)
TLV - WAW,LOT Polish Airlines,LOT156,B738,23/06/23,Fri 03:32:37 PM,51.4381,21.2865,↑ 351°,322,371,"12,100","-1,325",FlightAware ADS-B (WAW / EPWA)
TLV - WAW,LOT Polish Airlines,LOT156,B738,23/06/23,Fri 03:33:07 PM,51.483,21.2742,↑ 350°,309,356,"11,525","-1,050",FlightAware ADS-B (WAW / EPWA)
TLV - WAW,LOT Polish Airlines,LOT156,B738,23/06/23,Fri 03:33:37 PM,51.5228,21.263,↑ 350°,295,339,"11,050",-738,FlightAware ADS-B (EPNM)
TLV - WAW,LOT Polish Airlines,LOT156,B738,23/06/23,Fri 03:34:08 PM,51.5641,21.2516,↑ 350°,274,315,"10,775","-1,316",FlightAware ADS-B (WAW / EPWA)
TLV - WAW,LOT Polish Airlines,LOT156,B738,23/06/23,Fri 03:34:26 PM,51.5869,21.2452,↑ 350°,287,330,"9,975","-1,781",FlightAware ADS-B (EPMM)
TLV - WAW,LOT Polish Airlines,LOT156,B738,23/06/23,Fri 03:34:56 PM,51.6263,21.2342,↑ 350°,283,326,"9,350","-1,175",FlightAware ADS-B (EPMM)
TLV - WAW,LOT Polish Airlines,LOT156,B738,23/06/23,Fri 03:35:26 PM,51.6637,21.2237,↑ 350°,275,316,"8,800","-1,175",FlightAware ADS-B (EPBC)
TLV - WAW,LOT Polish Airlines,LOT156,B738,23/06/23,Fri 03:35:56 PM,51.7015,21.213,↑ 350°,271,312,"8,175","-1,225",FlightAware ADS-B (EPBC)
TLV - WAW,LOT Polish Airlines,LOT156,B738,23/06/23,Fri 03:36:26 PM,51.738,21.2029,↑ 350°,268,308,"7,575","-1,125",FlightAware ADS-B (LCJ / EPLL)
TLV - WAW,LOT Polish Airlines,LOT156,B738,23/06/23,Fri 03:36:56 PM,51.7739,21.1928,↑ 350°,262,302,"7,050",-900,FlightAware ADS-B (EPRS)
TLV - WAW,LOT Polish Airlines,LOT156,B738,23/06/23,Fri 03:37:26 PM,51.8101,21.1825,↑ 350°,250,288,"6,675",-925,FlightAware ADS-B (WAW / EPWA)
TLV - WAW,LOT Polish Airlines,LOT156,B738,23/06/23,Fri 03:37:56 PM,51.843,21.1735,↑ 350°,249,287,"6,125","-1,125",FlightAware ADS-B (WAW / EPWA)
TLV - WAW,LOT Polish Airlines,LOT156,B738,23/06/23,Fri 03:38:26 PM,51.8771,21.1638,↑ 350°,246,283,"5,550","-1,175",FlightAware ADS-B (WAW / EPWA)
TLV - WAW,LOT Polish Airlines,LOT156,B738,23/06/23,Fri 03:38:56 PM,51.9104,21.1543,↑ 350°,246,283,"4,950","-1,175",FlightAware ADS-B (EPMM)
TLV - WAW,LOT Polish Airlines,LOT156,B738,23/06/23,Fri 03:39:26 PM,51.9441,21.1449,↑ 350°,246,283,"4,375","-1,067",FlightAware ADS-B (EPMM)
TLV - WAW,LOT Polish Airlines,LOT156,B738,23/06/23,Fri 03:39:48 PM,51.9684,21.1371,↑ 344°,242,278,"4,025",-750,FlightAware ADS-B (LUZ / EPLB)
TLV - WAW,LOT Polish Airlines,LOT156,B738,23/06/23,Fri 03:40:18 PM,51.9962,21.1148,↖ 331°,219,252,"3,725",-850,FlightAware ADS-B (WAW / EPWA)
TLV - WAW,LOT Polish Airlines,LOT156,B738,23/06/23,Fri 03:40:48 PM,52.0232,21.0914,↖ 332°,210,242,"3,175","-1,050",FlightAware ADS-B (RDO / EPRA)
TLV - WAW,LOT Polish Airlines,LOT156,B738,23/06/23,Fri 03:41:18 PM,52.0474,21.0703,↖ 332°,205,236,"2,675","-1,025",FlightAware ADS-B (WAW / EPWA)
TLV - WAW,LOT Polish Airlines,LOT156,B738,23/06/23,Fri 03:41:48 PM,52.0719,21.049,↖ 332°,196,226,"2,150","-1,025",FlightAware ADS-B (WAW / EPWA)
TLV - WAW,LOT Polish Airlines,LOT156,B738,23/06/23,Fri 03:42:18 PM,52.095,21.0289,↖ 332°,171,197,"1,650",-951,FlightAware ADS-B (WAW / EPWA)
TLV - WAW,LOT Polish Airlines,LOT156,B738,23/06/23,Fri 03:42:29 PM,52.1023,21.0226,↖ 332°,161,185,"1,500",-806,Surface and Near-Surface
TLV - WAW,LOT Polish Airlines,LOT156,B738,23/06/23,Fri 03:43:38 PM,52.145,20.9852,↖ 332°,151,174,575,-794,FlightAware ADS-B (WAW / EPWA)
TLV - WAW,LOT Polish Airlines,LOT156,B738,23/06/23,Fri 03:43:54 PM,52.1546,20.9768,↖ 332°,153,176,375,-750,FlightAware ADS-B (WAW / EPWA)
,,,,,,,,,,,,,
,,,,,,,,,,,,,
,,,,,,,,,,,,,
,,,,,,,,,,,,,
,,,,,,,,,,,,,
,,,,,,,,,,,,,
,,,,,,,,,,,,,
,,,,,,,,,,,,,
,,,,,,,,,,,,,
,,,,,,,,,,,,,
,,,,,,,,,,,,,
,,,,,,,,,,,,,
,,,,,,,,,,,,,
,,,,,,,,,,,,,
,,,,,,,,,,,,,
,,,,,,,,,,,,,
,,,,,,,,,,,,,
,,,,,,,,,,,,,
,,,,,,,,,,,,,
,,,,,,,,,,,,,
,,,,,,,,,,,,,
,,,,,,,,,,,,,
,,,,,,,,,,,,,
,,,,,,,,,,,,,
,,,,,,,,,,,,,
,,,,,,,,,,,,,
,,,,,,,,,,,,,
,,,,,,,,,,,,,
,,,,,,,,,,,,,
,,,,,,,,,,,,,
,,,,,,,,,,,,,
,,,,,,,,,,,,,
,,,,,,,,,,,,,
,,,,,,,,,,,,,
,,,,,,,,,,,,,
,,,,,,,,,,,,,
,,,,,,,,,,,,,
,,,,,,,,,,,,,
,,,,,,,,,,,,,
,,,,,,,,,,,,,
,,,,,,,,,,,,,
,,,,,,,,,,,,,
,,,,,,,,,,,,,
,,,,,,,,,,,,,
,,,,,,,,,,,,,
,,,,,,,,,,,,,
,,,,,,,,,,,,,
,,,,,,,,,,,,,
,,,,,,,,,,,,,
,,,,,,,,,,,,,
,,,,,,,,,,,,,
,,,,,,,,,,,,,
,,,,,,,,,,,,,
,,,,,,,,,,,,,
,,,,,,,,,,,,,
,,,,,,,,,,,,,
,,,,,,,,,,,,,
,,,,,,,,,,,,,
,,,,,,,,,,,,,
,,,,,,,,,,,,,
,,,,,,,,,,,,,
,,,,,,,,,,,,,
,,,,,,,,,,,,,
,,,,,,,,,,,,,
,,,,,,,,,,,,,
,,,,,,,,,,,,,
,,,,,,,,,,,,,
,,,,,,,,,,,,,
,,,,,,,,,,,,,
,,,,,,,,,,,,,
,,,,,,,,,,,,,
,,,,,,,,,,,,,
,,,,,,,,,,,,,
,,,,,,,,,,,,,
,,,,,,,,,,,,,
,,,,,,,,,,,,,
,,,,,,,,,,,,,
,,,,,,,,,,,,,
,,,,,,,,,,,,,
,,,,,,,,,,,,,
,,,,,,,,,,,,,
,,,,,,,,,,,,,
,,,,,,,,,,,,,
,,,,,,,,,,,,,
,,,,,,,,,,,,,
,,,,,,,,,,,,,
,,,,,,,,,,,,,
,,,,,,,,,,,,,
,,,,,,,,,,,,,
,,,,,,,,,,,,,
,,,,,,,,,,,,,
,,,,,,,,,,,,,
,,,,,,,,,,,,,
,,,,,,,,,,,,,
,,,,,,,,,,,,,
,,,,,,,,,,,,,
,,,,,,,,,,,,,
,,,,,,,,,,,,,
,,,,,,,,,,,,,
,,,,,,,,,,,,,
,,,,,,,,,,,,,
,,,,,,,,,,,,,
,,,,,,,,,,,,,
,,,,,,,,,,,,,
,,,,,,,,,,,,,
,,,,,,,,,,,,,
,,,,,,,,,,,,,
,,,,,,,,,,,,,
,,,,,,,,,,,,,
,,,,,,,,,,,,,
,,,,,,,,,,,,,
,,,,,,,,,,,,,
,,,,,,,,,,,,,
,,,,,,,,,,,,,
,,,,,,,,,,,,,
,,,,,,,,,,,,,
,,,,,,,,,,,,,
,,,,,,,,,,,,,
,,,,,,,,,,,,,
,,,,,,,,,,,,,
,,,,,,,,,,,,,
,,,,,,,,,,,,,
,,,,,,,,,,,,,
,,,,,,,,,,,,,
,,,,,,,,,,,,,
,,,,,,,,,,,,,
,,,,,,,,,,,,,
,,,,,,,,,,,,,
,,,,,,,,,,,,,
,,,,,,,,,,,,,
,,,,,,,,,,,,,
,,,,,,,,,,,,,
,,,,,,,,,,,,,
,,,,,,,,,,,,,
,,,,,,,,,,,,,
,,,,,,,,,,,,,
,,,,,,,,,,,,,
,,,,,,,,,,,,,
,,,,,,,,,,,,,
,,,,,,,,,,,,,
,,,,,,,,,,,,,
,,,,,,,,,,,,,
,,,,,,,,,,,,,
,,,,,,,,,,,,,
,,,,,,,,,,,,,
,,,,,,,,,,,,,
,,,,,,,,,,,,,
,,,,,,,,,,,,,
,,,,,,,,,,,,,
,,,,,,,,,,,,,
,,,,,,,,,,,,,
,,,,,,,,,,,,,
,,,,,,,,,,,,,
,,,,,,,,,,,,,
,,,,,,,,,,,,,
,,,,,,,,,,,,,
,,,,,,,,,,,,,
,,,,,,,,,,,,,
,,,,,,,,,,,,,
,,,,,,,,,,,,,
,,,,,,,,,,,,,
,,,,,,,,,,,,,
,,,,,,,,,,,,,
,,,,,,,,,,,,,
,,,,,,,,,,,,,
,,,,,,,,,,,,,
,,,,,,,,,,,,,
,,,,,,,,,,,,,
,,,,,,,,,,,,,
,,,,,,,,,,,,,
,,,,,,,,,,,,,
,,,,,,,,,,,,,
,,,,,,,,,,,,,
,,,,,,,,,,,,,
,,,,,,,,,,,,,
,,,,,,,,,,,,,
,,,,,,,,,,,,,
,,,,,,,,,,,,,
,,,,,,,,,,,,,
,,,,,,,,,,,,,
,,,,,,,,,,,,,
,,,,,,,,,,,,,
,,,,,,,,,,,,,
,,,,,,,,,,,,,
,,,,,,,,,,,,,
,,,,,,,,,,,,,
,,,,,,,,,,,,,
,,,,,,,,,,,,,
,,,,,,,,,,,,,
,,,,,,,,,,,,,
,,,,,,,,,,,,,
,,,,,,,,,,,,,
,,,,,,,,,,,,,
,,,,,,,,,,,,,
,,,,,,,,,,,,,
,,,,,,,,,,,,,
,,,,,,,,,,,,,
,,,,,,,,,,,,,
,,,,,,,,,,,,,
,,,,,,,,,,,,,
,,,,,,,,,,,,,
,,,,,,,,,,,,,
,,,,,,,,,,,,,
,,,,,,,,,,,,,
,,,,,,,,,,,,,
,,,,,,,,,,,,,
,,,,,,,,,,,,,
,,,,,,,,,,,,,
,,,,,,,,,,,,,
,,,,,,,,,,,,,
,,,,,,,,,,,,,
,,,,,,,,,,,,,
,,,,,,,,,,,,,
,,,,,,,,,,,,,
,,,,,,,,,,,,,
,,,,,,,,,,,,,
,,,,,,,,,,,,,
,,,,,,,,,,,,,
,,,,,,,,,,,,,
,,,,,,,,,,,,,
,,,,,,,,,,,,,
,,,,,,,,,,,,,
,,,,,,,,,,,,,
,,,,,,,,,,,,,
,,,,,,,,,,,,,
,,,,,,,,,,,,,
,,,,,,,,,,,,,
,,,,,,,,,,,,,
,,,,,,,,,,,,,
,,,,,,,,,,,,,
,,,,,,,,,,,,,
,,,,,,,,,,,,,
,,,,,,,,,,,,,
,,,,,,,,,,,,,
,,,,,,,,,,,,,
,,,,,,,,,,,,,
,,,,,,,,,,,,,
,,,,,,,,,,,,,
,,,,,,,,,,,,,
,,,,,,,,,,,,,
,,,,,,,,,,,,,
,,,,,,,,,,,,,
,,,,,,,,,,,,,
,,,,,,,,,,,,,
,,,,,,,,,,,,,
,,,,,,,,,,,,,
,,,,,,,,,,,,,
,,,,,,,,,,,,,
,,,,,,,,,,,,,
,,,,,,,,,,,,,
,,,,,,,,,,,,,
,,,,,,,,,,,,,
,,,,,,,,,,,,,
,,,,,,,,,,,,,
,,,,,,,,,,,,,
,,,,,,,,,,,,,
