Route,Airline,Flight Num,Aircraft,Date,Time,Latitude,Longitude,Course,Kts,mph,feet,Rate,Reporting Facility
TLV - MAN,EasyJet,EZY2262,A320,18/06/2023,Sun 11:34:56 PM,32.0146,34.8718,← 260°,173,199,325, ,FlightAware ADS-B (TLV / LLBG)
TLV - MAN,EasyJet,EZY2262,A320,18/06/2023,Sun 11:35:13 PM,32.0121,34.8564,← 259°,164,189,"1,125","2,773",FlightAware ADS-B (LLHZ)
TLV - MAN,EasyJet,EZY2262,A320,18/06/2023,Sun 11:35:29 PM,32.0095,34.8421,← 257°,164,189,"1,850","2,438",FlightAware ADS-B (LLEK)
TLV - MAN,EasyJet,EZY2262,A320,18/06/2023,Sun 11:35:45 PM,32.0069,34.8297,← 256°,167,192,"2,425","2,063",FlightAware ADS-B (TLV / LLBG)
TLV - MAN,EasyJet,EZY2262,A320,18/06/2023,Sun 11:36:01 PM,32.0037,34.8147,← 256°,176,203,"2,950","1,781",FlightAware ADS-B (TLV / LLBG)
TLV - MAN,EasyJet,EZY2262,A320,18/06/2023,Sun 11:36:17 PM,32.0001,34.7979,← 256°,196,226,"3,375","1,824",FlightAware ADS-B (TLV / LLBG)
TLV - MAN,EasyJet,EZY2262,A320,18/06/2023,Sun 11:36:38 PM,31.9951,34.774,← 256°,214,246,"4,075","1,846",FlightAware ADS-B (LLEK)
TLV - MAN,EasyJet,EZY2262,A320,18/06/2023,Sun 11:36:56 PM,31.9916,34.7533,← 265°,234,269,"4,575","1,793",FlightAware ADS-B (LLEK)
TLV - MAN,EasyJet,EZY2262,A320,18/06/2023,Sun 11:37:24 PM,32.0012,34.7155,← 292°,262,302,"5,450","1,448",FlightAware ADS-B (TLV / LLBG)
TLV - MAN,EasyJet,EZY2262,A320,18/06/2023,Sun 11:37:54 PM,32.0141,34.6767,← 291°,260,299,"5,975","1,026",FlightAware ADS-B (LLEK)
TLV - MAN,EasyJet,EZY2262,A320,18/06/2023,Sun 11:38:21 PM,32.0251,34.6418,← 288°,262,302,"6,425","1,221",FlightAware ADS-B (BEY / OLBA)
TLV - MAN,EasyJet,EZY2262,A320,18/06/2023,Sun 11:39:20 PM,32.0306,34.5548,← 263°,389,448,"7,725","1,824",FlightAware ADS-B (BEV / LLBS)
TLV - MAN,EasyJet,EZY2262,A320,18/06/2023,Sun 11:40:54 PM,32.0646,34.419,← 286°,315,362,"11,075","2,163",FlightAware ADS-B (LLHS)
TLV - MAN,EasyJet,EZY2262,A320,18/06/2023,Sun 11:41:38 PM,32.0837,34.3418,← 287°,324,373,"12,700","2,053",FlightAware ADS-B (LLEK)
TLV - MAN,EasyJet,EZY2262,A320,18/06/2023,Sun 11:43:19 PM,32.2263,34.2007,↖ 320°,355,409,"21,100", ,Estimated
TLV - MAN,EasyJet,EZY2262,A320,18/06/2023,Sun 11:44:20 PM,32.3123,34.1153,↖ 320°,374,430,"21,875", ,Estimated
TLV - MAN,EasyJet,EZY2262,A320,18/06/2023,Sun 11:45:21 PM,32.4002,34.0277,↖ 320°,403,464,"22,500", ,Estimated
TLV - MAN,EasyJet,EZY2262,A320,18/06/2023,Sun 11:45:47 PM,32.2166,33.906,← 305°,413,475,"23,050", ,FlightAware MLAT (4 sites)
TLV - MAN,EasyJet,EZY2262,A320,18/06/2023,Sun 11:46:29 PM,32.2624,33.8369,← 305°,418,481,"24,100","1,077",FlightAware MLAT (5 sites)
TLV - MAN,EasyJet,EZY2262,A320,18/06/2023,Sun 11:47:05 PM,32.2996,33.7741,← 306°,428,493,"25,925","1,068",FlightAware ADS-B (TLV / LLBG)
TLV - MAN,EasyJet,EZY2262,A320,18/06/2023,Sun 11:47:35 PM,32.3323,33.7202,← 306°,434,499,"26,425","1,315",FlightAware ADS-B (TLV / LLBG)
TLV - MAN,EasyJet,EZY2262,A320,18/06/2023,Sun 11:48:18 PM,32.3811,33.6397,← 305°,446,513,"27,875","1,369",FlightAware ADS-B (TLV / LLBG)
TLV - MAN,EasyJet,EZY2262,A320,18/06/2023,Sun 11:49:41 PM,32.4708,33.4827,← 305°,450,518,"27,900","1,224",FlightAware ADS-B (PFO / LCPH)
TLV - MAN,EasyJet,EZY2262,A320,18/06/2023,Sun 11:50:12 PM,32.5093,33.4237,← 305°,448,516,"29,000",992,FlightAware ADS-B (TLV / LLBG)
TLV - MAN,EasyJet,EZY2262,A320,18/06/2023,Sun 11:51:39 PM,32.6105,33.2518,← 305°,452,520,"29,425",843,FlightAware MLAT (4 sites)
TLV - MAN,EasyJet,EZY2262,A320,18/06/2023,Sun 11:51:57 PM,32.6324,33.2172,← 305°,456,525,"30,325","1,038",FlightAware MLAT (5 sites)
TLV - MAN,EasyJet,EZY2262,A320,18/06/2023,Sun 11:52:44 PM,32.6918,33.1204,← 305°,547,629,"30,600","1,052",FlightAware MLAT (4 sites)
TLV - MAN,EasyJet,EZY2262,A320,18/06/2023,Sun 11:53:24 PM,32.7373,33.0391,← 305°,445,512,"31,025","1,074",FlightAware ADS-B (LLEK)
TLV - MAN,EasyJet,EZY2262,A320,18/06/2023,Sun 11:53:58 PM,32.778,32.9703,← 315°,750,863,"31,525","1,156",FlightAware ADS-B (BEY / OLBA)
TLV - MAN,EasyJet,EZY2262,A320,18/06/2023,Sun 11:54:25 PM,32.81,32.9168,↖ 321°,446,513,"31,850",677,FlightAware ADS-B (NIC / LCNC)
TLV - MAN,EasyJet,EZY2262,A320,18/06/2023,Sun 11:55:00 PM,32.848,32.8508,← 305°,443,510,"32,800",841,FlightAware ADS-B (PFO / LCPH)
TLV - MAN,EasyJet,EZY2262,A320,18/06/2023,Sun 11:55:31 PM,32.889,32.7841,↑ 341°,437,503,"33,000",697,FlightAware ADS-B (LCA / LCLK)
TLV - MAN,EasyJet,EZY2262,A320,18/06/2023,Sun 11:56:11 PM,32.936,32.7052,← 305°,428,493,"34,275",944,FlightAware ADS-B (BEY / OLBA)
TLV - MAN,EasyJet,EZY2262,A320,18/06/2023,Sun 11:56:52 PM,32.9815,32.6226,← 305°,428,493,"34,525",972,FlightAware ADS-B (PFO / LCPH)
TLV - MAN,EasyJet,EZY2262,A320,18/06/2023,Sun 11:57:22 PM,33.0158,32.5639,← 305°,614,707,"34,825",641,FlightAware ADS-B (PFO / LCPH)
TLV - MAN,EasyJet,EZY2262,A320,18/06/2023,Sun 11:59:10 PM,33.1386,32.3527,← 304°,614,707,"34,975",654,FlightAware MLAT (9 sites)
TLV - MAN,EasyJet,EZY2262,A320,18/06/2023,Sun 11:59:42 PM,33.1748,32.2888,← 305°,430,495,"35,225",485,FlightAware MLAT (11 sites)
TLV - MAN,EasyJet,EZY2262,A320,18/06/2023,Mon 12:00:18 AM,33.2169,32.2182,↖ 326°,431,496,"35,525",500,FlightAware ADS-B (LLEK)
TLV - MAN,EasyJet,EZY2262,A320,18/06/2023,Mon 12:00:36 AM,33.2358,32.1842,↖ 326°,427,491,"35,825",471,FlightAware ADS-B (GZP / LTFG)
TLV - MAN,EasyJet,EZY2262,A320,18/06/2023,Mon 12:01:09 AM,33.273,32.1193,← 305°,430,495,"36,000",452,FlightAware ADS-B (NIC / LCNC)
TLV - MAN,EasyJet,EZY2262,A320,18/06/2023,Mon 12:01:49 AM,33.318,32.0397,← 285°,431,496,"36,000",486,FlightAware ADS-B (PFO / LCPH)
TLV - MAN,EasyJet,EZY2262,A320,18/06/2023,Mon 12:02:23 AM,33.356,31.9748,← 304°,431,496,"36,000",460,FlightAware ADS-B (AKT / LCRA)
TLV - MAN,EasyJet,EZY2262,A320,18/06/2023,Mon 12:02:51 AM,33.3877,31.919,← 284°,432,497,"36,000",159,FlightAware ADS-B (AYT / LTAI)
TLV - MAN,EasyJet,EZY2262,A320,18/06/2023,Mon 12:03:29 AM,33.4293,31.8463,← 304°,434,499,"36,000", ,FlightAware ADS-B (BEY / OLBA)
TLV - MAN,EasyJet,EZY2262,A320,18/06/2023,Mon 12:04:00 AM,33.463,31.7872,← 304°,434,499,"36,000", ,FlightAware ADS-B (TLV / LLBG)
TLV - MAN,EasyJet,EZY2262,A320,18/06/2023,Mon 12:04:32 AM,33.4994,31.7232,← 304°,434,499,"36,000", ,FlightAware ADS-B (TLV / LLBG)
TLV - MAN,EasyJet,EZY2262,A320,18/06/2023,Mon 12:05:06 AM,33.5398,31.6519,← 304°,434,499,"36,025", ,FlightAware ADS-B (GZP / LTFG)
TLV - MAN,EasyJet,EZY2262,A320,18/06/2023,Mon 12:05:36 AM,33.5716,31.5962,← 304°,431,496,"36,025", ,FlightAware ADS-B (AKT / LCRA)
TLV - MAN,EasyJet,EZY2262,A320,18/06/2023,Mon 12:06:07 AM,33.6069,31.5337,← 304°,429,494,"36,025",24,FlightAware ADS-B (PFO / LCPH)
TLV - MAN,EasyJet,EZY2262,A320,18/06/2023,Mon 12:06:38 AM,33.6434,31.4693,← 304°,427,491,"35,975",25,FlightAware ADS-B (BEY / OLBA)
TLV - MAN,EasyJet,EZY2262,A320,18/06/2023,Mon 12:07:08 AM,33.675,31.4134,← 304°,427,491,"35,975", ,FlightAware ADS-B (GZP / LTFG)
TLV - MAN,EasyJet,EZY2262,A320,18/06/2023,Mon 12:07:38 AM,33.7089,31.3532,← 304°,426,490,"35,975",-44,FlightAware ADS-B (AKT / LCRA)
TLV - MAN,EasyJet,EZY2262,A320,18/06/2023,Mon 12:08:16 AM,33.7506,31.279,← 304°,426,490,"35,975",-44,FlightAware ADS-B (ADA / LTAF)
TLV - MAN,EasyJet,EZY2262,A320,18/06/2023,Mon 12:08:46 AM,33.7838,31.2202,← 304°,425,489,"35,975", ,FlightAware ADS-B (ADA / LTAF)
TLV - MAN,EasyJet,EZY2262,A320,18/06/2023,Mon 12:09:19 AM,33.8203,31.1549,← 304°,425,489,"36,000", ,FlightAware ADS-B (PFO / LCPH)
TLV - MAN,EasyJet,EZY2262,A320,18/06/2023,Mon 12:09:49 AM,33.8533,31.0958,← 304°,426,490,"36,000", ,FlightAware ADS-B (PFO / LCPH)
TLV - MAN,EasyJet,EZY2262,A320,18/06/2023,Mon 12:10:20 AM,33.8869,31.036,← 304°,425,489,"36,000",24,FlightAware ADS-B (ECN / LCEN)
TLV - MAN,EasyJet,EZY2262,A320,18/06/2023,Mon 12:10:51 AM,33.9208,30.9753,← 304°,424,488,"36,000",24,FlightAware ADS-B (PFO / LCPH)
TLV - MAN,EasyJet,EZY2262,A320,18/06/2023,Mon 12:11:23 AM,33.9558,30.9124,← 304°,424,488,"36,000", ,FlightAware ADS-B (PFO / LCPH)
TLV - MAN,EasyJet,EZY2262,A320,18/06/2023,Mon 12:11:56 AM,33.9926,30.8463,← 304°,425,489,"36,000", ,FlightAware ADS-B (BEY / OLBA)
TLV - MAN,EasyJet,EZY2262,A320,18/06/2023,Mon 12:12:27 AM,34.0255,30.787,← 304°,426,490,"35,975", ,FlightAware ADS-B (LCA / LCLK)
TLV - MAN,EasyJet,EZY2262,A320,18/06/2023,Mon 12:13:00 AM,34.0629,30.7194,← 304°,428,493,"35,975", ,FlightAware ADS-B (RHO / LGRP)
TLV - MAN,EasyJet,EZY2262,A320,18/06/2023,Mon 12:13:31 AM,34.0956,30.6603,← 304°,429,494,"35,975",-21,FlightAware ADS-B (RHO / LGRP)
TLV - MAN,EasyJet,EZY2262,A320,18/06/2023,Mon 12:14:11 AM,34.138,30.5831,← 304°,431,496,"36,000",-21,FlightAware ADS-B (GZP / LTFG)
TLV - MAN,EasyJet,EZY2262,A320,18/06/2023,Mon 12:14:41 AM,34.1713,30.5225,← 304°,431,496,"36,025", ,FlightAware ADS-B (GZP / LTFG)
TLV - MAN,EasyJet,EZY2262,A320,18/06/2023,Mon 12:15:11 AM,34.204,30.463,← 304°,431,496,"36,050",25,FlightAware ADS-B (GZP / LTFG)
TLV - MAN,EasyJet,EZY2262,A320,18/06/2023,Mon 12:15:41 AM,34.2374,30.4024,← 304°,431,496,"36,050",47,FlightAware ADS-B (GZP / LTFG)
TLV - MAN,EasyJet,EZY2262,A320,18/06/2023,Mon 12:16:15 AM,34.2745,30.3349,← 303°,429,494,"36,050",47,FlightAware ADS-B (GZP / LTFG)
TLV - MAN,EasyJet,EZY2262,A320,18/06/2023,Mon 12:16:45 AM,34.3073,30.2748,← 303°,426,490,"36,050",25,FlightAware ADS-B (GZP / LTFG)
TLV - MAN,EasyJet,EZY2262,A320,18/06/2023,Mon 12:17:15 AM,34.3404,30.2142,← 303°,426,490,"36,050", ,FlightAware ADS-B (GZP / LTFG)
TLV - MAN,EasyJet,EZY2262,A320,18/06/2023,Mon 12:17:52 AM,34.3815,30.1388,← 303°,434,499,"36,025", ,FlightAware ADS-B (PFO / LCPH)
TLV - MAN,EasyJet,EZY2262,A320,18/06/2023,Mon 12:18:23 AM,34.4137,30.0798,← 303°,434,499,"35,975", ,FlightAware ADS-B (PFO / LCPH)
TLV - MAN,EasyJet,EZY2262,A320,18/06/2023,Mon 12:18:51 AM,34.4473,30.0201,← 306°,447,514,"35,950",-25,FlightAware ADS-B (BEY / OLBA)
TLV - MAN,EasyJet,EZY2262,A320,18/06/2023,Mon 12:19:24 AM,34.4893,29.9606,← 313°,449,517,"35,975",-71,FlightAware ADS-B (PFO / LCPH)
TLV - MAN,EasyJet,EZY2262,A320,18/06/2023,Mon 12:19:54 AM,34.5299,29.9111,← 315°,449,517,"36,000",-57,FlightAware ADS-B (PFO / LCPH)
TLV - MAN,EasyJet,EZY2262,A320,18/06/2023,Mon 12:20:43 AM,34.6098,29.8307,↖ 322°,451,519,"36,000", ,FlightAware ADS-B (BEY / OLBA)
TLV - MAN,EasyJet,EZY2262,A320,18/06/2023,Mon 12:21:16 AM,34.6619,29.7818,↖ 322°,451,519,"36,025",48,FlightAware ADS-B (RHO / LGRP)
TLV - MAN,EasyJet,EZY2262,A320,18/06/2023,Mon 12:21:46 AM,34.7126,29.7337,↖ 322°,452,520,"36,000",23,FlightAware ADS-B (RHO / LGRP)
TLV - MAN,EasyJet,EZY2262,A320,18/06/2023,Mon 12:22:20 AM,34.7663,29.6828,↖ 322°,454,522,"36,000",23,FlightAware ADS-B (GZP / LTFG)
TLV - MAN,EasyJet,EZY2262,A320,18/06/2023,Mon 12:22:50 AM,34.8154,29.6361,↖ 322°,453,521,"36,025", ,FlightAware ADS-B (GZP / LTFG)
TLV - MAN,EasyJet,EZY2262,A320,18/06/2023,Mon 12:23:24 AM,34.8708,29.5834,↖ 322°,452,520,"36,025",-23,FlightAware ADS-B (PFO / LCPH)
TLV - MAN,EasyJet,EZY2262,A320,18/06/2023,Mon 12:23:54 AM,34.9213,29.5354,↖ 322°,450,518,"36,025",25,FlightAware ADS-B (PFO / LCPH)
TLV - MAN,EasyJet,EZY2262,A320,18/06/2023,Mon 12:24:24 AM,34.971,29.488,↖ 322°,448,516,"36,025",24,FlightAware ADS-B (PFO / LCPH)
TLV - MAN,EasyJet,EZY2262,A320,18/06/2023,Mon 12:24:56 AM,35.0236,29.4378,↖ 322°,444,511,"36,025", ,FlightAware ADS-B (AYT / LTAI)
TLV - MAN,EasyJet,EZY2262,A320,18/06/2023,Mon 12:25:26 AM,35.0721,29.3915,↖ 322°,442,509,"36,025", ,FlightAware ADS-B (AYT / LTAI)
TLV - MAN,EasyJet,EZY2262,A320,18/06/2023,Mon 12:26:12 AM,35.147,29.3195,↖ 322°,441,507,"35,975", ,FlightAware ADS-B (GZP / LTFG)
TLV - MAN,EasyJet,EZY2262,A320,18/06/2023,Mon 12:26:43 AM,35.1972,29.2712,↖ 322°,441,507,"35,950", ,FlightAware ADS-B (GZP / LTFG)
TLV - MAN,EasyJet,EZY2262,A320,18/06/2023,Mon 12:27:16 AM,35.2505,29.22,↖ 322°,441,507,"35,950",-45,FlightAware ADS-B (DLM / LTBS)
TLV - MAN,EasyJet,EZY2262,A320,18/06/2023,Mon 12:27:49 AM,35.3041,29.1683,↖ 322°,440,506,"36,000",-71,FlightAware ADS-B (GZP / LTFG)
TLV - MAN,EasyJet,EZY2262,A320,18/06/2023,Mon 12:28:19 AM,35.3532,29.1209,↖ 322°,444,511,"36,000",-25,FlightAware ADS-B (JKH / LGHI)
TLV - MAN,EasyJet,EZY2262,A320,18/06/2023,Mon 12:28:49 AM,35.3995,29.076,↖ 322°,447,514,"36,000",45,FlightAware ADS-B (PFO / LCPH)
TLV - MAN,EasyJet,EZY2262,A320,18/06/2023,Mon 12:29:25 AM,35.4584,29.019,↖ 322°,446,513,"36,050",45,FlightAware ADS-B (RHO / LGRP)
TLV - MAN,EasyJet,EZY2262,A320,18/06/2023,Mon 12:29:55 AM,35.5059,28.9729,↖ 321°,445,512,"36,050", ,FlightAware ADS-B (RHO / LGRP)
TLV - MAN,EasyJet,EZY2262,A320,18/06/2023,Mon 12:30:25 AM,35.5537,28.9262,↖ 321°,439,505,"36,000",45,FlightAware ADS-B (RHO / LGRP)
TLV - MAN,EasyJet,EZY2262,A320,18/06/2023,Mon 12:31:01 AM,35.6113,28.8701,↖ 322°,433,498,"36,000",45,FlightAware ADS-B (AYT / LTAI)
TLV - MAN,EasyJet,EZY2262,A320,18/06/2023,Mon 12:31:32 AM,35.6627,28.8199,↖ 322°,435,501,"36,000",-49,FlightAware ADS-B (JKH / LGHI)
TLV - MAN,EasyJet,EZY2262,A320,18/06/2023,Mon 12:32:02 AM,35.712,28.7719,↖ 322°,438,504,"36,000",-50,FlightAware ADS-B (JKH / LGHI)
TLV - MAN,EasyJet,EZY2262,A320,18/06/2023,Mon 12:32:32 AM,35.7562,28.7287,↖ 321°,439,505,"36,000", ,FlightAware ADS-B (ECN / LCEN)
TLV - MAN,EasyJet,EZY2262,A320,18/06/2023,Mon 12:33:02 AM,35.8035,28.682,↖ 321°,441,507,"35,975", ,FlightAware ADS-B (ECN / LCEN)
TLV - MAN,EasyJet,EZY2262,A320,18/06/2023,Mon 12:33:33 AM,35.8535,28.6328,↖ 321°,445,512,"36,000", ,FlightAware ADS-B (RHO / LGRP)
TLV - MAN,EasyJet,EZY2262,A320,18/06/2023,Mon 12:34:03 AM,35.9007,28.5866,↖ 321°,447,514,"36,000",-25,FlightAware ADS-B (DLM / LTBS)
TLV - MAN,EasyJet,EZY2262,A320,18/06/2023,Mon 12:34:34 AM,35.9485,28.5396,↖ 321°,448,516,"36,025", ,FlightAware ADS-B (HER / LGIR)
TLV - MAN,EasyJet,EZY2262,A320,18/06/2023,Mon 12:35:17 AM,36.0183,28.4707,↖ 321°,448,516,"36,025",21,FlightAware ADS-B (DLM / LTBS)
TLV - MAN,EasyJet,EZY2262,A320,18/06/2023,Mon 12:35:47 AM,36.0667,28.4226,↖ 321°,447,514,"36,050",25,FlightAware ADS-B (DLM / LTBS)
TLV - MAN,EasyJet,EZY2262,A320,18/06/2023,Mon 12:36:17 AM,36.1151,28.3745,↖ 321°,447,514,"36,025",25,FlightAware ADS-B (DLM / LTBS)
TLV - MAN,EasyJet,EZY2262,A320,18/06/2023,Mon 12:36:47 AM,36.165,28.3249,↖ 321°,447,514,"36,000",25,FlightAware ADS-B (ECN / LCEN)
TLV - MAN,EasyJet,EZY2262,A320,18/06/2023,Mon 12:37:17 AM,36.2107,28.2796,↖ 321°,450,518,"35,950", ,FlightAware ADS-B (RHO / LGRP)
TLV - MAN,EasyJet,EZY2262,A320,18/06/2023,Mon 12:37:58 AM,36.2796,28.2111,↖ 321°,452,520,"35,950",-42,FlightAware ADS-B (PFO / LCPH)
TLV - MAN,EasyJet,EZY2262,A320,18/06/2023,Mon 12:38:29 AM,36.3268,28.1638,↖ 321°,459,528,"35,975",-74,FlightAware ADS-B (DLM / LTBS)
TLV - MAN,EasyJet,EZY2262,A320,18/06/2023,Mon 12:38:59 AM,36.3755,28.1151,↖ 321°,466,536,"36,000",-50,FlightAware ADS-B (DLM / LTBS)
TLV - MAN,EasyJet,EZY2262,A320,18/06/2023,Mon 12:39:29 AM,36.4243,28.0664,↖ 321°,470,541,"36,050",25,FlightAware ADS-B (HER / LGIR)
TLV - MAN,EasyJet,EZY2262,A320,18/06/2023,Mon 12:39:59 AM,36.4757,28.0194,↖ 326°,470,541,"36,025",50,FlightAware ADS-B (DLM / LTBS)
TLV - MAN,EasyJet,EZY2262,A320,18/06/2023,Mon 12:40:29 AM,36.5335,27.9776,↖ 332°,469,540,"36,025",75,FlightAware ADS-B (JKH / LGHI)
TLV - MAN,EasyJet,EZY2262,A320,18/06/2023,Mon 12:40:59 AM,36.5898,27.9461,↖ 338°,466,536,"36,025",25,FlightAware ADS-B (USQ / LTBO)
TLV - MAN,EasyJet,EZY2262,A320,18/06/2023,Mon 12:41:29 AM,36.6535,27.9131,↖ 337°,465,535,"36,025",-25,FlightAware ADS-B (JKH / LGHI)
TLV - MAN,EasyJet,EZY2262,A320,18/06/2023,Mon 12:42:00 AM,36.7126,27.8822,↖ 337°,463,533,"36,025", ,FlightAware ADS-B (HER / LGIR)
TLV - MAN,EasyJet,EZY2262,A320,18/06/2023,Mon 12:42:30 AM,36.7744,27.8495,↖ 337°,462,532,"36,000", ,FlightAware ADS-B (JKH / LGHI)
TLV - MAN,EasyJet,EZY2262,A320,18/06/2023,Mon 12:43:01 AM,36.8342,27.8172,↖ 337°,461,531,"35,975", ,FlightAware ADS-B (DLM / LTBS)
TLV - MAN,EasyJet,EZY2262,A320,18/06/2023,Mon 12:43:31 AM,36.8936,27.7852,↖ 337°,455,524,"36,000",-25,FlightAware ADS-B (DLM / LTBS)
TLV - MAN,EasyJet,EZY2262,A320,18/06/2023,Mon 12:44:01 AM,36.9507,27.7546,↖ 337°,455,524,"36,025",-50,FlightAware ADS-B (GZP / LTFG)
TLV - MAN,EasyJet,EZY2262,A320,18/06/2023,Mon 12:44:31 AM,37.0103,27.7218,↖ 334°,452,520,"36,000", ,FlightAware ADS-B (HER / LGIR)
TLV - MAN,EasyJet,EZY2262,A320,18/06/2023,Mon 12:45:09 AM,37.0837,27.6715,↖ 331°,450,518,"35,950",43,FlightAware ADS-B (RHO / LGRP)
TLV - MAN,EasyJet,EZY2262,A320,18/06/2023,Mon 12:45:40 AM,37.139,27.6334,↖ 331°,451,519,"35,950", ,FlightAware ADS-B (ADB / LTBJ)
TLV - MAN,EasyJet,EZY2262,A320,18/06/2023,Mon 12:46:10 AM,37.1922,27.5966,↖ 331°,450,518,"35,975",-75,FlightAware ADS-B (ADB / LTBJ)
TLV - MAN,EasyJet,EZY2262,A320,18/06/2023,Mon 12:46:40 AM,37.2471,27.5586,↖ 331°,449,517,"36,025",-50,FlightAware ADS-B (ADB / LTBJ)
TLV - MAN,EasyJet,EZY2262,A320,18/06/2023,Mon 12:47:10 AM,37.3017,27.5207,↖ 331°,447,514,"36,025",25,FlightAware ADS-B (ADB / LTBJ)
TLV - MAN,EasyJet,EZY2262,A320,18/06/2023,Mon 12:47:40 AM,37.3571,27.4824,↖ 331°,446,513,"36,025",74,FlightAware ADS-B (ADB / LTBJ)
TLV - MAN,EasyJet,EZY2262,A320,18/06/2023,Mon 12:48:11 AM,37.4146,27.4425,↖ 331°,444,511,"36,000",45,FlightAware ADS-B (JKH / LGHI)
TLV - MAN,EasyJet,EZY2262,A320,18/06/2023,Mon 12:48:46 AM,37.477,27.3991,↖ 331°,445,512,"35,975", ,FlightAware ADS-B (RHO / LGRP)
TLV - MAN,EasyJet,EZY2262,A320,18/06/2023,Mon 12:49:16 AM,37.5331,27.3599,↖ 331°,446,513,"35,975",-25,FlightAware ADS-B (RHO / LGRP)
TLV - MAN,EasyJet,EZY2262,A320,18/06/2023,Mon 12:49:46 AM,37.5873,27.3221,↖ 331°,445,512,"35,975",-49,FlightAware ADS-B (RHO / LGRP)
TLV - MAN,EasyJet,EZY2262,A320,18/06/2023,Mon 12:50:17 AM,37.6414,27.2843,↖ 331°,446,513,"36,025",-25,FlightAware ADS-B (RHO / LGRP)
TLV - MAN,EasyJet,EZY2262,A320,18/06/2023,Mon 12:50:47 AM,37.6966,27.2456,↖ 331°,445,512,"36,025", ,FlightAware ADS-B (RHO / LGRP)
TLV - MAN,EasyJet,EZY2262,A320,18/06/2023,Mon 12:51:17 AM,37.7507,27.2077,↖ 331°,445,512,"36,025",50,FlightAware ADS-B (RHO / LGRP)
TLV - MAN,EasyJet,EZY2262,A320,18/06/2023,Mon 12:51:47 AM,37.8056,27.1691,↖ 331°,442,509,"36,025",49,FlightAware ADS-B (RHO / LGRP)
TLV - MAN,EasyJet,EZY2262,A320,18/06/2023,Mon 12:52:18 AM,37.8602,27.1304,↖ 331°,442,509,"36,025", ,FlightAware ADS-B (RHO / LGRP)
TLV - MAN,EasyJet,EZY2262,A320,18/06/2023,Mon 12:52:48 AM,37.9138,27.0926,↖ 331°,440,506,"36,025", ,FlightAware ADS-B (RHO / LGRP)
TLV - MAN,EasyJet,EZY2262,A320,18/06/2023,Mon 12:53:18 AM,37.9682,27.054,↖ 331°,438,504,"36,025", ,FlightAware ADS-B (RHO / LGRP)
TLV - MAN,EasyJet,EZY2262,A320,18/06/2023,Mon 12:53:50 AM,38.0227,27.0155,↖ 331°,438,504,"35,975", ,FlightAware ADS-B (JSI / LGSK)
TLV - MAN,EasyJet,EZY2262,A320,18/06/2023,Mon 12:54:20 AM,38.0773,26.9769,↖ 331°,437,503,"36,000", ,FlightAware ADS-B (JSI / LGSK)
TLV - MAN,EasyJet,EZY2262,A320,18/06/2023,Mon 12:54:51 AM,38.1327,26.9374,↖ 331°,437,503,"36,000",-44,FlightAware ADS-B (JKH / LGHI)
TLV - MAN,EasyJet,EZY2262,A320,18/06/2023,Mon 12:55:28 AM,38.196,26.8923,↖ 331°,440,506,"35,950",-22,FlightAware ADS-B (JSI / LGSK)
TLV - MAN,EasyJet,EZY2262,A320,18/06/2023,Mon 12:55:58 AM,38.2499,26.8541,↖ 331°,442,509,"35,950",25,FlightAware ADS-B (JSI / LGSK)
TLV - MAN,EasyJet,EZY2262,A320,18/06/2023,Mon 12:56:28 AM,38.3021,26.8167,↖ 331°,440,506,"36,050",-49,FlightAware ADS-B (LTFA)
TLV - MAN,EasyJet,EZY2262,A320,18/06/2023,Mon 12:56:59 AM,38.3563,26.7779,↖ 331°,438,504,"36,050",-49,FlightAware ADS-B (MJT / LGMT)
TLV - MAN,EasyJet,EZY2262,A320,18/06/2023,Mon 12:57:29 AM,38.4103,26.7391,↖ 331°,439,505,"36,000",100,FlightAware ADS-B (CHQ / LGSA)
TLV - MAN,EasyJet,EZY2262,A320,18/06/2023,Mon 12:57:59 AM,38.4662,26.699,↖ 331°,437,503,"36,000",100,FlightAware ADS-B (JKH / LGHI)
TLV - MAN,EasyJet,EZY2262,A320,18/06/2023,Mon 12:58:29 AM,38.5197,26.6607,↖ 331°,438,504,"36,000",-50,FlightAware ADS-B (JKH / LGHI)
TLV - MAN,EasyJet,EZY2262,A320,18/06/2023,Mon 12:58:59 AM,38.5692,26.6251,↖ 330°,439,505,"35,975",-50,FlightAware ADS-B (JSI / LGSK)
TLV - MAN,EasyJet,EZY2262,A320,18/06/2023,Mon 12:59:29 AM,38.6231,26.5859,↖ 330°,441,507,"35,950", ,FlightAware ADS-B (JSI / LGSK)
TLV - MAN,EasyJet,EZY2262,A320,18/06/2023,Mon 12:59:59 AM,38.675,26.5485,↖ 331°,443,510,"35,975",-25,FlightAware ADS-B (ATH / LGAV)
TLV - MAN,EasyJet,EZY2262,A320,18/06/2023,Mon 01:00:29 AM,38.7268,26.511,↖ 330°,444,511,"36,000",-50,FlightAware ADS-B (ATH / LGAV)
TLV - MAN,EasyJet,EZY2262,A320,18/06/2023,Mon 01:00:59 AM,38.781,26.4718,↖ 331°,445,512,"36,025", ,FlightAware ADS-B (ATH / LGAV)
TLV - MAN,EasyJet,EZY2262,A320,18/06/2023,Mon 01:01:29 AM,38.8337,26.4303,↖ 326°,445,512,"36,025",58,FlightAware ADS-B (ISL / LTBA)
TLV - MAN,EasyJet,EZY2262,A320,18/06/2023,Mon 01:01:51 AM,38.8697,26.3953,↖ 321°,445,512,"36,050",57,FlightAware ADS-B (SKG / LGTS)
TLV - MAN,EasyJet,EZY2262,A320,18/06/2023,Mon 01:02:22 AM,38.9185,26.3432,↖ 320°,441,507,"36,050",25,FlightAware ADS-B (KVA / LGKV)
TLV - MAN,EasyJet,EZY2262,A320,18/06/2023,Mon 01:02:52 AM,38.9667,26.2922,↖ 320°,437,503,"36,025",25,FlightAware ADS-B (ADB / LTBJ)
TLV - MAN,EasyJet,EZY2262,A320,18/06/2023,Mon 01:03:22 AM,39.0144,26.2415,↖ 320°,439,505,"36,000",25,FlightAware ADS-B (ADB / LTBJ)
TLV - MAN,EasyJet,EZY2262,A320,18/06/2023,Mon 01:03:53 AM,39.0623,26.1906,↖ 320°,437,503,"36,000",-25,FlightAware ADS-B (AXD / LGAL)
TLV - MAN,EasyJet,EZY2262,A320,18/06/2023,Mon 01:04:23 AM,39.1093,26.1403,↖ 320°,439,505,"36,000",-50,FlightAware ADS-B (MJT / LGMT)
TLV - MAN,EasyJet,EZY2262,A320,18/06/2023,Mon 01:04:53 AM,39.1568,26.0894,↖ 320°,442,509,"36,025",-25,FlightAware ADS-B (ADB / LTBJ)
TLV - MAN,EasyJet,EZY2262,A320,18/06/2023,Mon 01:05:23 AM,39.2027,26.0401,↖ 320°,437,503,"36,000", ,FlightAware ADS-B (JSI / LGSK)
TLV - MAN,EasyJet,EZY2262,A320,18/06/2023,Mon 01:05:53 AM,39.2496,25.9897,↖ 320°,430,495,"36,000",25,FlightAware ADS-B (JSI / LGSK)
TLV - MAN,EasyJet,EZY2262,A320,18/06/2023,Mon 01:06:23 AM,39.2957,25.9401,↖ 320°,429,494,"36,000", ,FlightAware ADS-B (MJT / LGMT)
TLV - MAN,EasyJet,EZY2262,A320,18/06/2023,Mon 01:06:53 AM,39.3445,25.8865,↖ 319°,432,497,"36,000",-25,FlightAware ADS-B (JSI / LGSK)
TLV - MAN,EasyJet,EZY2262,A320,18/06/2023,Mon 01:07:24 AM,39.389,25.8364,↖ 319°,434,499,"36,000", ,FlightAware ADS-B (JKH / LGHI)
TLV - MAN,EasyJet,EZY2262,A320,18/06/2023,Mon 01:07:54 AM,39.4346,25.7852,↖ 319°,436,502,"36,000", ,FlightAware ADS-B (JAM / LBIA)
TLV - MAN,EasyJet,EZY2262,A320,18/06/2023,Mon 01:08:24 AM,39.4798,25.7343,↖ 319°,439,505,"36,000", ,FlightAware ADS-B (GKD / LTFK)
TLV - MAN,EasyJet,EZY2262,A320,18/06/2023,Mon 01:08:54 AM,39.5245,25.6842,↖ 319°,439,505,"36,025", ,FlightAware ADS-B (JSI / LGSK)
TLV - MAN,EasyJet,EZY2262,A320,18/06/2023,Mon 01:09:24 AM,39.57,25.6332,↖ 319°,427,491,"36,000", ,FlightAware ADS-B (GKD / LTFK)
TLV - MAN,EasyJet,EZY2262,A320,18/06/2023,Mon 01:09:54 AM,39.6171,25.5802,↖ 319°,425,489,"36,000",25,FlightAware ADS-B (JSI / LGSK)
TLV - MAN,EasyJet,EZY2262,A320,18/06/2023,Mon 01:10:24 AM,39.661,25.5309,↖ 319°,429,494,"36,000", ,FlightAware ADS-B (JKH / LGHI)
TLV - MAN,EasyJet,EZY2262,A320,18/06/2023,Mon 01:10:54 AM,39.7098,25.4759,↖ 319°,427,491,"36,000",-25,FlightAware ADS-B (LRA / LGLR)
TLV - MAN,EasyJet,EZY2262,A320,18/06/2023,Mon 01:11:25 AM,39.7528,25.427,↖ 319°,419,482,"36,000", ,FlightAware ADS-B (MJT / LGMT)
TLV - MAN,EasyJet,EZY2262,A320,18/06/2023,Mon 01:11:55 AM,39.797,25.3768,↖ 319°,415,478,"35,950", ,FlightAware ADS-B (JSI / LGSK)
TLV - MAN,EasyJet,EZY2262,A320,18/06/2023,Mon 01:12:25 AM,39.843,25.3246,↖ 319°,417,480,"36,000", ,FlightAware ADS-B (JSI / LGSK)
TLV - MAN,EasyJet,EZY2262,A320,18/06/2023,Mon 01:12:55 AM,39.887,25.2747,↖ 319°,423,487,"36,000",-48,FlightAware ADS-B (MJT / LGMT)
TLV - MAN,EasyJet,EZY2262,A320,18/06/2023,Mon 01:13:28 AM,39.9368,25.2181,↖ 319°,428,493,"36,000", ,FlightAware ADS-B (LTFA)
TLV - MAN,EasyJet,EZY2262,A320,18/06/2023,Mon 01:13:58 AM,39.9766,25.1717,↖ 318°,430,495,"36,000",46,FlightAware ADS-B (BOJ / LBBG)
TLV - MAN,EasyJet,EZY2262,A320,18/06/2023,Mon 01:14:33 AM,40.0266,25.1129,↖ 318°,429,494,"36,000", ,FlightAware ADS-B (LBSL)
TLV - MAN,EasyJet,EZY2262,A320,18/06/2023,Mon 01:15:06 AM,40.0763,25.0546,↖ 318°,419,482,"36,000", ,FlightAware ADS-B (JSI / LGSK)
TLV - MAN,EasyJet,EZY2262,A320,18/06/2023,Mon 01:15:27 AM,40.1082,25.0179,↖ 320°,410,472,"35,950", ,FlightAware ADS-B (JSI / LGSK)
TLV - MAN,EasyJet,EZY2262,A320,18/06/2023,Mon 01:15:48 AM,40.142,24.987,↖ 327°,414,476,"36,000", ,FlightAware ADS-B (SKP / LWSK)
TLV - MAN,EasyJet,EZY2262,A320,18/06/2023,Mon 01:16:18 AM,40.1898,24.9456,↖ 326°,421,484,"36,000",-47,FlightAware ADS-B (SKP / LWSK)
TLV - MAN,EasyJet,EZY2262,A320,18/06/2023,Mon 01:16:52 AM,40.2441,24.8979,↖ 326°,420,483,"36,000", ,FlightAware ADS-B (JSI / LGSK)
TLV - MAN,EasyJet,EZY2262,A320,18/06/2023,Mon 01:17:24 AM,40.2968,24.8514,↖ 326°,420,483,"36,000",48,FlightAware ADS-B (BBU / LRBS)
TLV - MAN,EasyJet,EZY2262,A320,18/06/2023,Mon 01:17:54 AM,40.3431,24.8104,↖ 326°,418,481,"36,000", ,FlightAware ADS-B (BBU / LRBS)
TLV - MAN,EasyJet,EZY2262,A320,18/06/2023,Mon 01:18:24 AM,40.3927,24.7665,↖ 326°,416,479,"35,975", ,FlightAware ADS-B (BBU / LRBS)
TLV - MAN,EasyJet,EZY2262,A320,18/06/2023,Mon 01:19:03 AM,40.4554,24.7111,↖ 326°,413,475,"35,950", ,FlightAware ADS-B (KZI / LGKZ)
TLV - MAN,EasyJet,EZY2262,A320,18/06/2023,Mon 01:19:37 AM,40.5112,24.6616,↖ 326°,411,473,"35,950",-23,FlightAware ADS-B (LGSV)
TLV - MAN,EasyJet,EZY2262,A320,18/06/2023,Mon 01:20:08 AM,40.5592,24.6189,↖ 326°,409,471,"35,950",-49,FlightAware ADS-B (AXD / LGAL)
TLV - MAN,EasyJet,EZY2262,A320,18/06/2023,Mon 01:20:38 AM,40.6051,24.5781,↖ 326°,407,468,"35,975",-25,FlightAware ADS-B (CKZ / LTBH)
TLV - MAN,EasyJet,EZY2262,A320,18/06/2023,Mon 01:21:08 AM,40.6547,24.534,↖ 326°,407,468,"35,975", ,FlightAware ADS-B (AXD / LGAL)
TLV - MAN,EasyJet,EZY2262,A320,18/06/2023,Mon 01:21:38 AM,40.7019,24.4917,↖ 326°,408,470,"35,950",25,FlightAware ADS-B (AXD / LGAL)
TLV - MAN,EasyJet,EZY2262,A320,18/06/2023,Mon 01:22:08 AM,40.7477,24.4507,↖ 326°,412,474,"36,000",25,FlightAware ADS-B (ROU / LBRS)
TLV - MAN,EasyJet,EZY2262,A320,18/06/2023,Mon 01:22:38 AM,40.7942,24.4091,↖ 326°,411,473,"36,000",-25,FlightAware ADS-B (LGSV)
TLV - MAN,EasyJet,EZY2262,A320,18/06/2023,Mon 01:23:08 AM,40.8414,24.3667,↖ 326°,412,474,"36,000",22,FlightAware ADS-B (LGSV)
TLV - MAN,EasyJet,EZY2262,A320,18/06/2023,Mon 01:23:45 AM,40.8992,24.3147,↖ 326°,411,473,"36,000",43,FlightAware ADS-B (PDV / LBPD)
TLV - MAN,EasyJet,EZY2262,A320,18/06/2023,Mon 01:24:17 AM,40.9474,24.2712,↖ 326°,408,470,"36,000", ,FlightAware ADS-B (VAR / LBWN)
TLV - MAN,EasyJet,EZY2262,A320,18/06/2023,Mon 01:24:49 AM,41.0007,24.223,↖ 326°,406,467,"36,000", ,FlightAware ADS-B (SKP / LWSK)
TLV - MAN,EasyJet,EZY2262,A320,18/06/2023,Mon 01:25:20 AM,41.0475,24.1808,↖ 326°,405,466,"36,000", ,FlightAware ADS-B (LRA / LGLR)
TLV - MAN,EasyJet,EZY2262,A320,18/06/2023,Mon 01:25:50 AM,41.0945,24.1381,↖ 326°,403,464,"35,975", ,FlightAware ADS-B (LRA / LGLR)
TLV - MAN,EasyJet,EZY2262,A320,18/06/2023,Mon 01:26:20 AM,41.1419,24.0951,↖ 325°,402,463,"35,975", ,FlightAware ADS-B (LRA / LGLR)
TLV - MAN,EasyJet,EZY2262,A320,18/06/2023,Mon 01:26:52 AM,41.1901,24.0511,↖ 325°,401,461,"35,975",-24,FlightAware ADS-B (KVA / LGKV)
TLV - MAN,EasyJet,EZY2262,A320,18/06/2023,Mon 01:27:22 AM,41.2367,24.0086,↖ 325°,401,461,"35,975",-25,FlightAware ADS-B (AXD / LGAL)
TLV - MAN,EasyJet,EZY2262,A320,18/06/2023,Mon 01:27:52 AM,41.2819,23.9673,↖ 325°,401,461,"35,975", ,FlightAware ADS-B (KVA / LGKV)
TLV - MAN,EasyJet,EZY2262,A320,18/06/2023,Mon 01:28:22 AM,41.3279,23.9253,↖ 326°,401,461,"35,975", ,FlightAware ADS-B (SKP / LWSK)
TLV - MAN,EasyJet,EZY2262,A320,18/06/2023,Mon 01:28:53 AM,41.3765,23.881,↖ 326°,400,460,"36,000", ,FlightAware ADS-B (JAM / LBIA)
TLV - MAN,EasyJet,EZY2262,A320,18/06/2023,Mon 01:29:24 AM,41.4218,23.8395,↖ 325°,400,460,"36,000", ,FlightAware ADS-B (JAM / LBIA)
TLV - MAN,EasyJet,EZY2262,A320,18/06/2023,Mon 01:29:54 AM,41.4688,23.7963,↖ 325°,401,461,"36,000",25,FlightAware ADS-B (JAM / LBIA)
TLV - MAN,EasyJet,EZY2262,A320,18/06/2023,Mon 01:30:24 AM,41.5153,23.7534,↖ 325°,402,463,"36,000",25,FlightAware ADS-B (LBPG)
TLV - MAN,EasyJet,EZY2262,A320,18/06/2023,Mon 01:30:54 AM,41.5618,23.7104,↖ 325°,401,461,"36,025", ,FlightAware ADS-B (LBPG)
TLV - MAN,EasyJet,EZY2262,A320,18/06/2023,Mon 01:31:24 AM,41.6062,23.6693,↖ 325°,401,461,"36,025", ,FlightAware ADS-B (JAM / LBIA)
TLV - MAN,EasyJet,EZY2262,A320,18/06/2023,Mon 01:31:54 AM,41.6526,23.6265,↖ 325°,400,460,"36,025",25,FlightAware ADS-B (JAM / LBIA)
TLV - MAN,EasyJet,EZY2262,A320,18/06/2023,Mon 01:32:24 AM,41.6963,23.5861,↖ 325°,399,459,"36,000",24,FlightAware ADS-B (SKG / LGTS)
TLV - MAN,EasyJet,EZY2262,A320,18/06/2023,Mon 01:32:56 AM,41.7436,23.5421,↖ 325°,400,460,"36,000", ,FlightAware ADS-B (SKG / LGTS)
TLV - MAN,EasyJet,EZY2262,A320,18/06/2023,Mon 01:33:26 AM,41.792,23.4969,↖ 325°,400,460,"35,975",-25,FlightAware ADS-B (PDV / LBPD)
TLV - MAN,EasyJet,EZY2262,A320,18/06/2023,Mon 01:33:56 AM,41.8378,23.4541,↖ 325°,399,459,"36,000",-25,FlightAware ADS-B (LBPG)
TLV - MAN,EasyJet,EZY2262,A320,18/06/2023,Mon 01:34:26 AM,41.8816,23.4133,↖ 325°,401,461,"36,000",-25,FlightAware ADS-B (SOF / LBSF)
TLV - MAN,EasyJet,EZY2262,A320,18/06/2023,Mon 01:34:56 AM,41.9279,23.3699,↖ 325°,401,461,"36,000", ,FlightAware ADS-B (SKP / LWSK)
TLV - MAN,EasyJet,EZY2262,A320,18/06/2023,Mon 01:35:27 AM,41.9745,23.3263,↖ 325°,401,461,"36,000",25,FlightAware ADS-B (PDV / LBPD)
TLV - MAN,EasyJet,EZY2262,A320,18/06/2023,Mon 01:35:57 AM,42.0201,23.2833,↖ 325°,400,460,"36,000", ,FlightAware ADS-B (PDV / LBPD)
TLV - MAN,EasyJet,EZY2262,A320,18/06/2023,Mon 01:36:27 AM,42.066,23.2402,↖ 325°,401,461,"36,000", ,FlightAware ADS-B (PDV / LBPD)
TLV - MAN,EasyJet,EZY2262,A320,18/06/2023,Mon 01:36:57 AM,42.1119,23.197,↖ 325°,401,461,"36,000", ,FlightAware ADS-B (PDV / LBPD)
TLV - MAN,EasyJet,EZY2262,A320,18/06/2023,Mon 01:37:30 AM,42.1598,23.1517,↖ 325°,400,460,"36,025", ,FlightAware ADS-B (SOF / LBSF)
TLV - MAN,EasyJet,EZY2262,A320,18/06/2023,Mon 01:38:00 AM,42.2055,23.1084,↖ 325°,400,460,"36,025", ,FlightAware ADS-B (SOF / LBSF)
TLV - MAN,EasyJet,EZY2262,A320,18/06/2023,Mon 01:38:31 AM,42.2519,23.0644,↖ 325°,399,459,"36,025",25,FlightAware ADS-B (SOF / LBSF)
TLV - MAN,EasyJet,EZY2262,A320,18/06/2023,Mon 01:39:01 AM,42.2974,23.0212,↖ 325°,398,458,"36,000",25,FlightAware ADS-B (SOF / LBSF)
TLV - MAN,EasyJet,EZY2262,A320,18/06/2023,Mon 01:39:31 AM,42.3426,22.9781,↖ 325°,397,457,"36,000", ,FlightAware ADS-B (SOF / LBSF)
TLV - MAN,EasyJet,EZY2262,A320,18/06/2023,Mon 01:40:01 AM,42.3879,22.9349,↖ 325°,396,456,"35,975",-25,FlightAware ADS-B (SOF / LBSF)
TLV - MAN,EasyJet,EZY2262,A320,18/06/2023,Mon 01:40:31 AM,42.4326,22.8923,↖ 325°,395,455,"35,975",-25,FlightAware ADS-B (SOF / LBSF)
TLV - MAN,EasyJet,EZY2262,A320,18/06/2023,Mon 01:41:01 AM,42.4779,22.8489,↖ 325°,396,456,"35,975",-25,FlightAware ADS-B (SOF / LBSF)
TLV - MAN,EasyJet,EZY2262,A320,18/06/2023,Mon 01:41:31 AM,42.525,22.8038,↖ 325°,396,456,"35,975",-25,FlightAware ADS-B (BEG / LYBE)
TLV - MAN,EasyJet,EZY2262,A320,18/06/2023,Mon 01:42:01 AM,42.5674,22.763,↖ 325°,396,456,"36,000", ,FlightAware ADS-B (SKP / LWSK)
TLV - MAN,EasyJet,EZY2262,A320,18/06/2023,Mon 01:42:31 AM,42.6123,22.7199,↖ 325°,396,456,"36,025", ,FlightAware ADS-B (LBPK)
TLV - MAN,EasyJet,EZY2262,A320,18/06/2023,Mon 01:43:01 AM,42.6572,22.6767,↖ 325°,396,456,"36,025",25,FlightAware ADS-B (LBPK)
TLV - MAN,EasyJet,EZY2262,A320,18/06/2023,Mon 01:43:31 AM,42.7021,22.6335,↖ 325°,395,455,"36,025",50,FlightAware ADS-B (LBPK)
TLV - MAN,EasyJet,EZY2262,A320,18/06/2023,Mon 01:44:01 AM,42.7479,22.5892,↖ 325°,395,455,"36,000",25,FlightAware ADS-B (LBPG)
TLV - MAN,EasyJet,EZY2262,A320,18/06/2023,Mon 01:44:31 AM,42.7932,22.5453,↖ 325°,394,453,"36,000", ,FlightAware ADS-B (LBPG)
TLV - MAN,EasyJet,EZY2262,A320,18/06/2023,Mon 01:45:01 AM,42.8371,22.5025,↖ 324°,394,453,"36,000",-25,FlightAware ADS-B (PDV / LBPD)
TLV - MAN,EasyJet,EZY2262,A320,18/06/2023,Mon 01:45:31 AM,42.8809,22.4558,↖ 321°,394,453,"36,000",-25,FlightAware ADS-B (CRA / LRCV)
TLV - MAN,EasyJet,EZY2262,A320,18/06/2023,Mon 01:46:01 AM,42.9224,22.4099,↖ 321°,394,453,"36,000", ,FlightAware ADS-B (CRA / LRCV)
TLV - MAN,EasyJet,EZY2262,A320,18/06/2023,Mon 01:46:37 AM,42.973,22.3547,↖ 321°,394,453,"36,000", ,FlightAware ADS-B (LCC / LIBN)
TLV - MAN,EasyJet,EZY2262,A320,18/06/2023,Mon 01:47:07 AM,43.0158,22.3083,↖ 322°,394,453,"36,000", ,FlightAware ADS-B (LCC / LIBN)
TLV - MAN,EasyJet,EZY2262,A320,18/06/2023,Mon 01:47:37 AM,43.0583,22.2622,↖ 322°,393,452,"36,000", ,FlightAware ADS-B (LCC / LIBN)
TLV - MAN,EasyJet,EZY2262,A320,18/06/2023,Mon 01:48:11 AM,43.1074,22.2088,↖ 322°,394,453,"36,000", ,FlightAware ADS-B (SOF / LBSF)
TLV - MAN,EasyJet,EZY2262,A320,18/06/2023,Mon 01:48:41 AM,43.15,22.1624,↖ 321°,396,456,"35,975", ,FlightAware ADS-B (SOF / LBSF)
TLV - MAN,EasyJet,EZY2262,A320,18/06/2023,Mon 01:49:11 AM,43.1927,22.1158,↖ 321°,396,456,"36,025", ,FlightAware ADS-B (SOF / LBSF)
TLV - MAN,EasyJet,EZY2262,A320,18/06/2023,Mon 01:49:41 AM,43.2356,22.0689,↖ 321°,395,455,"36,000",-25,FlightAware ADS-B (SOF / LBSF)
TLV - MAN,EasyJet,EZY2262,A320,18/06/2023,Mon 01:50:11 AM,43.2786,22.0216,↖ 321°,397,457,"36,000",25,FlightAware ADS-B (SOF / LBSF)
TLV - MAN,EasyJet,EZY2262,A320,18/06/2023,Mon 01:50:41 AM,43.321,21.9751,↖ 321°,396,456,"36,000",25,FlightAware ADS-B (SOF / LBSF)
TLV - MAN,EasyJet,EZY2262,A320,18/06/2023,Mon 01:51:11 AM,43.3641,21.9277,↖ 321°,395,455,"36,025",-25,FlightAware ADS-B (SOF / LBSF)
TLV - MAN,EasyJet,EZY2262,A320,18/06/2023,Mon 01:51:41 AM,43.4072,21.8802,↖ 321°,395,455,"36,025", ,FlightAware ADS-B (SOF / LBSF)
TLV - MAN,EasyJet,EZY2262,A320,18/06/2023,Mon 01:52:12 AM,43.4501,21.8328,↖ 321°,395,455,"36,000",24,FlightAware ADS-B (SOF / LBSF)
TLV - MAN,EasyJet,EZY2262,A320,18/06/2023,Mon 01:52:44 AM,43.4957,21.7824,↖ 321°,395,455,"36,000",24,FlightAware ADS-B (PDV / LBPD)
TLV - MAN,EasyJet,EZY2262,A320,18/06/2023,Mon 01:53:14 AM,43.5389,21.7347,↖ 321°,393,452,"36,000",-25,FlightAware ADS-B (PDV / LBPD)
TLV - MAN,EasyJet,EZY2262,A320,18/06/2023,Mon 01:53:44 AM,43.5815,21.6874,↖ 321°,392,451,"36,000",-25,FlightAware ADS-B (PDV / LBPD)
TLV - MAN,EasyJet,EZY2262,A320,18/06/2023,Mon 01:54:14 AM,43.6235,21.6407,↖ 321°,391,450,"36,000", ,FlightAware ADS-B (LIBX)
TLV - MAN,EasyJet,EZY2262,A320,18/06/2023,Mon 01:54:44 AM,43.6673,21.592,↖ 321°,392,451,"35,975", ,FlightAware ADS-B (PDV / LBPD)
TLV - MAN,EasyJet,EZY2262,A320,18/06/2023,Mon 01:55:14 AM,43.7075,21.5469,↖ 321°,392,451,"35,975", ,FlightAware ADS-B (LIBX)
TLV - MAN,EasyJet,EZY2262,A320,18/06/2023,Mon 01:55:45 AM,43.7511,21.498,↖ 321°,392,451,"35,975",-24,FlightAware ADS-B (LIBX)
TLV - MAN,EasyJet,EZY2262,A320,18/06/2023,Mon 01:56:16 AM,43.7959,21.4478,↖ 321°,392,451,"35,975",-24,FlightAware ADS-B (PDV / LBPD)
TLV - MAN,EasyJet,EZY2262,A320,18/06/2023,Mon 01:56:48 AM,43.84,21.3984,↖ 321°,394,453,"36,000", ,FlightAware ADS-B (SKP / LWSK)
TLV - MAN,EasyJet,EZY2262,A320,18/06/2023,Mon 01:57:18 AM,43.8819,21.3512,↖ 321°,394,453,"36,000", ,FlightAware ADS-B (SKP / LWSK)
TLV - MAN,EasyJet,EZY2262,A320,18/06/2023,Mon 01:57:49 AM,43.9257,21.3018,↖ 321°,395,455,"36,025",25,FlightAware ADS-B (BBU / LRBS)
TLV - MAN,EasyJet,EZY2262,A320,18/06/2023,Mon 01:58:19 AM,43.9672,21.255,↖ 321°,395,455,"36,025",25,FlightAware ADS-B (LBLS)
TLV - MAN,EasyJet,EZY2262,A320,18/06/2023,Mon 01:58:49 AM,44.0093,21.2073,↖ 321°,395,455,"36,025",25,FlightAware ADS-B (SKP / LWSK)
TLV - MAN,EasyJet,EZY2262,A320,18/06/2023,Mon 01:59:19 AM,44.052,21.159,↖ 321°,397,457,"36,000",25,FlightAware ADS-B (SKP / LWSK)
TLV - MAN,EasyJet,EZY2262,A320,18/06/2023,Mon 01:59:50 AM,44.0951,21.1099,↖ 321°,400,460,"36,000", ,FlightAware ADS-B (LBLS)
TLV - MAN,EasyJet,EZY2262,A320,18/06/2023,Mon 02:00:20 AM,44.1375,21.0616,↖ 321°,400,460,"36,000",-24,FlightAware ADS-B (LBLS)
TLV - MAN,EasyJet,EZY2262,A320,18/06/2023,Mon 02:00:52 AM,44.1846,21.0079,↖ 321°,399,459,"36,000",-24,FlightAware ADS-B (TSR / LRTR)
TLV - MAN,EasyJet,EZY2262,A320,18/06/2023,Mon 02:01:22 AM,44.2279,20.9584,↖ 321°,399,459,"36,000", ,FlightAware ADS-B (TSR / LRTR)
TLV - MAN,EasyJet,EZY2262,A320,18/06/2023,Mon 02:01:52 AM,44.2701,20.9101,↖ 320°,400,460,"36,000", ,FlightAware ADS-B (TSR / LRTR)
TLV - MAN,EasyJet,EZY2262,A320,18/06/2023,Mon 02:02:22 AM,44.3138,20.86,↖ 321°,400,460,"36,000", ,FlightAware ADS-B (TSR / LRTR)
TLV - MAN,EasyJet,EZY2262,A320,18/06/2023,Mon 02:02:52 AM,44.355,20.8127,↖ 321°,400,460,"36,000", ,FlightAware ADS-B (TSR / LRTR)
TLV - MAN,EasyJet,EZY2262,A320,18/06/2023,Mon 02:03:22 AM,44.3994,20.7615,↖ 320°,400,460,"36,000", ,FlightAware ADS-B (TSR / LRTR)
TLV - MAN,EasyJet,EZY2262,A320,18/06/2023,Mon 02:03:53 AM,44.4426,20.7116,↖ 320°,399,459,"36,000", ,FlightAware ADS-B (TSR / LRTR)
TLV - MAN,EasyJet,EZY2262,A320,18/06/2023,Mon 02:04:23 AM,44.4852,20.6623,↖ 320°,399,459,"36,000", ,FlightAware ADS-B (TSR / LRTR)
TLV - MAN,EasyJet,EZY2262,A320,18/06/2023,Mon 02:04:53 AM,44.528,20.6127,↖ 320°,400,460,"36,000", ,FlightAware ADS-B (TSR / LRTR)
TLV - MAN,EasyJet,EZY2262,A320,18/06/2023,Mon 02:05:23 AM,44.5691,20.5651,↖ 320°,400,460,"36,000", ,FlightAware ADS-B (LDVC)
TLV - MAN,EasyJet,EZY2262,A320,18/06/2023,Mon 02:05:54 AM,44.6133,20.5137,↖ 320°,400,460,"36,000", ,FlightAware ADS-B (BEG / LYBE)
TLV - MAN,EasyJet,EZY2262,A320,18/06/2023,Mon 02:06:25 AM,44.6579,20.4616,↖ 320°,400,460,"36,000", ,FlightAware ADS-B (BEG / LYBE)
TLV - MAN,EasyJet,EZY2262,A320,18/06/2023,Mon 02:06:56 AM,44.7011,20.4111,↖ 320°,400,460,"36,000", ,FlightAware ADS-B (INI / LYNI)
TLV - MAN,EasyJet,EZY2262,A320,18/06/2023,Mon 02:07:26 AM,44.7442,20.3607,↖ 320°,401,461,"36,000", ,FlightAware ADS-B (SOF / LBSF)
TLV - MAN,EasyJet,EZY2262,A320,18/06/2023,Mon 02:07:56 AM,44.7856,20.3121,↖ 320°,401,461,"36,000", ,FlightAware ADS-B (INI / LYNI)
TLV - MAN,EasyJet,EZY2262,A320,18/06/2023,Mon 02:08:26 AM,44.8283,20.2621,↖ 320°,401,461,"36,000", ,FlightAware ADS-B (BEG / LYBE)
TLV - MAN,EasyJet,EZY2262,A320,18/06/2023,Mon 02:08:56 AM,44.8713,20.2114,↖ 320°,402,463,"36,000", ,FlightAware ADS-B (BEG / LYBE)
TLV - MAN,EasyJet,EZY2262,A320,18/06/2023,Mon 02:09:27 AM,44.9148,20.16,↖ 320°,402,463,"36,000", ,FlightAware ADS-B (BEG / LYBE)
TLV - MAN,EasyJet,EZY2262,A320,18/06/2023,Mon 02:09:57 AM,44.9573,20.1097,↖ 320°,402,463,"36,025", ,FlightAware ADS-B (BEG / LYBE)
TLV - MAN,EasyJet,EZY2262,A320,18/06/2023,Mon 02:10:27 AM,45.0005,20.0586,↖ 320°,401,461,"36,000", ,FlightAware ADS-B (BEG / LYBE)
TLV - MAN,EasyJet,EZY2262,A320,18/06/2023,Mon 02:10:57 AM,45.0427,20.0085,↖ 320°,401,461,"36,000",25,FlightAware ADS-B (BEG / LYBE)
TLV - MAN,EasyJet,EZY2262,A320,18/06/2023,Mon 02:11:28 AM,45.0864,19.9564,↖ 320°,400,460,"36,000", ,FlightAware ADS-B (BEG / LYBE)
TLV - MAN,EasyJet,EZY2262,A320,18/06/2023,Mon 02:11:58 AM,45.1298,19.9048,↖ 320°,400,460,"36,000",-25,FlightAware ADS-B (LHHH)
TLV - MAN,EasyJet,EZY2262,A320,18/06/2023,Mon 02:12:28 AM,45.1733,19.8529,↖ 320°,400,460,"36,000", ,FlightAware ADS-B (BUD / LHBP)
TLV - MAN,EasyJet,EZY2262,A320,18/06/2023,Mon 02:12:58 AM,45.214,19.8042,↖ 320°,401,461,"36,000", ,FlightAware ADS-B (LDVC)
TLV - MAN,EasyJet,EZY2262,A320,18/06/2023,Mon 02:13:28 AM,45.2563,19.7534,↖ 320°,401,461,"36,000", ,FlightAware ADS-B (LHFM)
TLV - MAN,EasyJet,EZY2262,A320,18/06/2023,Mon 02:13:58 AM,45.2979,19.7034,↖ 320°,402,463,"36,000", ,FlightAware ADS-B (SOB / LHSM)
TLV - MAN,EasyJet,EZY2262,A320,18/06/2023,Mon 02:14:28 AM,45.3404,19.6523,↖ 320°,402,463,"36,000", ,FlightAware ADS-B (PDV / LBPD)
TLV - MAN,EasyJet,EZY2262,A320,18/06/2023,Mon 02:14:58 AM,45.3841,19.5994,↖ 320°,401,461,"36,000", ,FlightAware ADS-B (SOB / LHSM)
TLV - MAN,EasyJet,EZY2262,A320,18/06/2023,Mon 02:15:28 AM,45.4267,19.548,↖ 320°,401,461,"36,000", ,FlightAware ADS-B (SOB / LHSM)
TLV - MAN,EasyJet,EZY2262,A320,18/06/2023,Mon 02:15:58 AM,45.4672,19.4988,↖ 320°,401,461,"36,000", ,FlightAware ADS-B (LDZL)
TLV - MAN,EasyJet,EZY2262,A320,18/06/2023,Mon 02:16:28 AM,45.51,19.4469,↖ 319°,401,461,"36,000", ,FlightAware ADS-B (BTS / LZIB)
TLV - MAN,EasyJet,EZY2262,A320,18/06/2023,Mon 02:16:58 AM,45.5517,19.3964,↖ 319°,401,461,"36,000", ,FlightAware ADS-B (LDZL)
TLV - MAN,EasyJet,EZY2262,A320,18/06/2023,Mon 02:17:28 AM,45.5949,19.3436,↖ 319°,401,461,"36,000", ,FlightAware ADS-B (LDZL)
TLV - MAN,EasyJet,EZY2262,A320,18/06/2023,Mon 02:17:58 AM,45.6391,19.2897,↖ 319°,402,463,"36,000", ,FlightAware ADS-B (VIE / LOWW)
TLV - MAN,EasyJet,EZY2262,A320,18/06/2023,Mon 02:18:28 AM,45.6788,19.2411,↖ 319°,402,463,"36,000", ,FlightAware ADS-B (LHPA)
TLV - MAN,EasyJet,EZY2262,A320,18/06/2023,Mon 02:18:58 AM,45.721,19.1893,↖ 319°,403,464,"36,000", ,FlightAware ADS-B (BTS / LZIB)
TLV - MAN,EasyJet,EZY2262,A320,18/06/2023,Mon 02:19:28 AM,45.7634,19.1371,↖ 319°,403,464,"36,000", ,FlightAware ADS-B (BTS / LZIB)
TLV - MAN,EasyJet,EZY2262,A320,18/06/2023,Mon 02:19:59 AM,45.8068,19.0836,↖ 319°,405,466,"36,000", ,FlightAware ADS-B (BTS / LZIB)
TLV - MAN,EasyJet,EZY2262,A320,18/06/2023,Mon 02:20:29 AM,45.8514,19.0287,↖ 319°,407,468,"36,000", ,FlightAware ADS-B (LHUD)
TLV - MAN,EasyJet,EZY2262,A320,18/06/2023,Mon 02:20:59 AM,45.8934,18.9769,↖ 319°,407,468,"36,025", ,FlightAware ADS-B (LHDK)
TLV - MAN,EasyJet,EZY2262,A320,18/06/2023,Mon 02:21:24 AM,45.9262,18.9343,↖ 316°,407,468,"36,025", ,FlightAware ADS-B (LDVC)
TLV - MAN,EasyJet,EZY2262,A320,18/06/2023,Mon 02:21:42 AM,45.9498,18.8981,← 311°,406,467,"36,025",37,FlightAware ADS-B (LZNI)
TLV - MAN,EasyJet,EZY2262,A320,18/06/2023,Mon 02:22:05 AM,45.9782,18.8483,← 309°,407,468,"36,000",27,FlightAware ADS-B (TSR / LRTR)
TLV - MAN,EasyJet,EZY2262,A320,18/06/2023,Mon 02:22:37 AM,46.0159,18.7827,← 310°,407,468,"36,000", ,FlightAware ADS-B (LHEM)
TLV - MAN,EasyJet,EZY2262,A320,18/06/2023,Mon 02:23:10 AM,46.0552,18.7141,← 309°,408,470,"36,000",-24,FlightAware ADS-B (LHEM)
TLV - MAN,EasyJet,EZY2262,A320,18/06/2023,Mon 02:23:40 AM,46.0905,18.6523,← 309°,408,470,"36,000",-25,FlightAware ADS-B (LHEM)
TLV - MAN,EasyJet,EZY2262,A320,18/06/2023,Mon 02:24:10 AM,46.1251,18.5917,← 309°,407,468,"36,000", ,FlightAware ADS-B (LHEM)
TLV - MAN,EasyJet,EZY2262,A320,18/06/2023,Mon 02:24:40 AM,46.1629,18.5253,← 309°,407,468,"36,000", ,FlightAware ADS-B (BTS / LZIB)
TLV - MAN,EasyJet,EZY2262,A320,18/06/2023,Mon 02:25:11 AM,46.1984,18.4625,← 309°,408,470,"36,000", ,FlightAware ADS-B (LHEM)
TLV - MAN,EasyJet,EZY2262,A320,18/06/2023,Mon 02:25:41 AM,46.2351,18.3977,← 309°,409,471,"35,975", ,FlightAware ADS-B (LHEM)
TLV - MAN,EasyJet,EZY2262,A320,18/06/2023,Mon 02:26:11 AM,46.2702,18.3356,← 309°,410,472,"35,975", ,FlightAware ADS-B (LHEM)
TLV - MAN,EasyJet,EZY2262,A320,18/06/2023,Mon 02:26:42 AM,46.3064,18.2715,← 309°,411,473,"35,975",-25,FlightAware ADS-B (LHEM)
TLV - MAN,EasyJet,EZY2262,A320,18/06/2023,Mon 02:27:12 AM,46.3423,18.2079,← 309°,412,474,"36,000",-25,FlightAware ADS-B (LHEM)
TLV - MAN,EasyJet,EZY2262,A320,18/06/2023,Mon 02:27:42 AM,46.378,18.1444,← 309°,412,474,"36,025", ,FlightAware ADS-B (GRZ / LOWG)
TLV - MAN,EasyJet,EZY2262,A320,18/06/2023,Mon 02:28:12 AM,46.4156,18.0771,← 309°,413,475,"36,025",28,FlightAware ADS-B (BTS / LZIB)
TLV - MAN,EasyJet,EZY2262,A320,18/06/2023,Mon 02:28:36 AM,46.4433,18.0272,← 309°,413,475,"36,025",73,FlightAware ADS-B (VIE / LOWW)
TLV - MAN,EasyJet,EZY2262,A320,18/06/2023,Mon 02:28:53 AM,46.4628,17.992,← 310°,412,474,"36,025",32,FlightAware ADS-B (VIE / LOWW)
TLV - MAN,EasyJet,EZY2262,A320,18/06/2023,Mon 02:29:23 AM,46.4987,17.9273,← 309°,411,473,"36,025", ,FlightAware ADS-B (LOAS)
TLV - MAN,EasyJet,EZY2262,A320,18/06/2023,Mon 02:30:06 AM,46.5496,17.8356,← 309°,411,473,"36,000", ,FlightAware ADS-B (LKZN)
TLV - MAN,EasyJet,EZY2262,A320,18/06/2023,Mon 02:30:36 AM,46.5863,17.7692,← 309°,410,472,"36,000", ,FlightAware ADS-B (VIE / LOWW)
TLV - MAN,EasyJet,EZY2262,A320,18/06/2023,Mon 02:31:07 AM,46.6229,17.7031,← 309°,409,471,"36,000",-25,FlightAware ADS-B (LOGH)
TLV - MAN,EasyJet,EZY2262,A320,18/06/2023,Mon 02:31:37 AM,46.6583,17.6386,← 309°,410,472,"35,975",-25,FlightAware ADS-B (LKHD)
TLV - MAN,EasyJet,EZY2262,A320,18/06/2023,Mon 02:32:07 AM,46.6931,17.5753,← 309°,409,471,"36,000", ,FlightAware ADS-B (PZY / LZPP)
TLV - MAN,EasyJet,EZY2262,A320,18/06/2023,Mon 02:32:37 AM,46.7296,17.5086,← 309°,409,471,"36,000",-25,FlightAware ADS-B (VIE / LOWW)
TLV - MAN,EasyJet,EZY2262,A320,18/06/2023,Mon 02:33:07 AM,46.7655,17.4429,← 309°,409,471,"36,000", ,FlightAware ADS-B (VIE / LOWW)
TLV - MAN,EasyJet,EZY2262,A320,18/06/2023,Mon 02:33:37 AM,46.7987,17.3822,← 308°,409,471,"36,000",25,FlightAware ADS-B (BRQ / LKTB)
TLV - MAN,EasyJet,EZY2262,A320,18/06/2023,Mon 02:34:07 AM,46.8363,17.3132,← 308°,408,470,"36,000", ,FlightAware ADS-B (LKJH)
TLV - MAN,EasyJet,EZY2262,A320,18/06/2023,Mon 02:34:37 AM,46.8715,17.2483,← 308°,409,471,"35,975", ,FlightAware ADS-B (LKJH)
TLV - MAN,EasyJet,EZY2262,A320,18/06/2023,Mon 02:35:07 AM,46.9039,17.1886,← 308°,410,472,"36,000", ,FlightAware ADS-B (VIE / LOWW)
TLV - MAN,EasyJet,EZY2262,A320,18/06/2023,Mon 02:35:37 AM,46.9405,17.1208,← 308°,410,472,"36,000",-25,FlightAware ADS-B (PZY / LZPP)
TLV - MAN,EasyJet,EZY2262,A320,18/06/2023,Mon 02:36:07 AM,46.9762,17.0544,← 308°,410,472,"36,000", ,FlightAware ADS-B (VIE / LOWW)
TLV - MAN,EasyJet,EZY2262,A320,18/06/2023,Mon 02:36:37 AM,47.0104,16.9909,← 308°,410,472,"36,000",25,FlightAware ADS-B (BTS / LZIB)
TLV - MAN,EasyJet,EZY2262,A320,18/06/2023,Mon 02:37:07 AM,47.0456,16.9253,← 308°,410,472,"36,000", ,FlightAware ADS-B (BTS / LZIB)
TLV - MAN,EasyJet,EZY2262,A320,18/06/2023,Mon 02:37:37 AM,47.0803,16.8602,← 308°,410,472,"36,000", ,FlightAware ADS-B (VIE / LOWW)
TLV - MAN,EasyJet,EZY2262,A320,18/06/2023,Mon 02:38:07 AM,47.1169,16.7914,← 308°,410,472,"36,000", ,FlightAware ADS-B (LOAP)
TLV - MAN,EasyJet,EZY2262,A320,18/06/2023,Mon 02:38:37 AM,47.1516,16.7265,← 308°,411,473,"36,025", ,FlightAware ADS-B (BUD / LHBP)
TLV - MAN,EasyJet,EZY2262,A320,18/06/2023,Mon 02:39:07 AM,47.1848,16.664,← 308°,411,473,"36,000", ,FlightAware ADS-B (PZY / LZPP)
TLV - MAN,EasyJet,EZY2262,A320,18/06/2023,Mon 02:39:37 AM,47.2199,16.5977,← 308°,411,473,"36,000",21,FlightAware ADS-B (VIE / LOWW)
TLV - MAN,EasyJet,EZY2262,A320,18/06/2023,Mon 02:40:19 AM,47.2619,16.4969,← 300°,411,473,"36,000", ,FlightAware ADS-B (LOXT)
TLV - MAN,EasyJet,EZY2262,A320,18/06/2023,Mon 02:40:50 AM,47.2919,16.4215,← 301°,411,473,"36,000",-20,FlightAware ADS-B (BTS / LZIB)
TLV - MAN,EasyJet,EZY2262,A320,18/06/2023,Mon 02:41:34 AM,47.3341,16.3161,← 300°,412,474,"36,000", ,FlightAware ADS-B (BTS / LZIB)
TLV - MAN,EasyJet,EZY2262,A320,18/06/2023,Mon 02:42:04 AM,47.3635,16.2426,← 300°,412,474,"36,000", ,FlightAware ADS-B (LDVA)
TLV - MAN,EasyJet,EZY2262,A320,18/06/2023,Mon 02:42:34 AM,47.3919,16.1714,← 300°,413,475,"36,000", ,FlightAware ADS-B (LKCH)
TLV - MAN,EasyJet,EZY2262,A320,18/06/2023,Mon 02:43:04 AM,47.4207,16.0988,← 300°,414,476,"36,000", ,FlightAware ADS-B (VIE / LOWW)
TLV - MAN,EasyJet,EZY2262,A320,18/06/2023,Mon 02:43:34 AM,47.4492,16.0266,← 300°,414,476,"36,000", ,FlightAware ADS-B (LOAB)
TLV - MAN,EasyJet,EZY2262,A320,18/06/2023,Mon 02:44:04 AM,47.4777,15.9541,← 300°,416,479,"36,000", ,FlightAware ADS-B (BRQ / LKTB)
TLV - MAN,EasyJet,EZY2262,A320,18/06/2023,Mon 02:44:34 AM,47.5068,15.8801,← 300°,416,479,"36,000", ,FlightAware ADS-B (BRQ / LKTB)
TLV - MAN,EasyJet,EZY2262,A320,18/06/2023,Mon 02:45:04 AM,47.5352,15.8077,← 300°,417,480,"36,000", ,FlightAware ADS-B (LDVC)
TLV - MAN,EasyJet,EZY2262,A320,18/06/2023,Mon 02:45:34 AM,47.5634,15.7355,← 300°,418,481,"36,000", ,FlightAware ADS-B (LKTC)
TLV - MAN,EasyJet,EZY2262,A320,18/06/2023,Mon 02:46:04 AM,47.5918,15.6626,← 300°,419,482,"36,000", ,FlightAware ADS-B (LKTC)
TLV - MAN,EasyJet,EZY2262,A320,18/06/2023,Mon 02:46:20 AM,47.6085,15.6198,← 300°,419,482,"36,025", ,FlightAware ADS-B (VIE / LOWW)
TLV - MAN,EasyJet,EZY2262,A320,18/06/2023,Mon 02:46:52 AM,47.6386,15.5422,← 300°,421,484,"36,025", ,FlightAware ADS-B (LDVC)
TLV - MAN,EasyJet,EZY2262,A320,18/06/2023,Mon 02:47:22 AM,47.6673,15.4681,← 300°,421,484,"36,025",25,FlightAware ADS-B (LOXN)
TLV - MAN,EasyJet,EZY2262,A320,18/06/2023,Mon 02:47:52 AM,47.6965,15.3925,← 300°,421,484,"36,025",25,FlightAware ADS-B (BRQ / LKTB)
TLV - MAN,EasyJet,EZY2262,A320,18/06/2023,Mon 02:48:22 AM,47.7244,15.3204,← 300°,421,484,"36,000", ,FlightAware ADS-B (BZO / LIPB)
TLV - MAN,EasyJet,EZY2262,A320,18/06/2023,Mon 02:49:06 AM,47.767,15.2093,← 300°,421,484,"36,000", ,FlightAware ADS-B (MUC / EDDM)
TLV - MAN,EasyJet,EZY2262,A320,18/06/2023,Mon 02:49:27 AM,47.788,15.1543,← 300°,421,484,"36,000",-29,FlightAware ADS-B (MUC / EDDM)
TLV - MAN,EasyJet,EZY2262,A320,18/06/2023,Mon 02:49:57 AM,47.8155,15.0821,← 299°,422,486,"36,000",-25,FlightAware ADS-B (LKLB)
TLV - MAN,EasyJet,EZY2262,A320,18/06/2023,Mon 02:50:27 AM,47.8445,15.0059,← 299°,422,486,"36,000", ,FlightAware ADS-B (EDPE)
TLV - MAN,EasyJet,EZY2262,A320,18/06/2023,Mon 02:51:06 AM,47.8817,14.9081,← 299°,423,487,"36,000", ,FlightAware ADS-B (OLO / LKOL)
TLV - MAN,EasyJet,EZY2262,A320,18/06/2023,Mon 02:51:36 AM,47.9107,14.8312,← 299°,421,484,"36,025", ,FlightAware ADS-B (OLO / LKOL)
TLV - MAN,EasyJet,EZY2262,A320,18/06/2023,Mon 02:52:06 AM,47.9399,14.7537,← 299°,420,483,"36,025", ,FlightAware ADS-B (OLO / LKOL)
TLV - MAN,EasyJet,EZY2262,A320,18/06/2023,Mon 02:52:36 AM,47.9686,14.6774,← 299°,419,482,"36,025",25,FlightAware ADS-B (BTS / LZIB)
TLV - MAN,EasyJet,EZY2262,A320,18/06/2023,Mon 02:53:06 AM,47.9969,14.6016,← 299°,419,482,"36,000",25,FlightAware ADS-B (LOXZ)
TLV - MAN,EasyJet,EZY2262,A320,18/06/2023,Mon 02:53:36 AM,48.025,14.5264,← 299°,418,481,"35,975", ,FlightAware ADS-B (PRG / LKPR)
TLV - MAN,EasyJet,EZY2262,A320,18/06/2023,Mon 02:54:06 AM,48.0532,14.451,← 300°,418,481,"35,975",-25,FlightAware ADS-B (VIE / LOWW)
TLV - MAN,EasyJet,EZY2262,A320,18/06/2023,Mon 02:54:36 AM,48.081,14.3761,← 299°,418,481,"35,975",-50,FlightAware ADS-B (LKPC)
TLV - MAN,EasyJet,EZY2262,A320,18/06/2023,Mon 02:55:06 AM,48.1087,14.301,← 299°,418,481,"35,975",-25,FlightAware ADS-B (LOAD)
TLV - MAN,EasyJet,EZY2262,A320,18/06/2023,Mon 02:55:35 AM,48.136,14.2272,← 299°,418,481,"36,000", ,FlightAware ADS-B (LKCS)
TLV - MAN,EasyJet,EZY2262,A320,18/06/2023,Mon 02:56:05 AM,48.1643,14.1503,← 300°,419,482,"35,975", ,FlightAware ADS-B (LKCS)
TLV - MAN,EasyJet,EZY2262,A320,18/06/2023,Mon 02:56:28 AM,48.1859,14.0916,← 299°,420,483,"36,000",33,FlightAware ADS-B (LKRO)
TLV - MAN,EasyJet,EZY2262,A320,18/06/2023,Mon 02:56:50 AM,48.2062,14.0365,← 299°,420,483,"36,000", ,FlightAware ADS-B (EDQW)
TLV - MAN,EasyJet,EZY2262,A320,18/06/2023,Mon 02:57:20 AM,48.2341,13.9603,← 300°,420,483,"36,000", ,FlightAware ADS-B (MUC / EDDM)
TLV - MAN,EasyJet,EZY2262,A320,18/06/2023,Mon 02:57:46 AM,48.2585,13.8934,← 300°,421,484,"36,000",27,FlightAware ADS-B (GRZ / LOWG)
TLV - MAN,EasyJet,EZY2262,A320,18/06/2023,Mon 02:58:16 AM,48.2855,13.8193,← 299°,421,484,"36,000", ,FlightAware ADS-B (MUC / EDDM)
TLV - MAN,EasyJet,EZY2262,A320,18/06/2023,Mon 02:58:33 AM,48.3019,13.7742,← 299°,422,486,"36,000", ,FlightAware ADS-B (EDPG)
TLV - MAN,EasyJet,EZY2262,A320,18/06/2023,Mon 02:59:03 AM,48.3299,13.6969,← 298°,423,487,"36,000", ,FlightAware ADS-B (LKJA)
TLV - MAN,EasyJet,EZY2262,A320,18/06/2023,Mon 02:59:33 AM,48.358,13.6181,← 299°,423,487,"36,000", ,FlightAware ADS-B (EDPG)
TLV - MAN,EasyJet,EZY2262,A320,18/06/2023,Mon 03:00:09 AM,48.3904,13.5255,← 298°,424,488,"36,000", ,FlightAware ADS-B (VIE / LOWW)
TLV - MAN,EasyJet,EZY2262,A320,18/06/2023,Mon 03:00:31 AM,48.4096,13.4702,← 298°,424,488,"36,025", ,FlightAware ADS-B (PED / LKPD)
TLV - MAN,EasyJet,EZY2262,A320,18/06/2023,Mon 03:00:55 AM,48.4314,13.4082,← 299°,423,487,"36,025", ,FlightAware ADS-B (LKHV)
TLV - MAN,EasyJet,EZY2262,A320,18/06/2023,Mon 03:01:32 AM,48.4658,13.3091,← 298°,422,486,"36,025",23,FlightAware ADS-B (LKLT)
TLV - MAN,EasyJet,EZY2262,A320,18/06/2023,Mon 03:02:00 AM,48.4904,13.2382,← 299°,422,486,"36,000",26,FlightAware ADS-B (VIE / LOWW)
TLV - MAN,EasyJet,EZY2262,A320,18/06/2023,Mon 03:02:30 AM,48.5175,13.1598,← 298°,423,487,"36,000", ,FlightAware ADS-B (LKMB)
TLV - MAN,EasyJet,EZY2262,A320,18/06/2023,Mon 03:03:00 AM,48.5446,13.0815,← 297°,423,487,"36,000",-25,FlightAware ADS-B (LKHD)
TLV - MAN,EasyJet,EZY2262,A320,18/06/2023,Mon 03:03:30 AM,48.5709,13.0047,← 297°,423,487,"36,000",-25,FlightAware ADS-B (ETSE)
TLV - MAN,EasyJet,EZY2262,A320,18/06/2023,Mon 03:04:00 AM,48.598,12.9255,← 297°,422,486,"36,000", ,FlightAware ADS-B (LKHD)
TLV - MAN,EasyJet,EZY2262,A320,18/06/2023,Mon 03:04:30 AM,48.6258,12.8442,← 297°,422,486,"36,000", ,FlightAware ADS-B (LKPL)
TLV - MAN,EasyJet,EZY2262,A320,18/06/2023,Mon 03:05:00 AM,48.6513,12.7691,← 297°,422,486,"36,025", ,FlightAware ADS-B (EDMY)
TLV - MAN,EasyJet,EZY2262,A320,18/06/2023,Mon 03:05:30 AM,48.6789,12.6879,← 298°,422,486,"36,000", ,FlightAware ADS-B (ETOU)
TLV - MAN,EasyJet,EZY2262,A320,18/06/2023,Mon 03:06:00 AM,48.7052,12.6104,← 297°,420,483,"36,000",25,FlightAware ADS-B
TLV - MAN,EasyJet,EZY2262,A320,18/06/2023,Mon 03:06:30 AM,48.7322,12.5304,← 297°,421,484,"36,000", ,FlightAware ADS-B (ETIC)
TLV - MAN,EasyJet,EZY2262,A320,18/06/2023,Mon 03:07:00 AM,48.7592,12.4501,← 297°,421,484,"36,000",-25,FlightAware ADS-B (ETIC)
TLV - MAN,EasyJet,EZY2262,A320,18/06/2023,Mon 03:07:30 AM,48.7842,12.3755,← 297°,421,484,"36,000", ,FlightAware ADS-B (SZG / LOWS)
TLV - MAN,EasyJet,EZY2262,A320,18/06/2023,Mon 03:08:00 AM,48.8111,12.2952,← 297°,422,486,"36,000", ,FlightAware ADS-B (OLO / LKOL)
TLV - MAN,EasyJet,EZY2262,A320,18/06/2023,Mon 03:08:30 AM,48.8374,12.2163,← 297°,423,487,"35,975", ,FlightAware ADS-B (OBF / EDMO)
TLV - MAN,EasyJet,EZY2262,A320,18/06/2023,Mon 03:09:00 AM,48.864,12.1364,← 297°,423,487,"35,975", ,FlightAware ADS-B (LKLT)
TLV - MAN,EasyJet,EZY2262,A320,18/06/2023,Mon 03:09:30 AM,48.8894,12.0595,← 297°,424,488,"36,000",-25,FlightAware ADS-B (EDTQ)
TLV - MAN,EasyJet,EZY2262,A320,18/06/2023,Mon 03:10:00 AM,48.9166,11.9771,← 297°,423,487,"36,025",-25,FlightAware ADS-B (FRA / EDDF)
TLV - MAN,EasyJet,EZY2262,A320,18/06/2023,Mon 03:10:30 AM,48.9417,11.9009,← 297°,423,487,"36,000",25,FlightAware ADS-B (LKHK)
TLV - MAN,EasyJet,EZY2262,A320,18/06/2023,Mon 03:11:00 AM,48.9692,11.8174,← 297°,424,488,"36,000",50,FlightAware ADS-B (EDMR)
TLV - MAN,EasyJet,EZY2262,A320,18/06/2023,Mon 03:11:30 AM,48.9939,11.7415,← 296°,424,488,"36,000", ,FlightAware ADS-B (NUE / EDDN)
TLV - MAN,EasyJet,EZY2262,A320,18/06/2023,Mon 03:12:00 AM,49.0208,11.6591,← 296°,424,488,"36,000",-25,FlightAware ADS-B (DRS / EDDC)
TLV - MAN,EasyJet,EZY2262,A320,18/06/2023,Mon 03:12:30 AM,49.0471,11.5784,← 296°,425,489,"36,000", ,FlightAware ADS-B (GHF / EDQG)
TLV - MAN,EasyJet,EZY2262,A320,18/06/2023,Mon 03:13:00 AM,49.0726,11.4996,← 296°,426,490,"36,000", ,FlightAware ADS-B (EDQR)
TLV - MAN,EasyJet,EZY2262,A320,18/06/2023,Mon 03:13:30 AM,49.0979,11.4212,← 296°,426,490,"36,000", ,FlightAware ADS-B (BWE / EDVE)
TLV - MAN,EasyJet,EZY2262,A320,18/06/2023,Mon 03:14:00 AM,49.1236,11.3413,← 296°,427,491,"36,000", ,FlightAware ADS-B (EDFJ)
TLV - MAN,EasyJet,EZY2262,A320,18/06/2023,Mon 03:14:30 AM,49.1501,11.2588,← 296°,427,491,"36,000", ,FlightAware ADS-B (LKPL)
TLV - MAN,EasyJet,EZY2262,A320,18/06/2023,Mon 03:15:00 AM,49.1756,11.1794,← 296°,428,493,"36,025", ,FlightAware ADS-B (QEF / EDFE)
TLV - MAN,EasyJet,EZY2262,A320,18/06/2023,Mon 03:15:30 AM,49.2026,11.0948,← 296°,426,490,"36,025", ,FlightAware ADS-B (EDMG)
TLV - MAN,EasyJet,EZY2262,A320,18/06/2023,Mon 03:16:00 AM,49.2269,11.0183,← 296°,426,490,"36,025",25,FlightAware ADS-B (LOLG)
TLV - MAN,EasyJet,EZY2262,A320,18/06/2023,Mon 03:16:30 AM,49.2536,10.9343,← 296°,426,490,"36,025",27,FlightAware ADS-B (OBF / EDMO)
TLV - MAN,EasyJet,EZY2262,A320,18/06/2023,Mon 03:16:55 AM,49.2735,10.8708,← 297°,426,490,"36,000", ,FlightAware ADS-B (LKCS)
TLV - MAN,EasyJet,EZY2262,A320,18/06/2023,Mon 03:17:12 AM,49.2892,10.821,← 296°,426,490,"36,000", ,FlightAware ADS-B (EDTX)
TLV - MAN,EasyJet,EZY2262,A320,18/06/2023,Mon 03:17:33 AM,49.3077,10.7622,← 296°,428,493,"35,975",-38,FlightAware ADS-B (NUE / EDDN)
TLV - MAN,EasyJet,EZY2262,A320,18/06/2023,Mon 03:17:52 AM,49.3227,10.7146,← 296°,429,494,"35,975",-29,FlightAware ADS-B (NUE / EDDN)
TLV - MAN,EasyJet,EZY2262,A320,18/06/2023,Mon 03:18:25 AM,49.3505,10.6256,← 296°,429,494,"36,000",-24,FlightAware ADS-B (LKCS)
TLV - MAN,EasyJet,EZY2262,A320,18/06/2023,Mon 03:18:55 AM,49.3771,10.5403,← 296°,430,495,"36,000",-25,FlightAware ADS-B (NUE / EDDN)
TLV - MAN,EasyJet,EZY2262,A320,18/06/2023,Mon 03:19:25 AM,49.4022,10.4596,← 295°,431,496,"36,025",25,FlightAware ADS-B (FRA / EDDF)
TLV - MAN,EasyJet,EZY2262,A320,18/06/2023,Mon 03:19:55 AM,49.4279,10.3766,← 295°,431,496,"36,025",25,FlightAware ADS-B (LKPL)
TLV - MAN,EasyJet,EZY2262,A320,18/06/2023,Mon 03:20:25 AM,49.4534,10.2942,← 295°,429,494,"36,050",25,FlightAware ADS-B (EDNX)
TLV - MAN,EasyJet,EZY2262,A320,18/06/2023,Mon 03:20:55 AM,49.4801,10.2104,← 298°,428,493,"36,025",30,FlightAware ADS-B (BYU / EDQD)
TLV - MAN,EasyJet,EZY2262,A320,18/06/2023,Mon 03:21:15 AM,49.4991,10.1607,← 301°,428,493,"36,025",30,FlightAware ADS-B (LKPS)
TLV - MAN,EasyJet,EZY2262,A320,18/06/2023,Mon 03:21:45 AM,49.5296,10.084,← 301°,428,493,"36,000", ,FlightAware ADS-B (EDBF)
TLV - MAN,EasyJet,EZY2262,A320,18/06/2023,Mon 03:22:15 AM,49.5615,10.0014,← 300°,427,491,"35,975",-29,FlightAware ADS-B (EDMQ)
TLV - MAN,EasyJet,EZY2262,A320,18/06/2023,Mon 03:22:37 AM,49.5817,9.9477,← 300°,427,491,"36,000",-29,FlightAware ADS-B (EDFW)
TLV - MAN,EasyJet,EZY2262,A320,18/06/2023,Mon 03:23:07 AM,49.6112,9.8688,← 300°,426,490,"35,975",-59,FlightAware ADS-B (MUC / EDDM)
TLV - MAN,EasyJet,EZY2262,A320,18/06/2023,Mon 03:23:28 AM,49.6307,9.8162,← 300°,427,491,"35,975", ,FlightAware ADS-B (EDFW)
TLV - MAN,EasyJet,EZY2262,A320,18/06/2023,Mon 03:23:49 AM,49.6515,9.7606,← 300°,427,491,"36,000", ,FlightAware ADS-B (SGE / EDGS)
TLV - MAN,EasyJet,EZY2262,A320,18/06/2023,Mon 03:24:09 AM,49.6728,9.7033,← 300°,427,491,"35,975",-30,FlightAware ADS-B (NUE / EDDN)
TLV - MAN,EasyJet,EZY2262,A320,18/06/2023,Mon 03:24:39 AM,49.7025,9.6235,← 300°,427,491,"36,000",26,FlightAware ADS-B (MUC / EDDM)
TLV - MAN,EasyJet,EZY2262,A320,18/06/2023,Mon 03:25:07 AM,49.7292,9.5511,← 300°,428,493,"36,000", ,FlightAware ADS-B (MUC / EDDM)
TLV - MAN,EasyJet,EZY2262,A320,18/06/2023,Mon 03:25:37 AM,49.7588,9.4709,← 300°,428,493,"36,000", ,FlightAware ADS-B (SCN / EDDR)
TLV - MAN,EasyJet,EZY2262,A320,18/06/2023,Mon 03:25:58 AM,49.7787,9.4166,← 300°,430,495,"35,975",29,FlightAware ADS-B (EDMI)
TLV - MAN,EasyJet,EZY2262,A320,18/06/2023,Mon 03:26:28 AM,49.809,9.3341,← 300°,430,495,"36,000", ,FlightAware ADS-B (MGL / EDLN)
TLV - MAN,EasyJet,EZY2262,A320,18/06/2023,Mon 03:27:00 AM,49.8386,9.2532,← 299°,430,495,"36,000",-24,FlightAware ADS-B (GHF / EDQG)
TLV - MAN,EasyJet,EZY2262,A320,18/06/2023,Mon 03:27:30 AM,49.8689,9.1696,← 299°,430,495,"36,000", ,FlightAware ADS-B (CGN / EDDK)
TLV - MAN,EasyJet,EZY2262,A320,18/06/2023,Mon 03:28:00 AM,49.8977,9.0904,← 299°,430,495,"36,000",25,FlightAware ADS-B (QEF / EDFE)
TLV - MAN,EasyJet,EZY2262,A320,18/06/2023,Mon 03:28:30 AM,49.9269,9.0099,← 299°,430,495,"36,025", ,FlightAware ADS-B (EDRW)
TLV - MAN,EasyJet,EZY2262,A320,18/06/2023,Mon 03:29:00 AM,49.9566,8.9276,← 299°,430,495,"36,025", ,FlightAware ADS-B (SGE / EDGS)
TLV - MAN,EasyJet,EZY2262,A320,18/06/2023,Mon 03:29:30 AM,49.986,8.846,← 299°,428,493,"36,050",25,FlightAware ADS-B (RMS / ETAR)
TLV - MAN,EasyJet,EZY2262,A320,18/06/2023,Mon 03:30:00 AM,50.0136,8.7692,← 299°,426,490,"36,050",25,FlightAware ADS-B (EDRF)
TLV - MAN,EasyJet,EZY2262,A320,18/06/2023,Mon 03:30:30 AM,50.0432,8.6863,← 299°,426,490,"36,000",25,FlightAware ADS-B (EDEL)
TLV - MAN,EasyJet,EZY2262,A320,18/06/2023,Mon 03:31:00 AM,50.0722,8.605,← 299°,424,488,"35,975",25,FlightAware ADS-B (LUX / ELLX)
TLV - MAN,EasyJet,EZY2262,A320,18/06/2023,Mon 03:31:30 AM,50.101,8.5242,← 299°,424,488,"35,975",-50,FlightAware ADS-B (FRA / EDDF)
TLV - MAN,EasyJet,EZY2262,A320,18/06/2023,Mon 03:32:00 AM,50.1286,8.4462,← 299°,424,488,"35,975",-75,FlightAware ADS-B (EDTX)
TLV - MAN,EasyJet,EZY2262,A320,18/06/2023,Mon 03:32:30 AM,50.1575,8.3641,← 299°,425,489,"35,975",-31,FlightAware ADS-B (EBFS)
TLV - MAN,EasyJet,EZY2262,A320,18/06/2023,Mon 03:32:48 AM,50.1739,8.3175,← 299°,426,490,"35,975", ,FlightAware ADS-B (QEF / EDFE)
TLV - MAN,EasyJet,EZY2262,A320,18/06/2023,Mon 03:33:18 AM,50.2023,8.2369,← 299°,426,490,"35,975", ,FlightAware ADS-B (DTM / EDLW)
TLV - MAN,EasyJet,EZY2262,A320,18/06/2023,Mon 03:33:48 AM,50.2305,8.1563,← 299°,427,491,"35,975", ,FlightAware ADS-B (DTM / EDLW)
TLV - MAN,EasyJet,EZY2262,A320,18/06/2023,Mon 03:34:18 AM,50.2588,8.0754,← 299°,427,491,"36,000", ,FlightAware ADS-B (LGG / EBLG)
TLV - MAN,EasyJet,EZY2262,A320,18/06/2023,Mon 03:34:48 AM,50.2856,7.998,← 298°,424,488,"36,000", ,FlightAware ADS-B (NUE / EDDN)
TLV - MAN,EasyJet,EZY2262,A320,18/06/2023,Mon 03:35:18 AM,50.3145,7.9145,← 298°,423,487,"36,000",25,FlightAware ADS-B (NUE / EDDN)
TLV - MAN,EasyJet,EZY2262,A320,18/06/2023,Mon 03:35:48 AM,50.3428,7.833,← 299°,426,490,"36,000",25,FlightAware ADS-B (ENS / EHTW)
TLV - MAN,EasyJet,EZY2262,A320,18/06/2023,Mon 03:36:18 AM,50.3708,7.752,← 298°,428,493,"36,000", ,FlightAware ADS-B (EHMZ)
TLV - MAN,EasyJet,EZY2262,A320,18/06/2023,Mon 03:36:48 AM,50.3988,7.6703,← 298°,427,491,"36,025", ,FlightAware ADS-B (EDKV)
TLV - MAN,EasyJet,EZY2262,A320,18/06/2023,Mon 03:37:18 AM,50.426,7.5909,← 298°,426,490,"36,025", ,FlightAware ADS-B (EBTN)
TLV - MAN,EasyJet,EZY2262,A320,18/06/2023,Mon 03:37:43 AM,50.4493,7.5226,← 298°,425,489,"36,025",27,FlightAware ADS-B (FRA / EDDF)
TLV - MAN,EasyJet,EZY2262,A320,18/06/2023,Mon 03:38:13 AM,50.4774,7.4402,← 298°,423,487,"36,000",29,FlightAware ADS-B (EHBD)
TLV - MAN,EasyJet,EZY2262,A320,18/06/2023,Mon 03:38:34 AM,50.4973,7.3816,← 298°,424,488,"36,000", ,FlightAware ADS-B (CGN / EDDK)
TLV - MAN,EasyJet,EZY2262,A320,18/06/2023,Mon 03:39:04 AM,50.5248,7.3005,← 298°,434,499,"36,000",-21,FlightAware ADS-B (ETSA)
TLV - MAN,EasyJet,EZY2262,A320,18/06/2023,Mon 03:39:46 AM,50.5626,7.1884,← 298°,435,501,"36,000",-25,FlightAware ADS-B (FRA / EDDF)
TLV - MAN,EasyJet,EZY2262,A320,18/06/2023,Mon 03:40:04 AM,50.579,7.1392,← 298°,436,502,"36,000", ,FlightAware ADS-B (EHBD)
TLV - MAN,EasyJet,EZY2262,A320,18/06/2023,Mon 03:40:45 AM,50.6177,7.0235,← 298°,436,502,"36,000", ,FlightAware ADS-B (LFGT)
TLV - MAN,EasyJet,EZY2262,A320,18/06/2023,Mon 03:41:05 AM,50.6325,6.9793,← 298°,438,504,"36,000", ,FlightAware ADS-B (EHDB)
TLV - MAN,EasyJet,EZY2262,A320,18/06/2023,Mon 03:41:35 AM,50.6642,6.8842,← 298°,437,503,"36,025", ,FlightAware ADS-B (UTC / EHSB)
TLV - MAN,EasyJet,EZY2262,A320,18/06/2023,Mon 03:42:03 AM,50.6894,6.8082,← 299°,440,506,"36,000", ,FlightAware ADS-B (SGE / EDGS)
TLV - MAN,EasyJet,EZY2262,A320,18/06/2023,Mon 03:42:33 AM,50.719,6.7189,← 297°,441,507,"36,000",25,FlightAware ADS-B (OST / EBOS)
TLV - MAN,EasyJet,EZY2262,A320,18/06/2023,Mon 03:43:03 AM,50.7454,6.6388,← 297°,441,507,"36,025", ,FlightAware ADS-B (BRU / EBBR)
TLV - MAN,EasyJet,EZY2262,A320,18/06/2023,Mon 03:43:33 AM,50.7741,6.5517,← 297°,440,506,"36,025",-25,FlightAware ADS-B (QEF / EDFE)
TLV - MAN,EasyJet,EZY2262,A320,18/06/2023,Mon 03:44:03 AM,50.8019,6.4665,← 297°,438,504,"36,025",25,FlightAware ADS-B (ERF / EDDE)
TLV - MAN,EasyJet,EZY2262,A320,18/06/2023,Mon 03:44:33 AM,50.8303,6.3796,← 297°,437,503,"36,025",28,FlightAware ADS-B (SGE / EDGS)
TLV - MAN,EasyJet,EZY2262,A320,18/06/2023,Mon 03:44:56 AM,50.8506,6.3173,← 297°,436,502,"36,000", ,FlightAware ADS-B (GLZ / EHGR)
TLV - MAN,EasyJet,EZY2262,A320,18/06/2023,Mon 03:45:26 AM,50.8786,6.2312,← 297°,434,499,"36,000", ,FlightAware ADS-B (EHVB)
TLV - MAN,EasyJet,EZY2262,A320,18/06/2023,Mon 03:45:56 AM,50.9063,6.1452,← 297°,432,497,"36,025",-31,FlightAware ADS-B (ESS / EDLE)
TLV - MAN,EasyJet,EZY2262,A320,18/06/2023,Mon 03:46:14 AM,50.9239,6.0908,← 297°,429,494,"36,025",-31,FlightAware ADS-B (EBGB)
TLV - MAN,EasyJet,EZY2262,A320,18/06/2023,Mon 03:46:44 AM,50.9504,6.008,← 297°,428,493,"36,000",25,FlightAware ADS-B (EDKD)
TLV - MAN,EasyJet,EZY2262,A320,18/06/2023,Mon 03:47:14 AM,50.9775,5.9234,← 297°,427,491,"35,975",25,FlightAware ADS-B (AMS / EHAM)
TLV - MAN,EasyJet,EZY2262,A320,18/06/2023,Mon 03:47:44 AM,51.0032,5.8432,← 297°,426,490,"35,975",-25,FlightAware ADS-B (EDKL)
TLV - MAN,EasyJet,EZY2262,A320,18/06/2023,Mon 03:48:14 AM,51.0312,5.7551,← 297°,425,489,"35,975",-65,FlightAware ADS-B (BRE / EDDW)
TLV - MAN,EasyJet,EZY2262,A320,18/06/2023,Mon 03:48:30 AM,51.0448,5.712,← 297°,425,489,"35,950",-38,FlightAware ADS-B (AMS / EHAM)
TLV - MAN,EasyJet,EZY2262,A320,18/06/2023,Mon 03:48:54 AM,51.0655,5.6469,← 297°,426,490,"35,950", ,FlightAware ADS-B (EBGB)
TLV - MAN,EasyJet,EZY2262,A320,18/06/2023,Mon 03:49:24 AM,51.0926,5.5608,← 297°,428,493,"35,950",-25,FlightAware ADS-B (EBGB)
TLV - MAN,EasyJet,EZY2262,A320,18/06/2023,Mon 03:49:54 AM,51.1187,5.4776,← 297°,429,494,"35,975",-25,FlightAware ADS-B (EHDL)
TLV - MAN,EasyJet,EZY2262,A320,18/06/2023,Mon 03:50:24 AM,51.1444,5.3957,← 297°,432,497,"35,975", ,FlightAware ADS-B (ESS / EDLE)
TLV - MAN,EasyJet,EZY2262,A320,18/06/2023,Mon 03:50:54 AM,51.1715,5.3094,← 297°,435,501,"36,000",25,FlightAware ADS-B (EIN / EHEH)
TLV - MAN,EasyJet,EZY2262,A320,18/06/2023,Mon 03:51:24 AM,51.1975,5.2259,← 296°,435,501,"36,025",25,FlightAware ADS-B (FMO / EDDG)
TLV - MAN,EasyJet,EZY2262,A320,18/06/2023,Mon 03:51:54 AM,51.2244,5.1393,← 296°,436,502,"36,050",25,FlightAware ADS-B (ETHN)
TLV - MAN,EasyJet,EZY2262,A320,18/06/2023,Mon 03:52:24 AM,51.2506,5.0547,← 296°,435,501,"36,050",50,FlightAware ADS-B (EBBL)
TLV - MAN,EasyJet,EZY2262,A320,18/06/2023,Mon 03:52:54 AM,51.2772,4.9683,← 296°,434,499,"36,050",50,FlightAware ADS-B (QEF / EDFE)
TLV - MAN,EasyJet,EZY2262,A320,18/06/2023,Mon 03:53:24 AM,51.304,4.8809,← 296°,431,496,"36,000",25,FlightAware ADS-B (EDLM)
TLV - MAN,EasyJet,EZY2262,A320,18/06/2023,Mon 03:53:54 AM,51.3283,4.8019,← 297°,431,496,"35,975", ,FlightAware ADS-B (QEF / EDFE)
TLV - MAN,EasyJet,EZY2262,A320,18/06/2023,Mon 03:54:24 AM,51.3571,4.7076,← 296°,430,495,"35,950",-50,FlightAware ADS-B (WOE / EHWO)
TLV - MAN,EasyJet,EZY2262,A320,18/06/2023,Mon 03:54:54 AM,51.3833,4.6213,← 296°,430,495,"35,950",-98,FlightAware ADS-B (AMS / EHAM)
TLV - MAN,EasyJet,EZY2262,A320,18/06/2023,Mon 03:55:10 AM,51.3965,4.5777,← 296°,433,498,"36,000",-67,FlightAware ADS-B (DUS / EDDL)
TLV - MAN,EasyJet,EZY2262,A320,18/06/2023,Mon 03:55:39 AM,51.4215,4.4945,← 297°,433,498,"36,025",-27,FlightAware ADS-B (DUS / EDDL)
TLV - MAN,EasyJet,EZY2262,A320,18/06/2023,Mon 03:56:05 AM,51.4444,4.4181,← 297°,434,499,"36,025",43,FlightAware ADS-B (EHDB)
TLV - MAN,EasyJet,EZY2262,A320,18/06/2023,Mon 03:56:48 AM,51.4814,4.2949,← 296°,434,499,"36,050",62,FlightAware ADS-B (DTM / EDLW)
TLV - MAN,EasyJet,EZY2262,A320,18/06/2023,Mon 03:57:18 AM,51.5084,4.2044,← 296°,434,499,"36,025",25,FlightAware ADS-B (EGSL)
TLV - MAN,EasyJet,EZY2262,A320,18/06/2023,Mon 03:57:48 AM,51.5332,4.1212,← 296°,432,497,"36,025",25,FlightAware ADS-B (AMS / EHAM)
TLV - MAN,EasyJet,EZY2262,A320,18/06/2023,Mon 03:58:18 AM,51.5589,4.0347,← 295°,432,497,"36,000", ,FlightAware ADS-B (EBNM)
TLV - MAN,EasyJet,EZY2262,A320,18/06/2023,Mon 03:58:48 AM,51.5856,3.9443,← 295°,432,497,"36,000",-25,FlightAware ADS-B (LCY / EGLC)
TLV - MAN,EasyJet,EZY2262,A320,18/06/2023,Mon 03:59:18 AM,51.6103,3.8603,← 295°,432,497,"36,000",-25,FlightAware ADS-B (LCY / EGLC)
TLV - MAN,EasyJet,EZY2262,A320,18/06/2023,Mon 03:59:48 AM,51.6357,3.7734,← 295°,432,497,"36,000",-25,FlightAware ADS-B (LHR / EGLL)
TLV - MAN,EasyJet,EZY2262,A320,18/06/2023,Mon 04:00:18 AM,51.661,3.6868,← 295°,432,497,"36,000", ,FlightAware ADS-B (ENS / EHTW)
TLV - MAN,EasyJet,EZY2262,A320,18/06/2023,Mon 04:00:48 AM,51.6863,3.6,← 295°,433,498,"35,975", ,FlightAware ADS-B (AMS / EHAM)
TLV - MAN,EasyJet,EZY2262,A320,18/06/2023,Mon 04:01:18 AM,51.7124,3.5101,← 295°,434,499,"35,975", ,FlightAware ADS-B (RTM / EHRD)
TLV - MAN,EasyJet,EZY2262,A320,18/06/2023,Mon 04:01:40 AM,51.7304,3.448,← 295°,435,501,"35,975",-29,FlightAware ADS-B (ANR / EBAW)
TLV - MAN,EasyJet,EZY2262,A320,18/06/2023,Mon 04:02:10 AM,51.7559,3.3591,← 295°,437,503,"35,975",-25,FlightAware ADS-B (EGUW)
TLV - MAN,EasyJet,EZY2262,A320,18/06/2023,Mon 04:02:40 AM,51.7805,3.2735,← 296°,438,504,"36,025", ,FlightAware ADS-B (EHDB)
TLV - MAN,EasyJet,EZY2262,A320,18/06/2023,Mon 04:03:08 AM,51.804,3.1915,← 295°,438,504,"36,025", ,FlightAware ADS-B (LKZ / EGUL)
TLV - MAN,EasyJet,EZY2262,A320,18/06/2023,Mon 04:03:38 AM,51.8293,3.1026,← 295°,437,503,"36,000",50,FlightAware ADS-B (STN / EGSS)
TLV - MAN,EasyJet,EZY2262,A320,18/06/2023,Mon 04:04:08 AM,51.8547,3.0135,← 295°,437,503,"36,000",50,FlightAware ADS-B (LTN / EGGW)
TLV - MAN,EasyJet,EZY2262,A320,18/06/2023,Mon 04:04:38 AM,51.8806,2.9222,← 295°,438,504,"36,000",-31,FlightAware ADS-B (EGVP)
TLV - MAN,EasyJet,EZY2262,A320,18/06/2023,Mon 04:04:56 AM,51.8955,2.8696,← 295°,438,504,"36,000",-31,FlightAware ADS-B (EGCJ)
TLV - MAN,EasyJet,EZY2262,A320,18/06/2023,Mon 04:05:26 AM,51.9208,2.7796,← 295°,439,505,"36,000", ,FlightAware ADS-B (SEN / EGMC)
TLV - MAN,EasyJet,EZY2262,A320,18/06/2023,Mon 04:05:56 AM,51.945,2.6931,← 294°,440,506,"36,000", ,FlightAware ADS-B (EGTC)
TLV - MAN,EasyJet,EZY2262,A320,18/06/2023,Mon 04:06:26 AM,51.9706,2.6009,← 294°,441,507,"36,000", ,FlightAware ADS-B (EGST)
TLV - MAN,EasyJet,EZY2262,A320,18/06/2023,Mon 04:06:56 AM,51.9944,2.5149,← 294°,441,507,"36,000", ,FlightAware ADS-B (EGSV)
TLV - MAN,EasyJet,EZY2262,A320,18/06/2023,Mon 04:07:26 AM,52.0192,2.4251,← 294°,442,509,"36,000", ,FlightAware ADS-B (LHR / EGLL)
TLV - MAN,EasyJet,EZY2262,A320,18/06/2023,Mon 04:07:56 AM,52.0448,2.3327,← 294°,443,510,"36,000", ,FlightAware ADS-B (ENS / EHTW)
TLV - MAN,EasyJet,EZY2262,A320,18/06/2023,Mon 04:08:26 AM,52.0693,2.2436,← 294°,444,511,"36,000", ,FlightAware ADS-B (LGW / EGKK)
TLV - MAN,EasyJet,EZY2262,A320,18/06/2023,Mon 04:08:56 AM,52.0947,2.151,← 294°,445,512,"36,000", ,FlightAware ADS-B (HUY / EGNJ)
TLV - MAN,EasyJet,EZY2262,A320,18/06/2023,Mon 04:09:26 AM,52.1186,2.0629,← 294°,444,511,"36,000", ,FlightAware ADS-B (EGTR)
TLV - MAN,EasyJet,EZY2262,A320,18/06/2023,Mon 04:09:46 AM,52.1357,1.9997,← 294°,445,512,"36,025", ,FlightAware ADS-B (OXF / EGTK)
TLV - MAN,EasyJet,EZY2262,A320,18/06/2023,Mon 04:10:16 AM,52.1603,1.9088,← 294°,445,512,"36,000", ,FlightAware ADS-B (RCS / EGTO)
TLV - MAN,EasyJet,EZY2262,A320,18/06/2023,Mon 04:10:46 AM,52.185,1.8178,← 294°,447,514,"36,000",25,FlightAware ADS-B (RTM / EHRD)
TLV - MAN,EasyJet,EZY2262,A320,18/06/2023,Mon 04:11:16 AM,52.2106,1.7227,← 294°,448,516,"35,975", ,FlightAware ADS-B (EGCJ)
TLV - MAN,EasyJet,EZY2262,A320,18/06/2023,Mon 04:11:45 AM,52.2341,1.6349,← 294°,450,518,"35,975",-25,FlightAware ADS-B (EGSG)
TLV - MAN,EasyJet,EZY2262,A320,18/06/2023,Mon 04:12:15 AM,52.2578,1.5462,← 293°,451,519,"36,000",-25,FlightAware ADS-B (EGWE)
TLV - MAN,EasyJet,EZY2262,A320,18/06/2023,Mon 04:12:45 AM,52.2826,1.4516,← 293°,451,519,"36,000",-25,FlightAware ADS-B (ENS / EHTW)
TLV - MAN,EasyJet,EZY2262,A320,18/06/2023,Mon 04:13:15 AM,52.3069,1.3599,← 293°,452,520,"36,025",25,FlightAware ADS-B (LCY / EGLC)
TLV - MAN,EasyJet,EZY2262,A320,18/06/2023,Mon 04:13:45 AM,52.3317,1.2659,← 293°,453,521,"36,025",26,FlightAware ADS-B (CBG / EGSC)
TLV - MAN,EasyJet,EZY2262,A320,18/06/2023,Mon 04:14:12 AM,52.3543,1.1799,← 293°,454,522,"36,000",24,FlightAware ADS-B (HUY / EGNJ)
TLV - MAN,EasyJet,EZY2262,A320,18/06/2023,Mon 04:14:48 AM,52.3837,1.0671,← 293°,454,522,"36,000",19,FlightAware ADS-B (AMS / EHAM)
TLV - MAN,EasyJet,EZY2262,A320,18/06/2023,Mon 04:15:31 AM,52.4188,0.9322,← 293°,453,521,"36,000",-21,FlightAware ADS-B (BEX / EGUB)
TLV - MAN,EasyJet,EZY2262,A320,18/06/2023,Mon 04:16:01 AM,52.4432,0.8376,← 293°,453,521,"35,800",-25,FlightAware ADS-B (HUY / EGNJ)
TLV - MAN,EasyJet,EZY2262,A320,18/06/2023,Mon 04:16:30 AM,52.4659,0.7495,← 293°,454,522,"35,575", ,FlightAware ADS-B (EMA / EGNX)
TLV - MAN,EasyJet,EZY2262,A320,18/06/2023,Mon 04:17:00 AM,52.491,0.6514,← 293°,456,525,"35,300",-200,FlightAware ADS-B (CVT / EGBE)
TLV - MAN,EasyJet,EZY2262,A320,18/06/2023,Mon 04:17:30 AM,52.5153,0.5564,← 293°,457,526,"35,100",-425,FlightAware ADS-B (EGKE)
TLV - MAN,EasyJet,EZY2262,A320,18/06/2023,Mon 04:18:00 AM,52.5392,0.4627,← 293°,456,525,"34,825",-500,FlightAware ADS-B (LGW / EGKK)
TLV - MAN,EasyJet,EZY2262,A320,18/06/2023,Mon 04:18:30 AM,52.5643,0.364,← 293°,456,525,"34,675",-475,FlightAware ADS-B (QUY / EGUY)
TLV - MAN,EasyJet,EZY2262,A320,18/06/2023,Mon 04:19:00 AM,52.5875,0.2714,← 292°,459,528,"34,475",-475,FlightAware ADS-B (EGCR)
TLV - MAN,EasyJet,EZY2262,A320,18/06/2023,Mon 04:19:30 AM,52.6117,0.1749,← 293°,454,522,"34,250",-510,FlightAware ADS-B (EGBO)
TLV - MAN,EasyJet,EZY2262,A320,18/06/2023,Mon 04:19:50 AM,52.6271,0.1132,← 292°,451,519,"33,950",-477,FlightAware ADS-B (MAN / EGCC)
TLV - MAN,EasyJet,EZY2262,A320,18/06/2023,Mon 04:20:14 AM,52.6459,0.0374,← 292°,451,519,"33,350",-472,FlightAware ADS-B (BRS / EGGD)
TLV - MAN,EasyJet,EZY2262,A320,18/06/2023,Mon 04:20:44 AM,52.6712,-0.0647,← 292°,451,519,"31,950",-594,FlightAware ADS-B (GLZ / EHGR)
TLV - MAN,EasyJet,EZY2262,A320,18/06/2023,Mon 04:21:07 AM,52.6889,-0.1357,← 292°,447,514,"30,550","-1,019",FlightAware ADS-B (LTN / EGGW)
TLV - MAN,EasyJet,EZY2262,A320,18/06/2023,Mon 04:21:37 AM,52.7124,-0.2313,← 292°,442,509,"29,900","-2,000",FlightAware ADS-B (EGSQ)
TLV - MAN,EasyJet,EZY2262,A320,18/06/2023,Mon 04:22:07 AM,52.7357,-0.3265,← 292°,433,498,"28,150","-2,800",FlightAware ADS-B (EGTC)
TLV - MAN,EasyJet,EZY2262,A320,18/06/2023,Mon 04:22:37 AM,52.7589,-0.4216,← 292°,434,499,"26,600","-2,674",FlightAware ADS-B (BHX / EGBB)
TLV - MAN,EasyJet,EZY2262,A320,18/06/2023,Mon 04:22:53 AM,52.771,-0.4714,← 292°,426,490,"25,400","-2,618",FlightAware ADS-B (GLO / EGBJ)
TLV - MAN,EasyJet,EZY2262,A320,18/06/2023,Mon 04:23:32 AM,52.8,-0.5908,← 292°,417,480,"24,275","-2,870",FlightAware ADS-B (LHR / EGLL)
TLV - MAN,EasyJet,EZY2262,A320,18/06/2023,Mon 04:24:02 AM,52.8222,-0.6837,← 292°,409,471,"22,550","-2,750",FlightAware ADS-B (EGBS)
TLV - MAN,EasyJet,EZY2262,A320,18/06/2023,Mon 04:24:32 AM,52.8442,-0.7746,← 292°,409,471,"21,125","-2,325",FlightAware ADS-B (LBA / EGNM)
TLV - MAN,EasyJet,EZY2262,A320,18/06/2023,Mon 04:25:02 AM,52.8657,-0.8639,← 292°,399,459,"19,900","-2,443",FlightAware ADS-B (EGTC)
TLV - MAN,EasyJet,EZY2262,A320,18/06/2023,Mon 04:25:42 AM,52.8934,-0.9804,← 291°,399,459,"18,425","-2,700",FlightAware ADS-B (DUB / EIDW)
TLV - MAN,EasyJet,EZY2262,A320,18/06/2023,Mon 04:26:12 AM,52.9146,-1.0701,← 291°,405,466,"16,650","-2,650",FlightAware ADS-B (EGDT)
TLV - MAN,EasyJet,EZY2262,A320,18/06/2023,Mon 04:26:42 AM,52.9343,-1.1539,← 291°,407,468,"15,675","-2,700",FlightAware ADS-B (ORM / EGBK)
TLV - MAN,EasyJet,EZY2262,A320,18/06/2023,Mon 04:27:12 AM,52.9543,-1.239,← 291°,403,464,"14,300","-3,421",FlightAware ADS-B (LTN / EGGW)
TLV - MAN,EasyJet,EZY2262,A320,18/06/2023,Mon 04:27:39 AM,52.9741,-1.322,← 293°,391,450,"13,150","-3,587",FlightAware ADS-B (LPL / EGGP)
TLV - MAN,EasyJet,EZY2262,A320,18/06/2023,Mon 04:27:58 AM,52.9913,-1.3721,← 302°,381,438,"11,900","-2,878",FlightAware ADS-B (EGBS)
TLV - MAN,EasyJet,EZY2262,A320,18/06/2023,Mon 04:28:28 AM,53.0213,-1.4471,← 304°,377,434,"10,500","-2,525",FlightAware ADS-B (BHX / EGBB)
TLV - MAN,EasyJet,EZY2262,A320,18/06/2023,Mon 04:28:58 AM,53.0521,-1.5237,← 304°,377,434,"9,600","-2,400",FlightAware ADS-B (EGSB)
TLV - MAN,EasyJet,EZY2262,A320,18/06/2023,Mon 04:29:28 AM,53.0803,-1.5944,← 303°,374,430,"9,225","-2,650",FlightAware ADS-B (ORM / EGBK)
TLV - MAN,EasyJet,EZY2262,A320,18/06/2023,Mon 04:29:58 AM,53.1099,-1.6714,← 303°,342,394,"8,775","-2,875",FlightAware ADS-B (EMA / EGNX)
TLV - MAN,EasyJet,EZY2262,A320,18/06/2023,Mon 04:30:16 AM,53.1287,-1.714,← 312°,322,371,"8,450","-2,186",FlightAware ADS-B (CVT / EGBE)
TLV - MAN,EasyJet,EZY2262,A320,18/06/2023,Mon 04:30:33 AM,53.1539,-1.7446,↖ 326°,296,341,"8,025","-1,053",FlightAware ADS-B (GLO / EGBJ)
TLV - MAN,EasyJet,EZY2262,A320,18/06/2023,Mon 04:31:03 AM,53.1946,-1.7878,↖ 327°,279,321,"7,150",-830,FlightAware ADS-B (HRT / EGXU)
TLV - MAN,EasyJet,EZY2262,A320,18/06/2023,Mon 04:31:29 AM,53.2261,-1.82,↖ 331°,278,320,"6,025",-804,FlightAware ADS-B (EMA / EGNX)
TLV - MAN,EasyJet,EZY2262,A320,18/06/2023,Mon 04:31:59 AM,53.2649,-1.8532,↖ 333°,269,310,"5,400","-1,300",FlightAware ADS-B (GLO / EGBJ)
TLV - MAN,EasyJet,EZY2262,A320,18/06/2023,Mon 04:32:29 AM,53.3,-1.8828,↖ 333°,255,293,"4,600","-2,000",FlightAware ADS-B (MAN / EGCC)
TLV - MAN,EasyJet,EZY2262,A320,18/06/2023,Mon 04:32:59 AM,53.3335,-1.9123,↖ 332°,233,268,"4,075","-2,188",FlightAware ADS-B (LPL / EGGP)
TLV - MAN,EasyJet,EZY2262,A320,18/06/2023,Mon 04:33:17 AM,53.3545,-1.9313,↖ 332°,213,245,"3,700","-1,781",FlightAware ADS-B (MAN / EGCC)
TLV - MAN,EasyJet,EZY2262,A320,18/06/2023,Mon 04:33:47 AM,53.3865,-1.96,↖ 332°,198,228,"3,500","-1,325",FlightAware ADS-B (EGOS)
TLV - MAN,EasyJet,EZY2262,A320,18/06/2023,Mon 04:34:17 AM,53.4174,-1.9871,↖ 333°,183,211,"3,275",-947,FlightAware ADS-B (MAN / EGCC)
TLV - MAN,EasyJet,EZY2262,A320,18/06/2023,Mon 04:34:44 AM,53.4402,-2.007,↖ 330°,177,204,"3,000",-802,FlightAware ADS-B (LPL / EGGP)
TLV - MAN,EasyJet,EZY2262,A320,18/06/2023,Mon 04:35:00 AM,53.4497,-2.0254,← 297°,178,205,"2,750",-729,FlightAware ADS-B (EGCM)
TLV - MAN,EasyJet,EZY2262,A320,18/06/2023,Mon 04:35:19 AM,53.4521,-2.0528,← 272°,174,200,"2,450",-833,FlightAware ADS-B (LBA / EGNM)
TLV - MAN,EasyJet,EZY2262,A320,18/06/2023,Mon 04:35:36 AM,53.4491,-2.0749,↙ 243°,162,186,"2,025",-768,FlightAware ADS-B (EGCB)
TLV - MAN,EasyJet,EZY2262,A320,18/06/2023,Mon 04:36:00 AM,53.4371,-2.1016,↙ 232°,136,157,"1,625",-717,FlightAware ADS-B (CEG / EGNR)
TLV - MAN,EasyJet,EZY2262,A320,18/06/2023,Mon 04:36:22 AM,53.4252,-2.1269,↙ 231°,124,143,925,-837,FlightAware ADS-B (MAN / EGCC)
TLV - MAN,EasyJet,EZY2262,A320,18/06/2023,Mon 04:36:52 AM,53.4113,-2.1556,↙ 231°,125,144,750,-853,FlightAware ADS-B (MAN / EGCC)
TLV - MAN,EasyJet,EZY2262,A320,18/06/2023,Mon 04:37:20 AM,53.3991,-2.1812,↙ 231°,127,146,575,-717,Surface and Near-Surface
TLV - MAN,EasyJet,EZY2262,A320,18/06/2023,Mon 04:38:24 AM,53.3757,-2.2295,↙ 232°,130,150,400,-656,FlightAware ADS-B (EGCB)
TLV - MAN,EasyJet,EZY2262,A320,18/06/2023,Mon 04:38:40 AM,53.37,-2.2413,↙ 231°,,,,-656,FlightAware ADS-B (EGCB)
TLV - MAN,EasyJet,EZY2262,A320,18/06/2023,Mon 04:38:56 AM,53.3642,-2.2533,↙ 231°,,,,-656,FlightAware ADS-B (MAN / EGCC)
TLV - MAN,EasyJet,EZY2262,A320,18/06/2023,Mon 04:39:12 AM,53.3584,-2.2654,↙ 231°,,,,-656,FlightAware ADS-B (MAN / EGCC)
