Route,Airline,Flight Num,Aircraft,Date,Time,Latitude,Longitude,Course,Kts,mph,feet,Rate,Rating Facility
TLV - VIE,Austrian Airlines,AUA862,A320,29/06/2023,Thu 07:30:47 PM,32.0097,34.8415,← 258°,166,191,"1,675", ,FlightAware ADS-B (TLV / LLBG)
TLV - VIE,Austrian Airlines,AUA862,A320,29/06/2023,Thu 07:31:03 PM,32.0069,34.8272,← 257°,165,190,"2,200","1,781",FlightAware ADS-B (AKT / LCRA)
TLV - VIE,Austrian Airlines,AUA862,A320,29/06/2023,Thu 07:31:19 PM,32.0041,34.8139,← 257°,167,192,"2,625","1,734",FlightAware ADS-B (LCA / LCLK)
TLV - VIE,Austrian Airlines,AUA862,A320,29/06/2023,Thu 07:31:35 PM,32.0012,34.8,← 256°,165,190,"3,125","1,423",FlightAware ADS-B (TLV / LLBG)
TLV - VIE,Austrian Airlines,AUA862,A320,29/06/2023,Thu 07:31:58 PM,31.9966,34.7782,← 256°,181,208,"3,550",946,FlightAware ADS-B (SDV / LLSD)
TLV - VIE,Austrian Airlines,AUA862,A320,29/06/2023,Thu 07:32:21 PM,31.9917,34.7547,← 259°,206,237,"3,850",808,FlightAware ADS-B (LLEK)
TLV - VIE,Austrian Airlines,AUA862,A320,29/06/2023,Thu 07:32:37 PM,31.994,34.7365,← 289°,220,253,"4,075",978,FlightAware ADS-B (TLV / LLBG)
TLV - VIE,Austrian Airlines,AUA862,A320,29/06/2023,Thu 07:33:07 PM,32.0064,34.6991,← 292°,259,298,"4,600","1,725",FlightAware ADS-B (BEV / LLBS)
TLV - VIE,Austrian Airlines,AUA862,A320,29/06/2023,Thu 07:33:37 PM,32.02,34.6589,← 291°,269,310,"5,800","2,125",FlightAware ADS-B (LLHS)
TLV - VIE,Austrian Airlines,AUA862,A320,29/06/2023,Thu 07:33:55 PM,32.0271,34.6339,← 283°,274,315,"6,300","1,594",FlightAware ADS-B (AKT / LCRA)
TLV - VIE,Austrian Airlines,AUA862,A320,29/06/2023,Thu 07:34:25 PM,32.0299,34.5873,← 273°,276,318,"7,075","1,328",FlightAware ADS-B (BEV / LLBS)
TLV - VIE,Austrian Airlines,AUA862,A320,29/06/2023,Thu 07:34:56 PM,32.0319,34.5426,← 273°,278,320,"7,650","1,234",FlightAware ADS-B (AKT / LCRA)
TLV - VIE,Austrian Airlines,AUA862,A320,29/06/2023,Thu 07:35:27 PM,32.0343,34.4931,← 273°,280,322,"8,350","1,828",FlightAware ADS-B (BEY / OLBA)
TLV - VIE,Austrian Airlines,AUA862,A320,29/06/2023,Thu 07:36:32 PM,32.0395,34.3933,← 274°,295,339,"10,575","1,427",FlightAware ADS-B (TLV / LLBG)
TLV - VIE,Austrian Airlines,AUA862,A320,29/06/2023,Thu 07:37:31 PM,32.0636,34.2968,← 290°,329,379,"11,300",692,FlightAware ADS-B (BEV / LLBS)
TLV - VIE,Austrian Airlines,AUA862,A320,29/06/2023,Thu 07:38:03 PM,32.0842,34.2389,← 293°,370,426,"11,625",708,FlightAware ADS-B (TLV / LLBG)
TLV - VIE,Austrian Airlines,AUA862,A320,29/06/2023,Thu 07:38:43 PM,32.1116,34.1602,← 291°,752,865,"12,150","1,114",FlightAware ADS-B (TLV / LLBG)
TLV - VIE,Austrian Airlines,AUA862,A320,29/06/2023,Thu 07:39:13 PM,32.1322,34.1005,← 292°,396,456,"12,925","1,435",FlightAware ADS-B (TLV / LLBG)
TLV - VIE,Austrian Airlines,AUA862,A320,29/06/2023,Thu 07:40:38 PM,32.2012,33.937,← 306°,404,465,"14,900","1,308",FlightAware MLAT (5 sites)
TLV - VIE,Austrian Airlines,AUA862,A320,29/06/2023,Thu 07:41:10 PM,32.2381,33.8785,← 305°,412,474,"15,475","1,008",FlightAware MLAT (6 sites)
TLV - VIE,Austrian Airlines,AUA862,A320,29/06/2023,Thu 07:41:42 PM,32.2734,33.8192,← 305°,416,479,"15,975","1,190",FlightAware MLAT (6 sites)
TLV - VIE,Austrian Airlines,AUA862,A320,29/06/2023,Thu 07:43:22 PM,32.4214,33.6991,↖ 326°,427,491,"18,450", ,Estimated
TLV - VIE,Austrian Airlines,AUA862,A320,29/06/2023,Thu 07:43:40 PM,32.4109,33.6057,← 314°,431,496,"18,975", ,FlightAware MLAT (4 sites)
TLV - VIE,Austrian Airlines,AUA862,A320,29/06/2023,Thu 07:44:10 PM,32.4568,33.5517,← 315°,432,497,"20,400",983,FlightAware ADS-B (SDV / LLSD)
TLV - VIE,Austrian Airlines,AUA862,A320,29/06/2023,Thu 07:45:39 PM,32.5803,33.4044,← 315°,797,917,"21,050",915,FlightAware MLAT (5 sites)
TLV - VIE,Austrian Airlines,AUA862,A320,29/06/2023,Thu 07:46:26 PM,32.6494,33.3232,↖ 331°,438,504,"21,650",630,FlightAware ADS-B (BEY / OLBA)
TLV - VIE,Austrian Airlines,AUA862,A320,29/06/2023,Thu 07:47:38 PM,32.7503,33.2033,↖ 320°,446,513,"22,175",649,FlightAware MLAT (5 sites)
TLV - VIE,Austrian Airlines,AUA862,A320,29/06/2023,Thu 07:48:10 PM,32.8033,33.1524,↖ 320°,450,518,"22,650",612,FlightAware ADS-B (LLEK)
TLV - VIE,Austrian Airlines,AUA862,A320,29/06/2023,Thu 07:49:16 PM,32.9071,33.0478,↖ 317°,455,524,"22,925",455,FlightAware MLAT (4 sites)
TLV - VIE,Austrian Airlines,AUA862,A320,29/06/2023,Thu 07:49:49 PM,32.9549,32.9924,↖ 317°,456,525,"23,275",595,FlightAware ADS-B (TLV / LLBG)
TLV - VIE,Austrian Airlines,AUA862,A320,29/06/2023,Thu 07:50:19 PM,33.0022,32.9403,↖ 317°,454,522,"23,625",689,FlightAware ADS-B (HFA / LLHA)
TLV - VIE,Austrian Airlines,AUA862,A320,29/06/2023,Thu 07:50:50 PM,33.0499,32.888,↖ 317°,453,521,"24,025",726,FlightAware ADS-B (HFA / LLHA)
TLV - VIE,Austrian Airlines,AUA862,A320,29/06/2023,Thu 07:51:21 PM,33.0996,32.8337,↖ 317°,455,524,"24,225",590,FlightAware ADS-B (LCA / LCLK)
TLV - VIE,Austrian Airlines,AUA862,A320,29/06/2023,Thu 07:51:51 PM,33.1456,32.7831,↖ 317°,488,562,"24,450",381,FlightAware ADS-B (LCA / LCLK)
TLV - VIE,Austrian Airlines,AUA862,A320,29/06/2023,Thu 07:52:28 PM,33.2016,32.7217,↖ 326°,459,528,"24,775",423,FlightAware ADS-B (HFA / LLHA)
TLV - VIE,Austrian Airlines,AUA862,A320,29/06/2023,Thu 07:53:09 PM,33.2672,32.6491,↖ 317°,459,528,"25,125",570,FlightAware ADS-B (HFA / LLHA)
TLV - VIE,Austrian Airlines,AUA862,A320,29/06/2023,Thu 07:53:39 PM,33.3146,32.5969,↖ 317°,457,526,"25,400",615,FlightAware ADS-B (GZP / LTFG)
TLV - VIE,Austrian Airlines,AUA862,A320,29/06/2023,Thu 07:54:10 PM,33.362,32.5446,↖ 317°,456,525,"25,800",664,FlightAware ADS-B (BEY / OLBA)
TLV - VIE,Austrian Airlines,AUA862,A320,29/06/2023,Thu 07:54:40 PM,33.4098,32.4916,↖ 317°,452,520,"26,250",836,FlightAware ADS-B (AKT / LCRA)
TLV - VIE,Austrian Airlines,AUA862,A320,29/06/2023,Thu 07:55:11 PM,33.4561,32.4404,↖ 317°,452,520,"26,625",798,FlightAware ADS-B (GZP / LTFG)
TLV - VIE,Austrian Airlines,AUA862,A320,29/06/2023,Thu 07:55:42 PM,33.5051,32.3862,↖ 317°,450,518,"26,950",689,FlightAware ADS-B (BEY / OLBA)
TLV - VIE,Austrian Airlines,AUA862,A320,29/06/2023,Thu 07:56:12 PM,33.5465,32.3403,↖ 317°,450,518,"27,300",675,FlightAware ADS-B (PFO / LCPH)
TLV - VIE,Austrian Airlines,AUA862,A320,29/06/2023,Thu 07:56:42 PM,33.5965,32.2847,↖ 317°,449,517,"27,650",700,FlightAware ADS-B (LCA / LCLK)
TLV - VIE,Austrian Airlines,AUA862,A320,29/06/2023,Thu 07:57:12 PM,33.6424,32.2335,↖ 317°,449,517,"27,975",675,FlightAware ADS-B (LLHZ)
TLV - VIE,Austrian Airlines,AUA862,A320,29/06/2023,Thu 07:57:42 PM,33.6865,32.1844,↖ 317°,447,514,"28,350",700,FlightAware ADS-B (LCA / LCLK)
TLV - VIE,Austrian Airlines,AUA862,A320,29/06/2023,Thu 07:58:12 PM,33.7338,32.1317,↖ 317°,445,512,"28,700",713,FlightAware ADS-B (BEY / OLBA)
TLV - VIE,Austrian Airlines,AUA862,A320,29/06/2023,Thu 07:58:43 PM,33.7788,32.0811,↖ 317°,442,509,"29,100",738,FlightAware ADS-B (BEY / OLBA)
TLV - VIE,Austrian Airlines,AUA862,A320,29/06/2023,Thu 07:59:13 PM,33.8249,32.0295,↖ 317°,440,506,"29,500",800,FlightAware ADS-B (BEY / OLBA)
TLV - VIE,Austrian Airlines,AUA862,A320,29/06/2023,Thu 07:59:43 PM,33.8689,31.9801,↖ 317°,437,503,"29,925",811,FlightAware ADS-B (LCA / LCLK)
TLV - VIE,Austrian Airlines,AUA862,A320,29/06/2023,Thu 08:00:14 PM,33.9154,31.9278,↖ 317°,434,499,"30,325",811,FlightAware ADS-B (BEY / OLBA)
TLV - VIE,Austrian Airlines,AUA862,A320,29/06/2023,Thu 08:00:44 PM,33.959,31.8788,↖ 317°,432,497,"30,750",811,FlightAware ADS-B (BEY / OLBA)
TLV - VIE,Austrian Airlines,AUA862,A320,29/06/2023,Thu 08:01:15 PM,34.0054,31.8265,↖ 317°,429,494,"31,125",787,FlightAware ADS-B (LCA / LCLK)
TLV - VIE,Austrian Airlines,AUA862,A320,29/06/2023,Thu 08:01:45 PM,34.0466,31.7799,↖ 317°,429,494,"31,425",675,FlightAware ADS-B (PFO / LCPH)
TLV - VIE,Austrian Airlines,AUA862,A320,29/06/2023,Thu 08:02:15 PM,34.0885,31.7324,↖ 317°,432,497,"31,650",525,FlightAware ADS-B (PFO / LCPH)
TLV - VIE,Austrian Airlines,AUA862,A320,29/06/2023,Thu 08:02:45 PM,34.1338,31.6811,↖ 317°,434,499,"31,875",403,FlightAware ADS-B (LCA / LCLK)
TLV - VIE,Austrian Airlines,AUA862,A320,29/06/2023,Thu 08:03:22 PM,34.1883,31.6193,↖ 317°,438,504,"32,000",292,FlightAware ADS-B (LCA / LCLK)
TLV - VIE,Austrian Airlines,AUA862,A320,29/06/2023,Thu 08:03:57 PM,34.2381,31.5627,↖ 317°,442,509,"32,000",115,FlightAware ADS-B (ADA / LTAF)
TLV - VIE,Austrian Airlines,AUA862,A320,29/06/2023,Thu 08:04:27 PM,34.2837,31.5107,↖ 317°,442,509,"32,000", ,FlightAware ADS-B (ADA / LTAF)
TLV - VIE,Austrian Airlines,AUA862,A320,29/06/2023,Thu 08:04:57 PM,34.3306,31.4572,↖ 317°,442,509,"32,000", ,FlightAware ADS-B (BEY / OLBA)
TLV - VIE,Austrian Airlines,AUA862,A320,29/06/2023,Thu 08:05:28 PM,34.3763,31.405,↖ 317°,441,507,"32,000", ,FlightAware ADS-B (PFO / LCPH)
TLV - VIE,Austrian Airlines,AUA862,A320,29/06/2023,Thu 08:05:58 PM,34.4205,31.3544,↖ 317°,441,507,"32,000", ,FlightAware ADS-B (PFO / LCPH)
TLV - VIE,Austrian Airlines,AUA862,A320,29/06/2023,Thu 08:06:28 PM,34.4652,31.3034,↖ 317°,443,510,"32,000", ,FlightAware ADS-B (PFO / LCPH)
TLV - VIE,Austrian Airlines,AUA862,A320,29/06/2023,Thu 08:07:06 PM,34.5189,31.2417,↖ 317°,444,511,"32,025",19,FlightAware ADS-B (LCA / LCLK)
TLV - VIE,Austrian Airlines,AUA862,A320,29/06/2023,Thu 08:07:48 PM,34.5819,31.1691,↖ 316°,445,512,"32,025",21,FlightAware ADS-B (LCA / LCLK)
TLV - VIE,Austrian Airlines,AUA862,A320,29/06/2023,Thu 08:08:18 PM,34.6274,31.1167,↖ 316°,442,509,"32,300",275,FlightAware ADS-B (LCA / LCLK)
TLV - VIE,Austrian Airlines,AUA862,A320,29/06/2023,Thu 08:08:48 PM,34.6726,31.0646,↖ 316°,437,503,"32,775",738,FlightAware ADS-B (PFO / LCPH)
TLV - VIE,Austrian Airlines,AUA862,A320,29/06/2023,Thu 08:09:19 PM,34.7176,31.0126,↖ 316°,431,496,"33,275",959,FlightAware ADS-B (NIC / LCNC)
TLV - VIE,Austrian Airlines,AUA862,A320,29/06/2023,Thu 08:09:49 PM,34.7618,30.9615,↖ 316°,427,491,"33,725",950,FlightAware ADS-B (NIC / LCNC)
TLV - VIE,Austrian Airlines,AUA862,A320,29/06/2023,Thu 08:10:19 PM,34.8049,30.9115,↖ 316°,425,489,"34,000",725,FlightAware ADS-B (NIC / LCNC)
TLV - VIE,Austrian Airlines,AUA862,A320,29/06/2023,Thu 08:10:49 PM,34.8466,30.863,↖ 316°,431,496,"34,000",275,FlightAware ADS-B (BEY / OLBA)
TLV - VIE,Austrian Airlines,AUA862,A320,29/06/2023,Thu 08:11:19 PM,34.8901,30.8122,↖ 316°,438,504,"34,000", ,FlightAware ADS-B (PFO / LCPH)
TLV - VIE,Austrian Airlines,AUA862,A320,29/06/2023,Thu 08:11:49 PM,34.934,30.761,↖ 316°,437,503,"34,000", ,FlightAware ADS-B (BEY / OLBA)
TLV - VIE,Austrian Airlines,AUA862,A320,29/06/2023,Thu 08:12:19 PM,34.9775,30.7104,↖ 316°,434,499,"34,000", ,FlightAware ADS-B (BEY / OLBA)
TLV - VIE,Austrian Airlines,AUA862,A320,29/06/2023,Thu 08:12:49 PM,35.0218,30.6588,↖ 316°,432,497,"34,000", ,FlightAware ADS-B (PFO / LCPH)
TLV - VIE,Austrian Airlines,AUA862,A320,29/06/2023,Thu 08:13:20 PM,35.0649,30.6083,↖ 316°,429,494,"34,000", ,FlightAware ADS-B (LCA / LCLK)
TLV - VIE,Austrian Airlines,AUA862,A320,29/06/2023,Thu 08:13:50 PM,35.1073,30.5585,↖ 316°,427,491,"33,975",-25,FlightAware ADS-B (LCA / LCLK)
TLV - VIE,Austrian Airlines,AUA862,A320,29/06/2023,Thu 08:14:20 PM,35.1501,30.5083,↖ 316°,427,491,"33,950",-50,FlightAware ADS-B (AYT / LTAI)
TLV - VIE,Austrian Airlines,AUA862,A320,29/06/2023,Thu 08:14:50 PM,35.1915,30.4596,↖ 316°,427,491,"33,950",-25,FlightAware ADS-B (LCA / LCLK)
TLV - VIE,Austrian Airlines,AUA862,A320,29/06/2023,Thu 08:15:21 PM,35.2371,30.406,↖ 316°,428,493,"33,975",24,FlightAware ADS-B (LCA / LCLK)
TLV - VIE,Austrian Airlines,AUA862,A320,29/06/2023,Thu 08:15:52 PM,35.2819,30.3531,↖ 316°,427,491,"34,000",49,FlightAware ADS-B (NIC / LCNC)
TLV - VIE,Austrian Airlines,AUA862,A320,29/06/2023,Thu 08:16:22 PM,35.3243,30.303,↖ 316°,426,490,"34,025",49,FlightAware ADS-B (NIC / LCNC)
TLV - VIE,Austrian Airlines,AUA862,A320,29/06/2023,Thu 08:16:53 PM,35.3672,30.2521,↖ 316°,428,493,"34,000", ,FlightAware ADS-B (PFO / LCPH)
TLV - VIE,Austrian Airlines,AUA862,A320,29/06/2023,Thu 08:17:23 PM,35.411,30.2003,↖ 316°,429,494,"33,975",-50,FlightAware ADS-B (GZP / LTFG)
TLV - VIE,Austrian Airlines,AUA862,A320,29/06/2023,Thu 08:17:53 PM,35.4532,30.1501,↖ 316°,430,495,"34,000", ,FlightAware ADS-B (GZP / LTFG)
TLV - VIE,Austrian Airlines,AUA862,A320,29/06/2023,Thu 08:18:23 PM,35.4953,30.1001,↖ 316°,430,495,"34,025",50,FlightAware ADS-B (PFO / LCPH)
TLV - VIE,Austrian Airlines,AUA862,A320,29/06/2023,Thu 08:18:53 PM,35.539,30.048,↖ 316°,429,494,"34,050",50,FlightAware ADS-B (PFO / LCPH)
TLV - VIE,Austrian Airlines,AUA862,A320,29/06/2023,Thu 08:19:23 PM,35.5816,29.9974,↖ 316°,427,491,"34,050",25,FlightAware ADS-B (GZP / LTFG)
TLV - VIE,Austrian Airlines,AUA862,A320,29/06/2023,Thu 08:19:54 PM,35.6253,29.9455,↖ 316°,428,493,"34,025",-23,FlightAware ADS-B (PFO / LCPH)
TLV - VIE,Austrian Airlines,AUA862,A320,29/06/2023,Thu 08:20:27 PM,35.6741,29.891,↖ 318°,427,491,"33,975",-67,FlightAware ADS-B (GZP / LTFG)
TLV - VIE,Austrian Airlines,AUA862,A320,29/06/2023,Thu 08:21:01 PM,35.7243,29.8354,↖ 318°,427,491,"34,000",-23,FlightAware ADS-B (ECN / LCEN)
TLV - VIE,Austrian Airlines,AUA862,A320,29/06/2023,Thu 08:21:32 PM,35.7688,29.7857,↖ 318°,426,490,"34,000",25,FlightAware ADS-B (ECN / LCEN)
TLV - VIE,Austrian Airlines,AUA862,A320,29/06/2023,Thu 08:22:02 PM,35.8133,29.7356,↖ 318°,426,490,"34,000", ,FlightAware ADS-B (ECN / LCEN)
TLV - VIE,Austrian Airlines,AUA862,A320,29/06/2023,Thu 08:22:34 PM,35.8585,29.6847,↖ 318°,425,489,"34,000", ,FlightAware ADS-B (RHO / LGRP)
TLV - VIE,Austrian Airlines,AUA862,A320,29/06/2023,Thu 08:23:04 PM,35.9016,29.6361,↖ 317°,425,489,"34,000", ,FlightAware ADS-B (RHO / LGRP)
TLV - VIE,Austrian Airlines,AUA862,A320,29/06/2023,Thu 08:23:34 PM,35.9464,29.5856,↖ 318°,425,489,"34,000", ,FlightAware ADS-B (RHO / LGRP)
TLV - VIE,Austrian Airlines,AUA862,A320,29/06/2023,Thu 08:24:05 PM,35.9901,29.5362,↖ 318°,424,488,"34,000", ,FlightAware ADS-B (RHO / LGRP)
TLV - VIE,Austrian Airlines,AUA862,A320,29/06/2023,Thu 08:24:39 PM,36.0396,29.4801,↖ 317°,424,488,"34,000", ,FlightAware ADS-B (LCA / LCLK)
TLV - VIE,Austrian Airlines,AUA862,A320,29/06/2023,Thu 08:25:16 PM,36.0938,29.4187,↖ 317°,423,487,"34,000", ,FlightAware ADS-B (AYT / LTAI)
TLV - VIE,Austrian Airlines,AUA862,A320,29/06/2023,Thu 08:25:46 PM,36.137,29.3696,↖ 317°,423,487,"34,000", ,FlightAware ADS-B (ECN / LCEN)
TLV - VIE,Austrian Airlines,AUA862,A320,29/06/2023,Thu 08:26:16 PM,36.1791,29.3216,↖ 317°,424,488,"34,025",24,FlightAware ADS-B (DLM / LTBS)
TLV - VIE,Austrian Airlines,AUA862,A320,29/06/2023,Thu 08:26:48 PM,36.2258,29.2705,↖ 320°,422,486,"34,025",22,FlightAware ADS-B (JKH / LGHI)
TLV - VIE,Austrian Airlines,AUA862,A320,29/06/2023,Thu 08:27:23 PM,36.2809,29.2141,↖ 320°,419,482,"34,000",-21,FlightAware ADS-B (LTFA)
TLV - VIE,Austrian Airlines,AUA862,A320,29/06/2023,Thu 08:27:58 PM,36.3321,29.1609,↖ 320°,419,482,"33,975",-46,FlightAware ADS-B (ECN / LCEN)
TLV - VIE,Austrian Airlines,AUA862,A320,29/06/2023,Thu 08:28:28 PM,36.3755,29.1152,↖ 320°,421,484,"33,975",-25,FlightAware ADS-B (PFO / LCPH)
TLV - VIE,Austrian Airlines,AUA862,A320,29/06/2023,Thu 08:28:58 PM,36.4214,29.0667,↖ 320°,422,486,"33,975", ,FlightAware ADS-B (KGS / LGKO)
TLV - VIE,Austrian Airlines,AUA862,A320,29/06/2023,Thu 08:29:28 PM,36.4663,29.0194,↖ 320°,422,486,"34,000",25,FlightAware ADS-B (KGS / LGKO)
TLV - VIE,Austrian Airlines,AUA862,A320,29/06/2023,Thu 08:29:58 PM,36.5085,28.9747,↖ 320°,423,487,"34,025",48,FlightAware ADS-B (GZP / LTFG)
TLV - VIE,Austrian Airlines,AUA862,A320,29/06/2023,Thu 08:30:30 PM,36.5563,28.9241,↖ 319°,424,488,"34,025",23,FlightAware ADS-B (HER / LGIR)
TLV - VIE,Austrian Airlines,AUA862,A320,29/06/2023,Thu 08:31:02 PM,36.6031,28.8743,↖ 319°,423,487,"34,025", ,FlightAware ADS-B (HER / LGIR)
TLV - VIE,Austrian Airlines,AUA862,A320,29/06/2023,Thu 08:31:33 PM,36.651,28.8233,↖ 319°,422,486,"34,025", ,FlightAware ADS-B (RHO / LGRP)
TLV - VIE,Austrian Airlines,AUA862,A320,29/06/2023,Thu 08:32:04 PM,36.6956,28.7759,↖ 319°,421,484,"34,000",-25,FlightAware ADS-B (RHO / LGRP)
TLV - VIE,Austrian Airlines,AUA862,A320,29/06/2023,Thu 08:32:34 PM,36.7403,28.7283,↖ 319°,422,486,"33,975",-45,FlightAware ADS-B (RHO / LGRP)
TLV - VIE,Austrian Airlines,AUA862,A320,29/06/2023,Thu 08:33:10 PM,36.7962,28.6691,↖ 320°,422,486,"34,000", ,FlightAware ADS-B (USQ / LTBO)
TLV - VIE,Austrian Airlines,AUA862,A320,29/06/2023,Thu 08:33:41 PM,36.8421,28.6202,↖ 320°,422,486,"34,000",25,FlightAware ADS-B (JKH / LGHI)
TLV - VIE,Austrian Airlines,AUA862,A320,29/06/2023,Thu 08:34:11 PM,36.8866,28.573,↖ 320°,421,484,"34,025",25,FlightAware ADS-B (JKH / LGHI)
TLV - VIE,Austrian Airlines,AUA862,A320,29/06/2023,Thu 08:34:42 PM,36.9299,28.5269,↖ 319°,420,483,"34,000", ,FlightAware ADS-B (USQ / LTBO)
TLV - VIE,Austrian Airlines,AUA862,A320,29/06/2023,Thu 08:35:13 PM,36.9764,28.4773,↖ 319°,421,484,"34,000",-24,FlightAware ADS-B (RHO / LGRP)
TLV - VIE,Austrian Airlines,AUA862,A320,29/06/2023,Thu 08:35:45 PM,37.0248,28.4256,↖ 319°,420,483,"34,000", ,FlightAware ADS-B (LTFA)
TLV - VIE,Austrian Airlines,AUA862,A320,29/06/2023,Thu 08:36:15 PM,37.068,28.3792,↖ 319°,420,483,"34,000", ,FlightAware ADS-B (HER / LGIR)
TLV - VIE,Austrian Airlines,AUA862,A320,29/06/2023,Thu 08:36:46 PM,37.1133,28.3305,↖ 319°,420,483,"34,000", ,FlightAware ADS-B (KGS / LGKO)
TLV - VIE,Austrian Airlines,AUA862,A320,29/06/2023,Thu 08:37:16 PM,37.1585,28.2813,↖ 319°,420,483,"34,000", ,FlightAware ADS-B (HER / LGIR)
TLV - VIE,Austrian Airlines,AUA862,A320,29/06/2023,Thu 08:37:46 PM,37.2016,28.2345,↖ 319°,420,483,"34,025",24,FlightAware ADS-B (HER / LGIR)
TLV - VIE,Austrian Airlines,AUA862,A320,29/06/2023,Thu 08:38:19 PM,37.2509,28.1814,↖ 319°,420,483,"34,025",24,FlightAware ADS-B (GZP / LTFG)
TLV - VIE,Austrian Airlines,AUA862,A320,29/06/2023,Thu 08:38:49 PM,37.2935,28.1354,↖ 319°,420,483,"34,000",-25,FlightAware ADS-B (GZP / LTFG)
TLV - VIE,Austrian Airlines,AUA862,A320,29/06/2023,Thu 08:39:20 PM,37.3403,28.0849,↖ 319°,422,486,"33,975",-48,FlightAware ADS-B (AYT / LTAI)
TLV - VIE,Austrian Airlines,AUA862,A320,29/06/2023,Thu 08:39:51 PM,37.387,28.0342,↖ 319°,422,486,"34,000", ,FlightAware ADS-B (BJV / LTFE)
TLV - VIE,Austrian Airlines,AUA862,A320,29/06/2023,Thu 08:40:21 PM,37.4289,27.9887,↖ 319°,423,487,"34,000",25,FlightAware ADS-B (PFO / LCPH)
TLV - VIE,Austrian Airlines,AUA862,A320,29/06/2023,Thu 08:40:51 PM,37.476,27.9376,↖ 319°,423,487,"34,000", ,FlightAware ADS-B (BJV / LTFE)
TLV - VIE,Austrian Airlines,AUA862,A320,29/06/2023,Thu 08:41:21 PM,37.5202,27.8895,↖ 319°,425,489,"34,000", ,FlightAware ADS-B (BJV / LTFE)
TLV - VIE,Austrian Airlines,AUA862,A320,29/06/2023,Thu 08:41:52 PM,37.5649,27.8408,↖ 319°,426,490,"34,000", ,FlightAware ADS-B (BJV / LTFE)
TLV - VIE,Austrian Airlines,AUA862,A320,29/06/2023,Thu 08:42:22 PM,37.6084,27.7933,↖ 319°,429,494,"33,950",-50,FlightAware ADS-B (GZP / LTFG)
TLV - VIE,Austrian Airlines,AUA862,A320,29/06/2023,Thu 08:42:52 PM,37.6538,27.7433,↖ 319°,430,495,"34,025",25,FlightAware ADS-B (RHO / LGRP)
TLV - VIE,Austrian Airlines,AUA862,A320,29/06/2023,Thu 08:43:22 PM,37.6985,27.6944,↖ 319°,431,496,"34,025",75,FlightAware ADS-B (USQ / LTBO)
TLV - VIE,Austrian Airlines,AUA862,A320,29/06/2023,Thu 08:43:52 PM,37.7439,27.6445,↖ 319°,430,495,"34,025", ,FlightAware ADS-B (USQ / LTBO)
TLV - VIE,Austrian Airlines,AUA862,A320,29/06/2023,Thu 08:44:22 PM,37.7886,27.5952,↖ 319°,429,494,"34,000",-25,FlightAware ADS-B (USQ / LTBO)
TLV - VIE,Austrian Airlines,AUA862,A320,29/06/2023,Thu 08:44:52 PM,37.8338,27.5452,↖ 319°,432,497,"33,975",-50,FlightAware ADS-B (USQ / LTBO)
TLV - VIE,Austrian Airlines,AUA862,A320,29/06/2023,Thu 08:45:22 PM,37.8773,27.4972,↖ 319°,434,499,"34,000", ,FlightAware ADS-B (RHO / LGRP)
TLV - VIE,Austrian Airlines,AUA862,A320,29/06/2023,Thu 08:46:00 PM,37.9369,27.4314,↖ 319°,432,497,"34,050",62,FlightAware ADS-B (ISL / LTBA)
TLV - VIE,Austrian Airlines,AUA862,A320,29/06/2023,Thu 08:46:35 PM,37.9874,27.3754,↖ 319°,428,493,"34,050",44,FlightAware ADS-B (JSI / LGSK)
TLV - VIE,Austrian Airlines,AUA862,A320,29/06/2023,Thu 08:47:08 PM,38.0365,27.3209,↖ 319°,426,490,"34,025",-22,FlightAware ADS-B (KVA / LGKV)
TLV - VIE,Austrian Airlines,AUA862,A320,29/06/2023,Thu 08:47:44 PM,38.0924,27.2588,↖ 319°,426,490,"33,950",-90,FlightAware ADS-B (JKH / LGHI)
TLV - VIE,Austrian Airlines,AUA862,A320,29/06/2023,Thu 08:48:15 PM,38.1387,27.2072,↖ 319°,429,494,"33,950",-74,FlightAware ADS-B (ADB / LTBJ)
TLV - VIE,Austrian Airlines,AUA862,A320,29/06/2023,Thu 08:48:45 PM,38.1823,27.1584,↖ 319°,430,495,"33,950", ,FlightAware ADS-B (DLM / LTBS)
TLV - VIE,Austrian Airlines,AUA862,A320,29/06/2023,Thu 08:49:15 PM,38.2277,27.1077,↖ 319°,432,497,"33,975",25,FlightAware ADS-B (ISL / LTBA)
TLV - VIE,Austrian Airlines,AUA862,A320,29/06/2023,Thu 08:49:46 PM,38.2736,27.0563,↖ 319°,432,497,"34,050",97,FlightAware ADS-B (LTFA)
TLV - VIE,Austrian Airlines,AUA862,A320,29/06/2023,Thu 08:50:17 PM,38.3205,27.0039,↖ 319°,430,495,"34,025",48,FlightAware ADS-B (DLM / LTBS)
TLV - VIE,Austrian Airlines,AUA862,A320,29/06/2023,Thu 08:50:49 PM,38.3659,26.9533,↖ 319°,430,495,"34,000",-48,FlightAware ADS-B (ADB / LTBJ)
TLV - VIE,Austrian Airlines,AUA862,A320,29/06/2023,Thu 08:51:19 PM,38.4117,26.9029,↖ 319°,429,494,"34,000",-25,FlightAware ADS-B (ADB / LTBJ)
TLV - VIE,Austrian Airlines,AUA862,A320,29/06/2023,Thu 08:51:49 PM,38.4571,26.853,↖ 319°,430,495,"34,000", ,FlightAware ADS-B (ADB / LTBJ)
TLV - VIE,Austrian Airlines,AUA862,A320,29/06/2023,Thu 08:52:19 PM,38.502,26.8032,↖ 319°,430,495,"34,000", ,FlightAware ADS-B (ADB / LTBJ)
TLV - VIE,Austrian Airlines,AUA862,A320,29/06/2023,Thu 08:52:49 PM,38.5475,26.7527,↖ 319°,429,494,"34,000", ,FlightAware ADS-B (ADB / LTBJ)
TLV - VIE,Austrian Airlines,AUA862,A320,29/06/2023,Thu 08:53:19 PM,38.5926,26.7025,↖ 319°,428,493,"34,000", ,FlightAware ADS-B (ADB / LTBJ)
TLV - VIE,Austrian Airlines,AUA862,A320,29/06/2023,Thu 08:53:50 PM,38.6374,26.6526,↖ 319°,428,493,"34,000", ,FlightAware ADS-B (ADB / LTBJ)
TLV - VIE,Austrian Airlines,AUA862,A320,29/06/2023,Thu 08:54:20 PM,38.6824,26.6023,↖ 319°,427,491,"34,000", ,FlightAware ADS-B (ADB / LTBJ)
TLV - VIE,Austrian Airlines,AUA862,A320,29/06/2023,Thu 08:54:50 PM,38.7274,26.5519,↖ 319°,425,489,"34,000", ,FlightAware ADS-B (ADB / LTBJ)
TLV - VIE,Austrian Airlines,AUA862,A320,29/06/2023,Thu 08:55:20 PM,38.7712,26.5029,↖ 319°,425,489,"33,975",-25,FlightAware ADS-B (ADB / LTBJ)
TLV - VIE,Austrian Airlines,AUA862,A320,29/06/2023,Thu 08:55:50 PM,38.8163,26.4524,↖ 319°,427,491,"33,975",-25,FlightAware ADS-B (ADB / LTBJ)
TLV - VIE,Austrian Airlines,AUA862,A320,29/06/2023,Thu 08:56:21 PM,38.8604,26.4032,↖ 320°,423,487,"34,000",24,FlightAware ADS-B (ADB / LTBJ)
TLV - VIE,Austrian Airlines,AUA862,A320,29/06/2023,Thu 08:56:52 PM,38.9073,26.3495,← 314°,421,484,"34,000",23,FlightAware ADS-B (AXD / LGAL)
TLV - VIE,Austrian Airlines,AUA862,A320,29/06/2023,Thu 08:57:25 PM,38.9496,26.2862,← 310°,420,483,"34,000", ,FlightAware ADS-B (JSI / LGSK)
TLV - VIE,Austrian Airlines,AUA862,A320,29/06/2023,Thu 08:57:57 PM,38.9888,26.2263,← 310°,421,484,"33,975",-24,FlightAware ADS-B (JSI / LGSK)
TLV - VIE,Austrian Airlines,AUA862,A320,29/06/2023,Thu 08:58:28 PM,39.0279,26.1663,← 310°,423,487,"33,975",-24,FlightAware ADS-B (AXD / LGAL)
TLV - VIE,Austrian Airlines,AUA862,A320,29/06/2023,Thu 08:58:59 PM,39.0668,26.1066,← 310°,425,489,"34,000",25,FlightAware ADS-B (RHO / LGRP)
TLV - VIE,Austrian Airlines,AUA862,A320,29/06/2023,Thu 08:59:29 PM,39.1038,26.0496,← 310°,426,490,"34,000",25,FlightAware ADS-B (AXD / LGAL)
TLV - VIE,Austrian Airlines,AUA862,A320,29/06/2023,Thu 08:59:59 PM,39.1411,25.9917,← 310°,430,495,"34,000", ,FlightAware ADS-B (AXD / LGAL)
TLV - VIE,Austrian Airlines,AUA862,A320,29/06/2023,Thu 09:00:29 PM,39.181,25.9313,← 314°,434,499,"34,025",20,FlightAware ADS-B (CKZ / LTBH)
TLV - VIE,Austrian Airlines,AUA862,A320,29/06/2023,Thu 09:01:14 PM,39.2505,25.8558,↖ 320°,434,499,"34,000", ,FlightAware ADS-B (ISL / LTBA)
TLV - VIE,Austrian Airlines,AUA862,A320,29/06/2023,Thu 09:01:47 PM,39.2998,25.803,↖ 320°,434,499,"34,000",-24,FlightAware ADS-B (JAM / LBIA)
TLV - VIE,Austrian Airlines,AUA862,A320,29/06/2023,Thu 09:02:17 PM,39.3459,25.7535,↖ 320°,434,499,"34,000", ,FlightAware ADS-B (AXD / LGAL)
TLV - VIE,Austrian Airlines,AUA862,A320,29/06/2023,Thu 09:02:47 PM,39.393,25.7029,↖ 320°,434,499,"34,000", ,FlightAware ADS-B (JAM / LBIA)
TLV - VIE,Austrian Airlines,AUA862,A320,29/06/2023,Thu 09:03:17 PM,39.4387,25.6537,↖ 320°,434,499,"34,050",50,FlightAware ADS-B (AXD / LGAL)
TLV - VIE,Austrian Airlines,AUA862,A320,29/06/2023,Thu 09:03:47 PM,39.484,25.6049,↖ 320°,434,499,"34,425",425,FlightAware ADS-B (JKH / LGHI)
TLV - VIE,Austrian Airlines,AUA862,A320,29/06/2023,Thu 09:04:17 PM,39.531,25.5541,↖ 320°,430,495,"34,875",825,FlightAware ADS-B (JSI / LGSK)
TLV - VIE,Austrian Airlines,AUA862,A320,29/06/2023,Thu 09:04:47 PM,39.5761,25.5055,↖ 320°,425,489,"35,400",975,FlightAware ADS-B (JSI / LGSK)
TLV - VIE,Austrian Airlines,AUA862,A320,29/06/2023,Thu 09:05:17 PM,39.6232,25.4544,↖ 320°,422,486,"35,875","1,000",FlightAware ADS-B (GKD / LTFK)
TLV - VIE,Austrian Airlines,AUA862,A320,29/06/2023,Thu 09:05:47 PM,39.6691,25.4046,↖ 320°,428,493,"36,000",514,FlightAware ADS-B (CKZ / LTBH)
TLV - VIE,Austrian Airlines,AUA862,A320,29/06/2023,Thu 09:06:27 PM,39.7272,25.3416,↖ 320°,428,493,"36,000",107,FlightAware ADS-B (ATH / LGAV)
TLV - VIE,Austrian Airlines,AUA862,A320,29/06/2023,Thu 09:06:57 PM,39.7727,25.2921,↖ 320°,427,491,"36,000", ,FlightAware ADS-B (ATH / LGAV)
TLV - VIE,Austrian Airlines,AUA862,A320,29/06/2023,Thu 09:07:27 PM,39.8184,25.2422,↖ 320°,423,487,"36,000", ,FlightAware ADS-B (ATH / LGAV)
TLV - VIE,Austrian Airlines,AUA862,A320,29/06/2023,Thu 09:07:58 PM,39.8655,25.1907,↖ 320°,422,486,"36,000", ,FlightAware ADS-B (MJT / LGMT)
TLV - VIE,Austrian Airlines,AUA862,A320,29/06/2023,Thu 09:08:28 PM,39.9092,25.1428,↖ 320°,420,483,"35,975",-25,FlightAware ADS-B (MJT / LGMT)
TLV - VIE,Austrian Airlines,AUA862,A320,29/06/2023,Thu 09:08:59 PM,39.9562,25.0913,↖ 320°,420,483,"35,975",-25,FlightAware ADS-B (AXD / LGAL)
TLV - VIE,Austrian Airlines,AUA862,A320,29/06/2023,Thu 09:09:29 PM,39.9997,25.0436,↖ 320°,420,483,"35,975", ,FlightAware ADS-B (LGSV)
TLV - VIE,Austrian Airlines,AUA862,A320,29/06/2023,Thu 09:10:00 PM,40.0462,24.9925,↖ 320°,421,484,"35,950",-25,FlightAware ADS-B (AXD / LGAL)
TLV - VIE,Austrian Airlines,AUA862,A320,29/06/2023,Thu 09:10:30 PM,40.0905,24.9436,↖ 320°,424,488,"35,975", ,FlightAware ADS-B (AXD / LGAL)
TLV - VIE,Austrian Airlines,AUA862,A320,29/06/2023,Thu 09:11:00 PM,40.1359,24.8934,↖ 320°,425,489,"36,000",50,FlightAware ADS-B (AXD / LGAL)
TLV - VIE,Austrian Airlines,AUA862,A320,29/06/2023,Thu 09:11:30 PM,40.1809,24.8436,↖ 320°,426,490,"36,025",50,FlightAware ADS-B (AXD / LGAL)
TLV - VIE,Austrian Airlines,AUA862,A320,29/06/2023,Thu 09:12:00 PM,40.2259,24.7936,↖ 320°,426,490,"36,050",49,FlightAware ADS-B (AXD / LGAL)
TLV - VIE,Austrian Airlines,AUA862,A320,29/06/2023,Thu 09:12:31 PM,40.2717,24.7427,↖ 320°,426,490,"36,050",25,FlightAware ADS-B (AXD / LGAL)
TLV - VIE,Austrian Airlines,AUA862,A320,29/06/2023,Thu 09:13:01 PM,40.3163,24.6931,↖ 320°,424,488,"36,050", ,FlightAware ADS-B (AXD / LGAL)
TLV - VIE,Austrian Airlines,AUA862,A320,29/06/2023,Thu 09:13:31 PM,40.3619,24.6424,↖ 320°,422,486,"36,025",-25,FlightAware ADS-B (AXD / LGAL)
TLV - VIE,Austrian Airlines,AUA862,A320,29/06/2023,Thu 09:14:01 PM,40.4058,24.5936,↖ 320°,421,484,"36,000",-50,FlightAware ADS-B (AXD / LGAL)
TLV - VIE,Austrian Airlines,AUA862,A320,29/06/2023,Thu 09:14:31 PM,40.4512,24.5426,↖ 319°,420,483,"36,000",-25,FlightAware ADS-B (AXD / LGAL)
TLV - VIE,Austrian Airlines,AUA862,A320,29/06/2023,Thu 09:15:01 PM,40.4946,24.494,↖ 319°,419,482,"36,025",25,FlightAware ADS-B (AXD / LGAL)
TLV - VIE,Austrian Airlines,AUA862,A320,29/06/2023,Thu 09:15:32 PM,40.5406,24.4424,↖ 320°,417,480,"36,000", ,FlightAware ADS-B (AXD / LGAL)
TLV - VIE,Austrian Airlines,AUA862,A320,29/06/2023,Thu 09:16:02 PM,40.5839,24.3939,↖ 320°,417,480,"36,000",-25,FlightAware ADS-B (KZI / LGKZ)
TLV - VIE,Austrian Airlines,AUA862,A320,29/06/2023,Thu 09:16:32 PM,40.6293,24.3426,↖ 319°,418,481,"35,975",-25,FlightAware ADS-B (JAM / LBIA)
TLV - VIE,Austrian Airlines,AUA862,A320,29/06/2023,Thu 09:17:03 PM,40.6741,24.2918,↖ 319°,418,481,"35,975",-25,FlightAware ADS-B (JAM / LBIA)
TLV - VIE,Austrian Airlines,AUA862,A320,29/06/2023,Thu 09:17:33 PM,40.718,24.2421,↖ 319°,421,484,"35,975", ,FlightAware ADS-B (JAM / LBIA)
TLV - VIE,Austrian Airlines,AUA862,A320,29/06/2023,Thu 09:18:03 PM,40.7608,24.1937,↖ 319°,420,483,"36,000",25,FlightAware ADS-B (SKG / LGTS)
TLV - VIE,Austrian Airlines,AUA862,A320,29/06/2023,Thu 09:18:33 PM,40.8053,24.143,↖ 319°,421,484,"36,025",50,FlightAware ADS-B (SKG / LGTS)
TLV - VIE,Austrian Airlines,AUA862,A320,29/06/2023,Thu 09:19:03 PM,40.8497,24.0925,↖ 319°,420,483,"36,025",25,FlightAware ADS-B (SKG / LGTS)
TLV - VIE,Austrian Airlines,AUA862,A320,29/06/2023,Thu 09:19:33 PM,40.8928,24.0436,↖ 319°,420,483,"36,025", ,FlightAware ADS-B (PDV / LBPD)
TLV - VIE,Austrian Airlines,AUA862,A320,29/06/2023,Thu 09:20:03 PM,40.9374,23.9927,↖ 319°,420,483,"36,000",-25,FlightAware ADS-B (LGSV)
TLV - VIE,Austrian Airlines,AUA862,A320,29/06/2023,Thu 09:20:33 PM,40.9813,23.9424,↖ 319°,419,482,"36,025", ,FlightAware ADS-B (LGSV)
TLV - VIE,Austrian Airlines,AUA862,A320,29/06/2023,Thu 09:21:03 PM,41.0258,23.8914,↖ 319°,419,482,"36,000", ,FlightAware ADS-B (LGSV)
TLV - VIE,Austrian Airlines,AUA862,A320,29/06/2023,Thu 09:21:33 PM,41.0702,23.8405,↖ 319°,417,480,"36,025", ,FlightAware ADS-B (LGSV)
TLV - VIE,Austrian Airlines,AUA862,A320,29/06/2023,Thu 09:22:03 PM,41.1134,23.7909,↖ 319°,415,478,"36,000", ,FlightAware ADS-B (LBLS)
TLV - VIE,Austrian Airlines,AUA862,A320,29/06/2023,Thu 09:22:34 PM,41.1587,23.7387,↖ 319°,415,478,"35,975",-44,FlightAware ADS-B (SKG / LGTS)
TLV - VIE,Austrian Airlines,AUA862,A320,29/06/2023,Thu 09:23:11 PM,41.2117,23.6775,↖ 319°,415,478,"36,000", ,FlightAware ADS-B (CKZ / LTBH)
TLV - VIE,Austrian Airlines,AUA862,A320,29/06/2023,Thu 09:23:41 PM,41.2554,23.6267,↖ 319°,413,475,"36,000",24,FlightAware ADS-B (CKZ / LTBH)
TLV - VIE,Austrian Airlines,AUA862,A320,29/06/2023,Thu 09:24:13 PM,41.301,23.5739,↖ 319°,415,478,"35,975",-24,FlightAware ADS-B (AXD / LGAL)
TLV - VIE,Austrian Airlines,AUA862,A320,29/06/2023,Thu 09:24:44 PM,41.3461,23.5216,↖ 319°,417,480,"36,000", ,FlightAware ADS-B (AXD / LGAL)
TLV - VIE,Austrian Airlines,AUA862,A320,29/06/2023,Thu 09:25:12 PM,41.3881,23.4762,↖ 324°,421,484,"36,000",26,FlightAware ADS-B (SOF / LBSF)
TLV - VIE,Austrian Airlines,AUA862,A320,29/06/2023,Thu 09:25:42 PM,41.4367,23.4347,↖ 331°,425,489,"36,000", ,FlightAware ADS-B (LGSV)
TLV - VIE,Austrian Airlines,AUA862,A320,29/06/2023,Thu 09:26:03 PM,41.473,23.4098,↖ 334°,424,488,"36,025",29,FlightAware ADS-B (SKG / LGTS)
TLV - VIE,Austrian Airlines,AUA862,A320,29/06/2023,Thu 09:26:33 PM,41.5256,23.3758,↖ 334°,424,488,"36,000", ,FlightAware ADS-B (SKG / LGTS)
TLV - VIE,Austrian Airlines,AUA862,A320,29/06/2023,Thu 09:27:03 PM,41.578,23.3414,↖ 334°,424,488,"36,000",-25,FlightAware ADS-B (SKG / LGTS)
TLV - VIE,Austrian Airlines,AUA862,A320,29/06/2023,Thu 09:27:33 PM,41.6332,23.3053,↖ 334°,424,488,"36,000", ,FlightAware ADS-B (PDV / LBPD)
TLV - VIE,Austrian Airlines,AUA862,A320,29/06/2023,Thu 09:28:04 PM,41.687,23.2699,↖ 334°,424,488,"36,000", ,FlightAware ADS-B (PDV / LBPD)
TLV - VIE,Austrian Airlines,AUA862,A320,29/06/2023,Thu 09:28:34 PM,41.7404,23.2349,↖ 334°,423,487,"36,000", ,FlightAware ADS-B (PDV / LBPD)
TLV - VIE,Austrian Airlines,AUA862,A320,29/06/2023,Thu 09:29:04 PM,41.792,23.2009,↖ 334°,424,488,"35,975",-25,FlightAware ADS-B (LBSL)
TLV - VIE,Austrian Airlines,AUA862,A320,29/06/2023,Thu 09:29:34 PM,41.8461,23.1654,↖ 334°,425,489,"35,975",-25,FlightAware ADS-B (PDV / LBPD)
TLV - VIE,Austrian Airlines,AUA862,A320,29/06/2023,Thu 09:30:04 PM,41.8967,23.132,↖ 334°,425,489,"36,000",25,FlightAware ADS-B (SOF / LBSF)
TLV - VIE,Austrian Airlines,AUA862,A320,29/06/2023,Thu 09:30:35 PM,41.9532,23.0946,↖ 334°,425,489,"36,000",25,FlightAware ADS-B (PDV / LBPD)
TLV - VIE,Austrian Airlines,AUA862,A320,29/06/2023,Thu 09:31:05 PM,42.0038,23.0609,↖ 334°,425,489,"36,000", ,FlightAware ADS-B (SOF / LBSF)
TLV - VIE,Austrian Airlines,AUA862,A320,29/06/2023,Thu 09:31:35 PM,42.0564,23.0259,↖ 334°,425,489,"36,025",25,FlightAware ADS-B (SOF / LBSF)
TLV - VIE,Austrian Airlines,AUA862,A320,29/06/2023,Thu 09:32:05 PM,42.1097,22.9905,↖ 334°,424,488,"36,025",25,FlightAware ADS-B (SOF / LBSF)
TLV - VIE,Austrian Airlines,AUA862,A320,29/06/2023,Thu 09:32:35 PM,42.1624,22.9554,↖ 334°,422,486,"36,000",-25,FlightAware ADS-B (SOF / LBSF)
TLV - VIE,Austrian Airlines,AUA862,A320,29/06/2023,Thu 09:33:05 PM,42.2146,22.9205,↖ 334°,420,483,"36,025", ,FlightAware ADS-B (LBSL)
TLV - VIE,Austrian Airlines,AUA862,A320,29/06/2023,Thu 09:33:35 PM,42.2679,22.8849,↖ 334°,419,482,"36,025",25,FlightAware ADS-B (SOF / LBSF)
TLV - VIE,Austrian Airlines,AUA862,A320,29/06/2023,Thu 09:34:05 PM,42.3202,22.8499,↖ 334°,417,480,"36,000",-25,FlightAware ADS-B (SOF / LBSF)
TLV - VIE,Austrian Airlines,AUA862,A320,29/06/2023,Thu 09:34:35 PM,42.3717,22.8152,↖ 333°,417,480,"36,000",-24,FlightAware ADS-B (SOF / LBSF)
TLV - VIE,Austrian Airlines,AUA862,A320,29/06/2023,Thu 09:35:07 PM,42.4278,22.7773,↖ 333°,417,480,"35,975",-24,FlightAware ADS-B (SKG / LGTS)
TLV - VIE,Austrian Airlines,AUA862,A320,29/06/2023,Thu 09:35:37 PM,42.4784,22.7432,↖ 334°,417,480,"36,000", ,FlightAware ADS-B (BBU / LRBS)
TLV - VIE,Austrian Airlines,AUA862,A320,29/06/2023,Thu 09:36:08 PM,42.5323,22.7068,↖ 334°,417,480,"35,975", ,FlightAware ADS-B (PDV / LBPD)
TLV - VIE,Austrian Airlines,AUA862,A320,29/06/2023,Thu 09:36:38 PM,42.5826,22.6727,↖ 333°,416,479,"36,000", ,FlightAware ADS-B (SOF / LBSF)
TLV - VIE,Austrian Airlines,AUA862,A320,29/06/2023,Thu 09:37:10 PM,42.6378,22.6353,↖ 333°,416,479,"36,000",24,FlightAware ADS-B (SKP / LWSK)
TLV - VIE,Austrian Airlines,AUA862,A320,29/06/2023,Thu 09:37:41 PM,42.6918,22.5987,↖ 334°,416,479,"36,000", ,FlightAware ADS-B (SKP / LWSK)
TLV - VIE,Austrian Airlines,AUA862,A320,29/06/2023,Thu 09:38:11 PM,42.7442,22.5634,↖ 334°,415,478,"36,000", ,FlightAware ADS-B (SKP / LWSK)
TLV - VIE,Austrian Airlines,AUA862,A320,29/06/2023,Thu 09:38:42 PM,42.7955,22.5288,↖ 333°,415,478,"36,000", ,FlightAware ADS-B (SKP / LWSK)
TLV - VIE,Austrian Airlines,AUA862,A320,29/06/2023,Thu 09:39:12 PM,42.8486,22.4927,↖ 334°,414,476,"36,000", ,FlightAware ADS-B (PDV / LBPD)
TLV - VIE,Austrian Airlines,AUA862,A320,29/06/2023,Thu 09:39:43 PM,42.9009,22.4571,↖ 333°,414,476,"36,000", ,FlightAware ADS-B (LBLS)
TLV - VIE,Austrian Airlines,AUA862,A320,29/06/2023,Thu 09:40:13 PM,42.9519,22.4223,↖ 333°,413,475,"36,000", ,FlightAware ADS-B (SKP / LWSK)
TLV - VIE,Austrian Airlines,AUA862,A320,29/06/2023,Thu 09:40:43 PM,43.003,22.3875,↖ 334°,415,478,"36,000", ,FlightAware ADS-B (LBLS)
TLV - VIE,Austrian Airlines,AUA862,A320,29/06/2023,Thu 09:41:13 PM,43.0534,22.3532,↖ 334°,414,476,"36,000", ,FlightAware ADS-B (PDV / LBPD)
TLV - VIE,Austrian Airlines,AUA862,A320,29/06/2023,Thu 09:41:44 PM,43.1076,22.3161,↖ 333°,414,476,"36,000", ,FlightAware ADS-B (LBLS)
TLV - VIE,Austrian Airlines,AUA862,A320,29/06/2023,Thu 09:42:17 PM,43.1625,22.2784,↖ 333°,413,475,"36,000", ,FlightAware ADS-B (BBU / LRBS)
TLV - VIE,Austrian Airlines,AUA862,A320,29/06/2023,Thu 09:42:49 PM,43.2204,22.2386,↖ 333°,412,474,"36,000", ,FlightAware ADS-B (SKP / LWSK)
TLV - VIE,Austrian Airlines,AUA862,A320,29/06/2023,Thu 09:43:21 PM,43.2717,22.2034,↖ 333°,411,473,"36,000", ,FlightAware ADS-B (BEG / LYBE)
TLV - VIE,Austrian Airlines,AUA862,A320,29/06/2023,Thu 09:43:51 PM,43.3236,22.1675,↖ 333°,411,473,"36,000", ,FlightAware ADS-B (BEG / LYBE)
TLV - VIE,Austrian Airlines,AUA862,A320,29/06/2023,Thu 09:44:21 PM,43.3768,22.1306,↖ 333°,408,470,"36,025",25,FlightAware ADS-B (SOF / LBSF)
TLV - VIE,Austrian Airlines,AUA862,A320,29/06/2023,Thu 09:44:51 PM,43.428,22.0952,↖ 333°,407,468,"36,000", ,FlightAware ADS-B (SOF / LBSF)
TLV - VIE,Austrian Airlines,AUA862,A320,29/06/2023,Thu 09:45:21 PM,43.4788,22.0599,↖ 333°,407,468,"35,975",-50,FlightAware ADS-B (SOF / LBSF)
TLV - VIE,Austrian Airlines,AUA862,A320,29/06/2023,Thu 09:45:51 PM,43.5274,22.026,↖ 333°,406,467,"35,975",-25,FlightAware ADS-B (INI / LYNI)
TLV - VIE,Austrian Airlines,AUA862,A320,29/06/2023,Thu 09:46:21 PM,43.5785,21.9905,↖ 333°,407,468,"35,975", ,FlightAware ADS-B (INI / LYNI)
TLV - VIE,Austrian Airlines,AUA862,A320,29/06/2023,Thu 09:46:52 PM,43.6301,21.9545,↖ 333°,406,467,"36,000",25,FlightAware ADS-B (SOF / LBSF)
TLV - VIE,Austrian Airlines,AUA862,A320,29/06/2023,Thu 09:47:22 PM,43.6798,21.9198,↖ 333°,405,466,"36,000",25,FlightAware ADS-B (SOF / LBSF)
TLV - VIE,Austrian Airlines,AUA862,A320,29/06/2023,Thu 09:47:52 PM,43.7294,21.8851,↖ 333°,405,466,"36,000", ,FlightAware ADS-B (INI / LYNI)
TLV - VIE,Austrian Airlines,AUA862,A320,29/06/2023,Thu 09:48:22 PM,43.7808,21.8489,↖ 333°,405,466,"36,000", ,FlightAware ADS-B (SOF / LBSF)
TLV - VIE,Austrian Airlines,AUA862,A320,29/06/2023,Thu 09:48:52 PM,43.8307,21.8137,↖ 333°,404,465,"36,000", ,FlightAware ADS-B (SOF / LBSF)
TLV - VIE,Austrian Airlines,AUA862,A320,29/06/2023,Thu 09:49:22 PM,43.8786,21.7799,↖ 333°,406,467,"36,000", ,FlightAware ADS-B (OTP / LROP)
TLV - VIE,Austrian Airlines,AUA862,A320,29/06/2023,Thu 09:49:52 PM,43.9304,21.7434,↖ 333°,407,468,"36,000", ,FlightAware ADS-B (SOF / LBSF)
TLV - VIE,Austrian Airlines,AUA862,A320,29/06/2023,Thu 09:50:22 PM,43.9809,21.7076,↖ 333°,407,468,"36,000", ,FlightAware ADS-B (SOF / LBSF)
TLV - VIE,Austrian Airlines,AUA862,A320,29/06/2023,Thu 09:50:52 PM,44.0291,21.6736,↖ 333°,407,468,"36,000", ,FlightAware ADS-B (OTP / LROP)
TLV - VIE,Austrian Airlines,AUA862,A320,29/06/2023,Thu 09:51:23 PM,44.0811,21.6365,↖ 333°,407,468,"36,000", ,FlightAware ADS-B (SOF / LBSF)
TLV - VIE,Austrian Airlines,AUA862,A320,29/06/2023,Thu 09:51:53 PM,44.1321,21.6002,↖ 333°,406,467,"36,025",24,FlightAware ADS-B (LYSM)
TLV - VIE,Austrian Airlines,AUA862,A320,29/06/2023,Thu 09:52:26 PM,44.1869,21.5612,↖ 333°,405,466,"36,000", ,FlightAware ADS-B (TSR / LRTR)
TLV - VIE,Austrian Airlines,AUA862,A320,29/06/2023,Thu 09:52:56 PM,44.2369,21.5255,↖ 333°,404,465,"36,000",-25,FlightAware ADS-B (TSR / LRTR)
TLV - VIE,Austrian Airlines,AUA862,A320,29/06/2023,Thu 09:53:26 PM,44.2872,21.4897,↖ 333°,404,465,"36,000", ,FlightAware ADS-B (TSR / LRTR)
TLV - VIE,Austrian Airlines,AUA862,A320,29/06/2023,Thu 09:53:56 PM,44.3351,21.4554,↖ 333°,404,465,"36,000", ,FlightAware ADS-B (OTP / LROP)
TLV - VIE,Austrian Airlines,AUA862,A320,29/06/2023,Thu 09:54:27 PM,44.388,21.4173,↖ 333°,403,464,"36,000", ,FlightAware ADS-B (TSR / LRTR)
TLV - VIE,Austrian Airlines,AUA862,A320,29/06/2023,Thu 09:54:57 PM,44.439,21.3806,↖ 333°,404,465,"36,000", ,FlightAware ADS-B (BEG / LYBE)
TLV - VIE,Austrian Airlines,AUA862,A320,29/06/2023,Thu 09:55:26 PM,44.4816,21.3406,↖ 322°,403,464,"36,000", ,FlightAware ADS-B (BEG / LYBE)
TLV - VIE,Austrian Airlines,AUA862,A320,29/06/2023,Thu 09:55:57 PM,44.5293,21.288,↖ 322°,403,464,"36,000", ,FlightAware ADS-B (BEG / LYBE)
TLV - VIE,Austrian Airlines,AUA862,A320,29/06/2023,Thu 09:56:27 PM,44.5721,21.2412,↖ 322°,403,464,"36,000", ,FlightAware ADS-B (TSR / LRTR)
TLV - VIE,Austrian Airlines,AUA862,A320,29/06/2023,Thu 09:56:58 PM,44.6171,21.1921,↖ 322°,402,463,"36,000", ,FlightAware ADS-B (TSR / LRTR)
TLV - VIE,Austrian Airlines,AUA862,A320,29/06/2023,Thu 09:57:28 PM,44.6616,21.1436,↖ 322°,402,463,"36,000", ,FlightAware ADS-B (TSR / LRTR)
TLV - VIE,Austrian Airlines,AUA862,A320,29/06/2023,Thu 09:57:59 PM,44.706,21.0949,↖ 322°,402,463,"36,000", ,FlightAware ADS-B (TSR / LRTR)
TLV - VIE,Austrian Airlines,AUA862,A320,29/06/2023,Thu 09:58:29 PM,44.7507,21.0456,↖ 322°,402,463,"36,000", ,FlightAware ADS-B (TSR / LRTR)
TLV - VIE,Austrian Airlines,AUA862,A320,29/06/2023,Thu 09:58:59 PM,44.7946,20.9972,↖ 322°,401,461,"36,025",25,FlightAware ADS-B (TSR / LRTR)
TLV - VIE,Austrian Airlines,AUA862,A320,29/06/2023,Thu 09:59:29 PM,44.8384,20.9488,↖ 322°,399,459,"36,025",25,FlightAware ADS-B (TSR / LRTR)
TLV - VIE,Austrian Airlines,AUA862,A320,29/06/2023,Thu 09:59:59 PM,44.881,20.9016,↖ 322°,399,459,"36,000",-25,FlightAware ADS-B (LDOB)
TLV - VIE,Austrian Airlines,AUA862,A320,29/06/2023,Thu 10:00:30 PM,44.9255,20.8522,↖ 322°,398,458,"36,000",-25,FlightAware ADS-B (TSR / LRTR)
TLV - VIE,Austrian Airlines,AUA862,A320,29/06/2023,Thu 10:01:00 PM,44.9696,20.803,↖ 322°,399,459,"35,975",-25,FlightAware ADS-B (TSR / LRTR)
TLV - VIE,Austrian Airlines,AUA862,A320,29/06/2023,Thu 10:01:30 PM,45.0123,20.7555,↖ 322°,399,459,"35,975",-25,FlightAware ADS-B (LDOB)
TLV - VIE,Austrian Airlines,AUA862,A320,29/06/2023,Thu 10:02:00 PM,45.0556,20.7073,↖ 322°,399,459,"36,000",25,FlightAware ADS-B (BEG / LYBE)
TLV - VIE,Austrian Airlines,AUA862,A320,29/06/2023,Thu 10:02:30 PM,45.0986,20.6591,↖ 322°,401,461,"36,000",25,FlightAware ADS-B (BEG / LYBE)
TLV - VIE,Austrian Airlines,AUA862,A320,29/06/2023,Thu 10:03:00 PM,45.1436,20.609,↖ 322°,401,461,"36,000", ,FlightAware ADS-B (BEG / LYBE)
TLV - VIE,Austrian Airlines,AUA862,A320,29/06/2023,Thu 10:03:30 PM,45.1863,20.561,↖ 322°,402,463,"36,000", ,FlightAware ADS-B (TSR / LRTR)
TLV - VIE,Austrian Airlines,AUA862,A320,29/06/2023,Thu 10:04:00 PM,45.2304,20.5114,↖ 322°,402,463,"36,000", ,FlightAware ADS-B (TSR / LRTR)
TLV - VIE,Austrian Airlines,AUA862,A320,29/06/2023,Thu 10:04:31 PM,45.2747,20.4615,↖ 322°,403,464,"36,000", ,FlightAware ADS-B (TSR / LRTR)
TLV - VIE,Austrian Airlines,AUA862,A320,29/06/2023,Thu 10:05:01 PM,45.3194,20.4113,↖ 322°,403,464,"36,000", ,FlightAware ADS-B (TSR / LRTR)
TLV - VIE,Austrian Airlines,AUA862,A320,29/06/2023,Thu 10:05:31 PM,45.3629,20.3619,↖ 321°,404,465,"36,000", ,FlightAware ADS-B (TSR / LRTR)
TLV - VIE,Austrian Airlines,AUA862,A320,29/06/2023,Thu 10:06:02 PM,45.4069,20.312,↖ 321°,405,466,"36,000", ,FlightAware ADS-B (BEG / LYBE)
TLV - VIE,Austrian Airlines,AUA862,A320,29/06/2023,Thu 10:06:32 PM,45.4511,20.2618,↖ 321°,405,466,"36,000", ,FlightAware ADS-B (TSR / LRTR)
TLV - VIE,Austrian Airlines,AUA862,A320,29/06/2023,Thu 10:07:02 PM,45.4951,20.2118,↖ 321°,405,466,"36,000", ,FlightAware ADS-B (TSR / LRTR)
TLV - VIE,Austrian Airlines,AUA862,A320,29/06/2023,Thu 10:07:33 PM,45.5424,20.1579,↖ 321°,405,466,"36,000", ,FlightAware ADS-B (BEG / LYBE)
TLV - VIE,Austrian Airlines,AUA862,A320,29/06/2023,Thu 10:08:03 PM,45.5849,20.1093,↖ 321°,407,468,"36,000", ,FlightAware ADS-B (TSR / LRTR)
TLV - VIE,Austrian Airlines,AUA862,A320,29/06/2023,Thu 10:08:34 PM,45.6308,20.0569,↖ 321°,407,468,"36,000", ,FlightAware ADS-B (BEG / LYBE)
TLV - VIE,Austrian Airlines,AUA862,A320,29/06/2023,Thu 10:09:04 PM,45.6734,20.0078,↖ 321°,408,470,"36,000", ,FlightAware ADS-B (TSR / LRTR)
TLV - VIE,Austrian Airlines,AUA862,A320,29/06/2023,Thu 10:09:34 PM,45.7191,19.9552,↖ 321°,408,470,"36,000", ,FlightAware ADS-B (BEG / LYBE)
TLV - VIE,Austrian Airlines,AUA862,A320,29/06/2023,Thu 10:10:04 PM,45.7616,19.9062,↖ 321°,408,470,"36,000", ,FlightAware ADS-B (TSR / LRTR)
TLV - VIE,Austrian Airlines,AUA862,A320,29/06/2023,Thu 10:10:34 PM,45.8073,19.8534,↖ 321°,408,470,"36,000", ,FlightAware ADS-B (BEG / LYBE)
TLV - VIE,Austrian Airlines,AUA862,A320,29/06/2023,Thu 10:11:04 PM,45.8509,19.8029,↖ 321°,408,470,"36,000", ,FlightAware ADS-B (BEG / LYBE)
TLV - VIE,Austrian Airlines,AUA862,A320,29/06/2023,Thu 10:11:34 PM,45.8925,19.7547,↖ 321°,408,470,"36,000", ,FlightAware ADS-B (BEG / LYBE)
TLV - VIE,Austrian Airlines,AUA862,A320,29/06/2023,Thu 10:12:04 PM,45.9373,19.7027,↖ 321°,407,468,"36,000", ,FlightAware ADS-B (BEG / LYBE)
TLV - VIE,Austrian Airlines,AUA862,A320,29/06/2023,Thu 10:12:34 PM,45.9817,19.651,↖ 321°,407,468,"36,000", ,FlightAware ADS-B (ARW / LRAR)
TLV - VIE,Austrian Airlines,AUA862,A320,29/06/2023,Thu 10:13:04 PM,46.0241,19.6014,↖ 321°,407,468,"36,000", ,FlightAware ADS-B (BTS / LZIB)
TLV - VIE,Austrian Airlines,AUA862,A320,29/06/2023,Thu 10:13:35 PM,46.0707,19.5469,↖ 321°,407,468,"36,000", ,FlightAware ADS-B (BEG / LYBE)
TLV - VIE,Austrian Airlines,AUA862,A320,29/06/2023,Thu 10:14:06 PM,46.1156,19.4942,↖ 321°,407,468,"36,000", ,FlightAware ADS-B (ARW / LRAR)
TLV - VIE,Austrian Airlines,AUA862,A320,29/06/2023,Thu 10:14:37 PM,46.1585,19.444,↖ 321°,407,468,"36,000", ,FlightAware ADS-B (BTS / LZIB)
TLV - VIE,Austrian Airlines,AUA862,A320,29/06/2023,Thu 10:15:08 PM,46.2059,19.388,↖ 321°,407,468,"36,000", ,FlightAware ADS-B (TSR / LRTR)
TLV - VIE,Austrian Airlines,AUA862,A320,29/06/2023,Thu 10:15:39 PM,46.2504,19.3356,↖ 321°,406,467,"36,000", ,FlightAware ADS-B (TSR / LRTR)
TLV - VIE,Austrian Airlines,AUA862,A320,29/06/2023,Thu 10:16:09 PM,46.2936,19.2846,↖ 321°,406,467,"36,000", ,FlightAware ADS-B (TSR / LRTR)
TLV - VIE,Austrian Airlines,AUA862,A320,29/06/2023,Thu 10:16:39 PM,46.3376,19.2324,↖ 321°,406,467,"36,000", ,FlightAware ADS-B (TSR / LRTR)
TLV - VIE,Austrian Airlines,AUA862,A320,29/06/2023,Thu 10:17:09 PM,46.3821,19.1796,↖ 321°,407,468,"35,975",-25,FlightAware ADS-B (TSR / LRTR)
TLV - VIE,Austrian Airlines,AUA862,A320,29/06/2023,Thu 10:17:39 PM,46.4257,19.1277,↖ 321°,408,470,"36,000", ,FlightAware ADS-B (TSR / LRTR)
TLV - VIE,Austrian Airlines,AUA862,A320,29/06/2023,Thu 10:18:09 PM,46.4676,19.0776,↖ 321°,408,470,"36,000",25,FlightAware ADS-B (BTS / LZIB)
TLV - VIE,Austrian Airlines,AUA862,A320,29/06/2023,Thu 10:18:39 PM,46.5108,19.0262,↖ 321°,410,472,"36,000", ,FlightAware ADS-B (BTS / LZIB)
TLV - VIE,Austrian Airlines,AUA862,A320,29/06/2023,Thu 10:19:09 PM,46.5553,18.9729,↖ 320°,411,473,"36,000", ,FlightAware ADS-B (TSR / LRTR)
TLV - VIE,Austrian Airlines,AUA862,A320,29/06/2023,Thu 10:19:39 PM,46.601,18.918,↖ 320°,411,473,"36,000", ,FlightAware ADS-B (LOLG)
TLV - VIE,Austrian Airlines,AUA862,A320,29/06/2023,Thu 10:20:09 PM,46.642,18.8686,↖ 320°,411,473,"36,025",25,FlightAware ADS-B (BUD / LHBP)
TLV - VIE,Austrian Airlines,AUA862,A320,29/06/2023,Thu 10:20:39 PM,46.6863,18.8152,↖ 320°,411,473,"36,000", ,FlightAware ADS-B (LZNI)
TLV - VIE,Austrian Airlines,AUA862,A320,29/06/2023,Thu 10:21:09 PM,46.7309,18.7614,↖ 320°,410,472,"36,000",-25,FlightAware ADS-B (SOB / LHSM)
TLV - VIE,Austrian Airlines,AUA862,A320,29/06/2023,Thu 10:21:39 PM,46.7746,18.7084,↖ 320°,409,471,"35,850",-150,FlightAware ADS-B (LZNI)
TLV - VIE,Austrian Airlines,AUA862,A320,29/06/2023,Thu 10:22:09 PM,46.8181,18.6556,↖ 320°,407,468,"35,525",-475,FlightAware ADS-B (LOAS)
TLV - VIE,Austrian Airlines,AUA862,A320,29/06/2023,Thu 10:22:39 PM,46.8607,18.6037,↖ 320°,409,471,"35,125",-725,FlightAware ADS-B (VIE / LOWW)
TLV - VIE,Austrian Airlines,AUA862,A320,29/06/2023,Thu 10:23:09 PM,46.9038,18.5512,↖ 320°,413,475,"34,975",-550,FlightAware ADS-B (LKPJ)
TLV - VIE,Austrian Airlines,AUA862,A320,29/06/2023,Thu 10:23:39 PM,46.9499,18.4948,↖ 320°,413,475,"34,700",-425,FlightAware ADS-B (VIE / LOWW)
TLV - VIE,Austrian Airlines,AUA862,A320,29/06/2023,Thu 10:24:09 PM,46.9938,18.4411,↖ 320°,410,472,"34,400",-651,FlightAware ADS-B (VIE / LOWW)
TLV - VIE,Austrian Airlines,AUA862,A320,29/06/2023,Thu 10:24:32 PM,47.0221,18.4062,↖ 321°,413,475,"33,700",-923,FlightAware ADS-B (BUD / LHBP)
TLV - VIE,Austrian Airlines,AUA862,A320,29/06/2023,Thu 10:25:14 PM,47.0868,18.3267,↖ 320°,415,478,"33,350","-1,016",FlightAware ADS-B (LHEM)
TLV - VIE,Austrian Airlines,AUA862,A320,29/06/2023,Thu 10:25:34 PM,47.1159,18.2908,↖ 320°,415,478,"32,175","-1,830",FlightAware ADS-B (BUD / LHBP)
TLV - VIE,Austrian Airlines,AUA862,A320,29/06/2023,Thu 10:26:04 PM,47.1596,18.237,↖ 320°,422,486,"30,375","-2,926",FlightAware ADS-B (VIE / LOWW)
TLV - VIE,Austrian Airlines,AUA862,A320,29/06/2023,Thu 10:26:35 PM,47.2054,18.1804,↖ 320°,431,496,"28,350","-3,762",FlightAware ADS-B (LHEM)
TLV - VIE,Austrian Airlines,AUA862,A320,29/06/2023,Thu 10:27:05 PM,47.25,18.125,↖ 320°,437,503,"27,175","-3,200",FlightAware ADS-B (LZPT)
TLV - VIE,Austrian Airlines,AUA862,A320,29/06/2023,Thu 10:27:35 PM,47.2958,18.0679,↖ 320°,446,513,"26,425","-2,139",FlightAware ADS-B (LHBS)
TLV - VIE,Austrian Airlines,AUA862,A320,29/06/2023,Thu 10:27:59 PM,47.3295,18.026,↖ 321°,435,501,"25,000","-2,417",FlightAware ADS-B (VIE / LOWW)
TLV - VIE,Austrian Airlines,AUA862,A320,29/06/2023,Thu 10:28:29 PM,47.3806,17.9621,↖ 320°,428,493,"23,950","-2,700",FlightAware ADS-B (LOGH)
TLV - VIE,Austrian Airlines,AUA862,A320,29/06/2023,Thu 10:28:54 PM,47.4173,17.9161,↖ 321°,423,487,"22,350","-2,891",FlightAware ADS-B (VIE / LOWW)
TLV - VIE,Austrian Airlines,AUA862,A320,29/06/2023,Thu 10:29:24 PM,47.4638,17.8577,↖ 320°,419,482,"20,850","-3,100",FlightAware ADS-B (LHUD)
TLV - VIE,Austrian Airlines,AUA862,A320,29/06/2023,Thu 10:29:54 PM,47.5076,17.8025,↖ 320°,414,476,"19,325","-3,025",FlightAware ADS-B (BTS / LZIB)
TLV - VIE,Austrian Airlines,AUA862,A320,29/06/2023,Thu 10:30:24 PM,47.5503,17.7486,↖ 319°,409,471,"17,875","-2,975",FlightAware ADS-B (BTS / LZIB)
TLV - VIE,Austrian Airlines,AUA862,A320,29/06/2023,Thu 10:30:54 PM,47.5936,17.6939,↖ 320°,407,468,"16,600","-2,973",FlightAware ADS-B (VIE / LOWW)
TLV - VIE,Austrian Airlines,AUA862,A320,29/06/2023,Thu 10:31:19 PM,47.6319,17.6452,↖ 318°,399,459,"16,050","-2,433",FlightAware ADS-B (LOAS)
TLV - VIE,Austrian Airlines,AUA862,A320,29/06/2023,Thu 10:31:39 PM,47.655,17.6072,← 309°,382,440,"15,200","-1,680",FlightAware ADS-B (BUD / LHBP)
TLV - VIE,Austrian Airlines,AUA862,A320,29/06/2023,Thu 10:32:09 PM,47.6905,17.5404,← 308°,372,428,"14,900","-1,500",FlightAware ADS-B (BTS / LZIB)
TLV - VIE,Austrian Airlines,AUA862,A320,29/06/2023,Thu 10:32:25 PM,47.7025,17.518,← 310°,361,415,"14,325","-1,346",FlightAware ADS-B (VIE / LOWW)
TLV - VIE,Austrian Airlines,AUA862,A320,29/06/2023,Thu 10:32:48 PM,47.731,17.4655,← 310°,346,398,"13,600","-1,472",FlightAware ADS-B (LZPE)
TLV - VIE,Austrian Airlines,AUA862,A320,29/06/2023,Thu 10:33:18 PM,47.7613,17.4095,← 309°,337,388,"13,075","-1,442",FlightAware ADS-B (BTS / LZIB)
TLV - VIE,Austrian Airlines,AUA862,A320,29/06/2023,Thu 10:33:40 PM,47.7812,17.3725,← 309°,327,376,"12,250","-1,528",FlightAware ADS-B (VIE / LOWW)
TLV - VIE,Austrian Airlines,AUA862,A320,29/06/2023,Thu 10:34:11 PM,47.8097,17.3195,← 309°,315,362,"11,575","-1,475",FlightAware ADS-B (VIE / LOWW)
TLV - VIE,Austrian Airlines,AUA862,A320,29/06/2023,Thu 10:34:41 PM,47.8397,17.2636,← 308°,307,353,"10,850","-1,400",FlightAware ADS-B (PZY / LZPP)
TLV - VIE,Austrian Airlines,AUA862,A320,29/06/2023,Thu 10:35:11 PM,47.8661,17.2142,← 309°,293,337,"10,325","-1,250",FlightAware ADS-B (BTS / LZIB)
TLV - VIE,Austrian Airlines,AUA862,A320,29/06/2023,Thu 10:35:41 PM,47.8925,17.1647,← 308°,284,327,"9,975","-1,050",FlightAware ADS-B (LZNI)
TLV - VIE,Austrian Airlines,AUA862,A320,29/06/2023,Thu 10:36:01 PM,47.9098,17.1321,← 308°,278,320,"9,575",-938,FlightAware ADS-B (BTS / LZIB)
TLV - VIE,Austrian Airlines,AUA862,A320,29/06/2023,Thu 10:36:29 PM,47.9312,17.0921,← 309°,274,315,"9,050",-957,FlightAware ADS-B (VIE / LOWW)
TLV - VIE,Austrian Airlines,AUA862,A320,29/06/2023,Thu 10:36:59 PM,47.9558,17.0458,← 308°,264,304,"8,575","-1,000",FlightAware ADS-B (LHFM)
TLV - VIE,Austrian Airlines,AUA862,A320,29/06/2023,Thu 10:37:29 PM,47.9793,17.0014,← 308°,260,299,"8,125",-925,FlightAware ADS-B (LOAS)
TLV - VIE,Austrian Airlines,AUA862,A320,29/06/2023,Thu 10:37:59 PM,48.0015,16.9594,← 308°,264,304,"7,775",-889,FlightAware ADS-B (BTS / LZIB)
TLV - VIE,Austrian Airlines,AUA862,A320,29/06/2023,Thu 10:38:23 PM,48.0192,16.9261,← 310°,265,305,"7,500",-893,FlightAware ADS-B (VIE / LOWW)
TLV - VIE,Austrian Airlines,AUA862,A320,29/06/2023,Thu 10:38:41 PM,48.0335,16.906,↖ 321°,268,308,"7,175",-973,FlightAware ADS-B (VIE / LOWW)
TLV - VIE,Austrian Airlines,AUA862,A320,29/06/2023,Thu 10:39:00 PM,48.0537,16.8805,↖ 321°,275,316,"6,625","-1,071",FlightAware ADS-B (VIE / LOWW)
TLV - VIE,Austrian Airlines,AUA862,A320,29/06/2023,Thu 10:39:30 PM,48.0816,16.8453,↖ 320°,278,320,"6,150","-1,079",FlightAware ADS-B (BTS / LZIB)
TLV - VIE,Austrian Airlines,AUA862,A320,29/06/2023,Thu 10:39:57 PM,48.1078,16.8119,↖ 319°,275,316,"5,525","-1,158",FlightAware ADS-B (VIE / LOWW)
TLV - VIE,Austrian Airlines,AUA862,A320,29/06/2023,Thu 10:40:27 PM,48.1373,16.7741,↖ 319°,277,319,"5,025","-1,125",FlightAware ADS-B (BTS / LZIB)
TLV - VIE,Austrian Airlines,AUA862,A320,29/06/2023,Thu 10:40:57 PM,48.1665,16.7366,↖ 319°,275,316,"4,600","-1,009",FlightAware ADS-B (OLO / LKOL)
TLV - VIE,Austrian Airlines,AUA862,A320,29/06/2023,Thu 10:41:22 PM,48.1908,16.7063,↖ 324°,271,312,"4,300","-1,012",FlightAware ADS-B (BTS / LZIB)
TLV - VIE,Austrian Airlines,AUA862,A320,29/06/2023,Thu 10:41:40 PM,48.2117,16.6879,↖ 331°,265,305,"4,050",-971,FlightAware ADS-B (BRQ / LKTB)
TLV - VIE,Austrian Airlines,AUA862,A320,29/06/2023,Thu 10:41:56 PM,48.2271,16.6753,↖ 332°,256,295,"3,650","-1,000",FlightAware ADS-B (VIE / LOWW)
TLV - VIE,Austrian Airlines,AUA862,A320,29/06/2023,Thu 10:42:19 PM,48.2516,16.6548,↖ 331°,249,287,"3,350","-1,000",FlightAware ADS-B (VIE / LOWW)
TLV - VIE,Austrian Airlines,AUA862,A320,29/06/2023,Thu 10:42:38 PM,48.2713,16.6384,↖ 331°,249,287,"3,075",-958,FlightAware ADS-B (VIE / LOWW)
TLV - VIE,Austrian Airlines,AUA862,A320,29/06/2023,Thu 10:42:55 PM,48.2872,16.6232,↖ 321°,230,265,"2,975",-662,FlightAware ADS-B (VIE / LOWW)
TLV - VIE,Austrian Airlines,AUA862,A320,29/06/2023,Thu 10:43:12 PM,48.2966,16.5986,← 286°,206,237,"2,950",-221,FlightAware ADS-B (VIE / LOWW)
TLV - VIE,Austrian Airlines,AUA862,A320,29/06/2023,Thu 10:43:29 PM,48.2958,16.5758,← 255°,196,226,"3,000",44,FlightAware ADS-B (VIE / LOWW)
TLV - VIE,Austrian Airlines,AUA862,A320,29/06/2023,Thu 10:43:46 PM,48.2887,16.5516,↙ 244°,187,215,"2,900",-86,FlightAware ADS-B (BTS / LZIB)
TLV - VIE,Austrian Airlines,AUA862,A320,29/06/2023,Thu 10:44:04 PM,48.277,16.5385,↙ 201°,186,214,"2,800",-316,FlightAware ADS-B (VIE / LOWW)
TLV - VIE,Austrian Airlines,AUA862,A320,29/06/2023,Thu 10:44:24 PM,48.2612,16.5317,↓ 195°,185,213,"2,725",-284,FlightAware ADS-B (VIE / LOWW)
TLV - VIE,Austrian Airlines,AUA862,A320,29/06/2023,Thu 10:44:41 PM,48.2467,16.5274,↓ 181°,185,213,"2,625",-292,FlightAware ADS-B (VIE / LOWW)
TLV - VIE,Austrian Airlines,AUA862,A320,29/06/2023,Thu 10:45:00 PM,48.2301,16.5321,↓ 167°,180,207,"2,300",-520,FlightAware ADS-B (BTS / LZIB)
TLV - VIE,Austrian Airlines,AUA862,A320,29/06/2023,Thu 10:45:30 PM,48.206,16.5417,↓ 164°,163,188,"1,825",-800,FlightAware ADS-B (LOXN)
TLV - VIE,Austrian Airlines,AUA862,A320,29/06/2023,Thu 10:46:00 PM,48.1823,16.5517,↓ 164°,162,186,"1,825",-891,FlightAware ADS-B (VIE / LOWW)
TLV - VIE,Austrian Airlines,AUA862,A320,29/06/2023,Thu 10:46:02 PM,48.1816,16.552,↓ 164°,133,153,"1,075",-703,Surface and Near-Surface
TLV - VIE,Austrian Airlines,AUA862,A320,29/06/2023,Thu 10:47:04 PM,48.1429,16.5684,↓ 164°,132,152,875,-731,FlightAware ADS-B (VIE / LOWW)
TLV - VIE,Austrian Airlines,AUA862,A320,29/06/2023,Thu 10:47:20 PM,48.1332,16.5725,↓ 164°,131,151,700,-703,FlightAware ADS-B (VIE / LOWW)
TLV - VIE,Austrian Airlines,AUA862,A320,29/06/2023,Thu 10:47:36 PM,48.124,16.5764,↓ 164°,126,145,550,-609,FlightAware ADS-B (LOAM)
TLV - VIE,Austrian Airlines,AUA862,A320,29/06/2023,Thu 10:47:52 PM,48.1146,16.5804,↓ 164°,,,,-563,FlightAware ADS-B (VIE / LOWW)
